baseMean,log2FoldChange,lfcSE,stat,pvalue,padj,gene_id,gene_symbol,ensembl_id
14.0213597709833,2.25121523121948,0.702380460137226,3.2051222364296,0.0013500513318339,0.0081608801319766,ENSG00000129673.10,AANAT,ENSG00000129673.10
72.3954339987291,2.67826449873443,0.442043697738678,6.05882294541327,1.3712122160395101e-09,2.62550156469475e-08,ENSG00000198691.14,ABCA4,ENSG00000198691.14
103.881618322326,2.15304297143479,0.277889183104262,7.74784735189558,9.34633972633384e-15,3.0458620560349e-13,ENSG00000121270.16,ABCC11,ENSG00000121270.16
94.3390877934741,6.39030113622451,0.662626609504813,9.64389453209559,5.21702552546924e-22,2.87021928909422e-20,ENSG00000140798.17,ABCC12,ENSG00000140798.17
13229.110756437,1.63686926151745,0.205856439762608,7.95150865042196,1.84253753178176e-15,6.36287329497246e-14,ENSG00000108846.16,ABCC3,ENSG00000108846.16
77.6865330265074,4.54885002416834,0.436494887798608,10.4213134021105,1.9819704312056202e-25,1.3425031273098402e-23,ENSG00000163995.21,ABLIM2,ENSG00000163995.21
164.23584142088,2.66247019678755,0.254301756337729,10.469727913525,1.18984504709182e-25,8.16437170231258e-24,ENSG00000144476.6,ACKR3,ENSG00000144476.6
239.444864972908,2.5283625736046,0.208229859809842,12.1421710407601,6.3128483879445195e-34,6.58319522851299e-32,ENSG00000197142.11,ACSL5,ENSG00000197142.11
33.8807076044212,2.73793760099492,0.576362169803378,4.75037701022076,2.03037752756329e-06,2.39467785327561e-05,ENSG00000164398.15,ACSL6,ENSG00000164398.15
24.4876690160276,4.41677966750632,0.748429586810656,5.90139639765967,3.6043773473033605e-09,6.4938601343607e-08,ENSG00000140470.15,ADAMTS17,ENSG00000140470.15
1295.31514314442,1.71574076505397,0.147271108954819,11.6502196339157,2.2886818937117503e-31,2.10695712688935e-29,ENSG00000020181.18,ADGRA2,ENSG00000020181.18
39.2469134214403,4.21391375886583,0.615031398269704,6.85154249152324,7.305789059316709e-12,1.83345009458692e-10,ENSG00000159618.16,ADGRG5,ENSG00000159618.16
394.796698068611,1.68085593670689,0.216314307815185,7.77043346639364,7.821798999118241e-15,2.5689460129132497e-13,ENSG00000112414.15,ADGRG6,ENSG00000112414.15
101.983873184895,3.8736918982965,0.355871026763715,10.8851005194881,1.35748780716798e-27,1.04185072535162e-25,ENSG00000169252.6,ADRB2,ENSG00000169252.6
554.993243673323,4.26957011491388,0.29403068338384,14.5208318593751,8.94184747900001e-48,1.8137211073338702e-45,ENSG00000169129.16,AFAP1L2,ENSG00000169129.16
3394.4539252633,2.11728620762355,0.137666384073742,15.3798345316414,2.23518145024296e-53,5.65164098747733e-51,ENSG00000106351.13,AGFG2,ENSG00000106351.13
12860.0724995636,1.73883246509879,0.182167870071593,9.54522037511567,1.3581853029187301e-21,7.36252109288516e-20,ENSG00000085662.14,AKR1B1,ENSG00000085662.14
1785.32486700228,4.75796556795603,0.215571657970604,22.0713873648679,5.95364813032278e-108,8.1401805325554e-105,ENSG00000198074.10,AKR1B10,ENSG00000198074.10
111.965757896635,3.38607585749626,0.343247943838496,9.86481031650249,5.91461334978246e-23,3.4439095649932e-21,ENSG00000111275.13,ALDH2,ENSG00000111275.13
35.3086723709045,3.45090799978714,0.565386347604684,6.10362810210622,1.0368739141183402e-09,2.02739604944877e-08,ENSG00000108602.18,ALDH3A1,ENSG00000108602.18
18.8833044293099,1.85771388743827,0.577304809888746,3.21790821004293,0.0012912913458829,0.0078455620548688,ENSG00000132965.10,ALOX5AP,ENSG00000132965.10
37.4994759004358,3.1765482805428,0.593524596898789,5.35200781423466,8.69836416182304e-08,1.27857411270801e-06,ENSG00000162551.14,ALPL,ENSG00000162551.14
399.937857416696,2.98616227109217,0.218694222757451,13.6545091746848,1.89763606070848e-42,3.07250582531202e-40,ENSG00000052850.8,ALX4,ENSG00000052850.8
241.736303871754,3.48540865061957,0.286172381049104,12.1794026308273,4.00202311368748e-34,4.22110529328248e-32,ENSG00000131620.18,ANO1,ENSG00000131620.18
1202.64426928613,1.50999642908776,0.232020766544252,6.50802275838426,7.614638427321119e-11,1.7192782396512901e-09,ENSG00000198768.11,APCDD1L,ENSG00000198768.11
718.121376680003,2.29039237480119,0.2487704392195,9.20685103096306,3.3583229574389003e-20,1.65081025694826e-18,ENSG00000239713.9,APOBEC3G,ENSG00000239713.9
4.66261296325523,5.52006992980841,1.57412310857773,3.50675871520365,0.000453600250216,0.0031708212151064,ENSG00000130208.10,APOC1,ENSG00000130208.10
114.534964005632,2.84657682365204,0.314826790851929,9.04172359648658,1.5422063041943502e-19,7.24326818392347e-18,ENSG00000130203.10,APOE,ENSG00000130203.10
1442.36302447498,1.56460772771438,0.202916234854164,7.71060890637394,1.25218845239478e-14,4.0548937639127797e-13,ENSG00000100342.22,APOL1,ENSG00000100342.22
511.717271621728,3.5535789232815,0.292267356902088,12.1586582947475,5.159918941337e-34,5.39613506057781e-32,ENSG00000165272.16,AQP3,ENSG00000165272.16
172.526529299339,1.54768812516245,0.328549061942115,4.71067583031216,2.46896684400354e-06,2.87068913427511e-05,ENSG00000089820.17,ARHGAP4,ENSG00000089820.17
30.7603762543582,2.13528794047058,0.463264393724364,4.60922093171065,4.04180654154044e-06,4.53104555989999e-05,ENSG00000072182.14,ASIC4,ENSG00000072182.14
91.5923535517777,2.29473329564853,0.346116533351224,6.62994417929157,3.3581383881729496e-11,7.86605563057061e-10,ENSG00000174939.11,ASPHD1,ENSG00000174939.11
603.219702683262,3.21419786606548,0.178745903892638,17.9819385847078,2.6988905994847e-72,1.46518007897908e-69,ENSG00000130707.18,ASS1,ENSG00000130707.18
29.4706225295583,1.6222270519341,0.482736034766499,3.36048468542188,0.0007780584413455,0.0050399728760679,ENSG00000167654.18,ATCAY,ENSG00000167654.18
28.2762177182963,2.23679948168006,0.512255930042742,4.36656630113277,1.26214987909162e-05,0.0001277935406926,ENSG00000181652.20,ATG9B,ENSG00000181652.20
207.42747640372,5.05816942404659,0.335301468150763,15.0854377463455,2.01930928414436e-51,4.63011313872503e-49,ENSG00000018625.15,ATP1A2,ENSG00000018625.15
54.8001334529683,2.76501774561424,0.38851734609627,7.11684503509684,1.10425519772148e-12,2.98861326093007e-11,ENSG00000074370.18,ATP2A3,ENSG00000074370.18
715.9480758056,4.92365835070003,0.249835728334194,19.707582992749,1.85623655185741e-86,1.4276005947576699e-83,ENSG00000157087.20,ATP2B2,ENSG00000157087.20
48.4973782002815,2.11049250926418,0.399231981745052,5.28638136664094,1.24759660948205e-07,1.78859325963648e-06,ENSG00000124406.17,ATP8A1,ENSG00000124406.17
243.269910036312,2.57813145635486,0.303358417954161,8.4986316639627,1.91838573673544e-17,7.65886357997905e-16,ENSG00000168646.14,AXIN2,ENSG00000168646.14
103.626372742532,3.47636344816027,0.327279881531581,10.6219894479668,2.3548804748249003e-26,1.6847435583069e-24,ENSG00000183778.19,B3GALT5,ENSG00000183778.19
61.2184858454313,2.16992992552249,0.393618871686063,5.5127690301728,3.53231656642921e-08,5.49511160414247e-07,ENSG00000176788.9,BASP1,ENSG00000176788.9
2133.52001499164,2.10343917344963,0.150793652791671,13.9491227548923,3.18498758822406e-44,5.5460849908905393e-42,ENSG00000153094.24,BCL2L11,ENSG00000153094.24
23.6718141006119,2.00517739569339,0.516556844895201,3.88181361937077,0.0001036803295501,0.0008579831978645,ENSG00000161940.11,BCL6B,ENSG00000161940.11
143.105839469152,4.32440504531365,0.331720194901158,13.0363032211596,7.60562659662344e-39,1.05552372722162e-36,ENSG00000168398.7,BDKRB2,ENSG00000168398.7
2324.64765386411,5.82786787211483,0.240342768312856,24.248151558813,6.91580761193708e-130,1.96387656770976e-126,ENSG00000182492.16,BGN,ENSG00000182492.16
31.4199460317455,6.38602388723918,1.09185071146845,5.84880681961592,4.95111691632017e-09,8.73687533856956e-08,ENSG00000136573.15,BLK,ENSG00000136573.15
60.2624065209594,2.75152890834274,0.360785402268256,7.62649733343946,2.41217915449507e-14,7.65675027234223e-13,ENSG00000125378.16,BMP4,ENSG00000125378.16
72.2336995875269,5.11480214243179,0.560042922203849,9.13287524874757,6.670370890289051e-20,3.2315408370854397e-18,ENSG00000101144.13,BMP7,ENSG00000101144.13
71.6949833645041,2.67445328050488,0.374544422849956,7.14055027212692,9.29580253267539e-13,2.5457258627317898e-11,ENSG00000176720.6,BOK,ENSG00000176720.6
214.639672359923,2.16149458854383,0.277739869450587,7.78244258852575,7.113748982600091e-15,2.35525701741403e-13,ENSG00000197405.8,C5AR1,ENSG00000197405.8
29.6536528187841,1.99706510757827,0.476195260992673,4.19379458631151,2.74326417095553e-05,0.0002594679480783,ENSG00000167434.10,CA4,ENSG00000167434.10
3694.37412868022,2.8279145664906,0.21759274146885,12.9963644347734,1.28298957937619e-38,1.7349026854304498e-36,ENSG00000107159.14,CA9,ENSG00000107159.14
27.3555416281528,1.50066332460312,0.449868667535195,3.33578093541203,0.0008506016178016,0.005442081338434,ENSG00000141837.22,CACNA1A,ENSG00000141837.22
13.4258197190597,2.84166091711768,0.78079677951408,3.63943729235943,0.0002732344628384,0.002041846848207,ENSG00000148408.14,CACNA1B,ENSG00000148408.14
218.217090415417,6.26159408080742,0.43532329327298,14.3837790845732,6.5422436096614e-47,1.27784902166275e-44,ENSG00000100346.18,CACNA1I,ENSG00000100346.18
70.8400639500044,1.73856920763572,0.31093745849676,5.59137910254011,2.2527312227316e-08,3.60945424558853e-07,ENSG00000151062.15,CACNA2D4,ENSG00000151062.15
22.7840639461998,1.70350044284097,0.518877986187351,3.28304628099195,0.0010269180490733,0.0064292415230991,ENSG00000105605.8,CACNG7,ENSG00000105605.8
25.04197540624,3.99920134816949,0.688007780338202,5.81272692323859,6.1463281294192e-09,1.07128351853465e-07,ENSG00000172137.19,CALB2,ENSG00000172137.19
88.8817725004199,6.89178378821057,0.768570824405208,8.96701197777586,3.04666994098611e-19,1.4023798945317102e-17,ENSG00000183128.7,CALHM3,ENSG00000183128.7
572.55024639336,1.76015882502052,0.194911937008904,9.03053374786434,1.7083648546525302e-19,7.993155510057369e-18,ENSG00000183049.14,CAMK1D,ENSG00000183049.14
34.0255179667173,2.55699205360998,0.512074548150986,4.99339805667523,5.93261066402407e-07,7.70884390260868e-06,ENSG00000008118.10,CAMK1G,ENSG00000008118.10
53.9480400314826,3.23873035441543,0.4451400481645,7.27575595089698,3.4448587270118997e-13,9.85817091212181e-12,ENSG00000058404.21,CAMK2B,ENSG00000058404.21
733.842474760341,1.84485975663462,0.173289180348504,10.6461335492753,1.81758400759556e-26,1.31050646922652e-24,ENSG00000162545.6,CAMK2N1,ENSG00000162545.6
153.969985912681,3.61758297756571,0.353704658429908,10.2276939003974,1.49025784668079e-24,9.534550895679e-23,ENSG00000042493.16,CAPG,ENSG00000042493.16
7.20116591577089,4.12816505472201,1.26879692526276,3.25360581549887,0.0011395027762459,0.0070497543971669,ENSG00000162949.16,CAPN13,ENSG00000162949.16
10.789362576916,3.71799188266561,0.953544935363323,3.89912603463095,9.65405164394198e-05,0.0008064923523144,ENSG00000198286.11,CARD11,ENSG00000198286.11
26.6535191001896,1.87180670151415,0.478063572080896,3.91539286996208,9.02571154399051e-05,0.000758291232039,ENSG00000003400.16,CASP10,ENSG00000003400.16
300.502171811248,3.20804357706864,0.258884676222233,12.3917862728761,2.89521690158537e-35,3.25853131521115e-33,ENSG00000198624.13,CCDC69,ENSG00000198624.13
14.2340501344102,7.10327777080619,1.30802758327253,5.43052597792672,5.6188199140714e-08,8.48361374019877e-07,ENSG00000115009.13,CCL20,ENSG00000115009.13
205.356200119429,1.75258728398756,0.291205758004625,6.01838128475372,1.7616984189600801e-09,3.31641299512139e-08,ENSG00000134061.5,CD180,ENSG00000134061.5
42.6967193614117,2.00324821505001,0.500442009477061,4.00295773958569,6.25554795901449e-05,0.000545112731684,ENSG00000012124.17,CD22,ENSG00000012124.17
245.358116948408,3.28789984002392,0.262200779410562,12.5396264931602,4.5312616602008596e-36,5.43104076129788e-34,ENSG00000272398.6,CD24,ENSG00000272398.6
3826.90172578264,2.87914202389699,0.167759086799198,17.1623610907183,5.08055394581487e-66,2.20651446427884e-63,ENSG00000085117.12,CD82,ENSG00000085117.12
162.536249594235,7.75659460529089,0.751703158621151,10.3186936443354,5.80070021370782e-25,3.8239044480221e-23,ENSG00000158825.6,CDA,ENSG00000158825.6
20.506813735322,4.3699063150712,0.80067994392163,5.45774419385097,4.82221706047289e-08,7.35303449006267e-07,ENSG00000167617.3,CDC42EP5,ENSG00000167617.3
105.481888485314,7.14661343459095,0.775758243985701,9.21242344505807,3.18843514503173e-20,1.57148560499321e-18,ENSG00000039068.20,CDH1,ENSG00000039068.20
138.646772800342,2.35303096823166,0.290039302155618,8.11280040581936,4.94662872183818e-16,1.78504150435365e-14,ENSG00000129910.8,CDH15,ENSG00000129910.8
17.0727475938262,5.45507403904903,1.13795189527638,4.79376506308653,1.63679947358815e-06,1.96757047759623e-05,ENSG00000149654.11,CDH22,ENSG00000149654.11
624.83175190103,1.63191561322009,0.255897500025757,6.37722374410002,1.8032692256364002e-10,3.8680701181634605e-09,ENSG00000107736.22,CDH23,ENSG00000107736.22
384.57216563504,2.19655013358796,0.197112765246412,11.1436219305332,7.69258891459903e-29,6.22762307831881e-27,ENSG00000062038.15,CDH3,ENSG00000062038.15
198.213261579019,1.97003602479496,0.259570705258314,7.58959306611454,3.20911712841803e-14,1.00823632266111e-12,ENSG00000179776.19,CDH5,ENSG00000179776.19
705.891889897416,3.09975854938164,0.190974921579314,16.231233524001,3.03302513376461e-59,1.0178832348913999e-56,ENSG00000117266.16,CDK18,ENSG00000117266.16
130.806991675124,1.63283972443108,0.254057656035887,6.4270439628099,1.30109202315725e-10,2.8454450904545603e-09,ENSG00000129757.15,CDKN1C,ENSG00000129757.15
8.23685985287354,3.3047769205945,1.01608255233149,3.25246891899816,0.0011440710736137,0.0070732754569627,ENSG00000048740.19,CELF2,ENSG00000048740.19
36.2241759000797,1.8832040920482,0.417667448609242,4.50886009508026,6.51768696440999e-06,6.99751859411026e-05,ENSG00000161082.13,CELF5,ENSG00000161082.13
29.5502279564073,8.17102553389475,1.27028955078798,6.43241182990612,1.25594888722632e-10,2.7548787356415304e-09,ENSG00000070748.19,CHAT,ENSG00000070748.19
44.6394402452074,1.58242068976305,0.383390223054017,4.12744142810365,3.66821822966575e-05,0.000336939398274,ENSG00000116254.18,CHD5,ENSG00000116254.18
1365.24332783523,7.4917367310569,0.313651771741759,23.8855233925639,4.33100128682015e-126,9.992702719015799e-123,ENSG00000133048.13,CHI3L1,ENSG00000133048.13
1800.40326492302,1.69561487297918,0.173456551285219,9.77544440043111,1.43526057124505e-22,8.163956740844701e-21,ENSG00000171310.11,CHST11,ENSG00000171310.11
9.84481637090008,6.56893494507876,1.37578745556864,4.77467280174009,1.79999667869446e-06,2.14558209204664e-05,ENSG00000180767.11,CHST13,ENSG00000180767.11
2207.11558583499,3.1030604448755,0.192202845825183,16.144716440348,1.23715738338813e-58,4.0777591040318e-56,ENSG00000182022.18,CHST15,ENSG00000182022.18
483.839504351796,2.30750281955463,0.199491063832879,11.5669482894116,6.059995303264861e-31,5.46970138423779e-29,ENSG00000189143.10,CLDN4,ENSG00000189143.10
22.0620469382922,2.39929118066826,0.552912989376796,4.33936483093402,1.4289512635756e-05,0.0001433455566471,ENSG00000105472.14,CLEC11A,ENSG00000105472.14
86.8505623333565,2.94428279446699,0.334033919312064,8.81432281048189,1.2041064805364799e-18,5.2418390136185e-17,ENSG00000112782.19,CLIC5,ENSG00000112782.19
1968.88842420286,1.88107931016044,0.181773719859194,10.3484668279747,4.252408141348831e-25,2.82850268371231e-23,ENSG00000166250.12,CLMP,ENSG00000166250.12
39.9175783036275,2.30466339959717,0.493797800848203,4.66722086578438,3.05301095263574e-06,3.50232915871662e-05,ENSG00000204291.11,COL15A1,ENSG00000204291.11
1520.94105903231,2.67708870622067,0.21945475066681,12.198818654353,3.15366039352294e-34,3.37450803151574e-32,ENSG00000084636.18,COL16A1,ENSG00000084636.18
69.4571529901264,3.80886301421128,0.408291853650559,9.32877543393539,1.07101111411987e-20,5.4309678968199305e-19,ENSG00000101203.17,COL20A1,ENSG00000101203.17
1001.84481348006,1.85474251551107,0.229190941593219,8.09256466515583,5.84213678398151e-16,2.09183629017906e-14,ENSG00000092758.18,COL9A3,ENSG00000092758.18
1140.5584334469,2.97544431065461,0.161582202219187,18.4144309818132,1.00641464046886e-75,6.4056556668187e-73,ENSG00000106789.13,CORO2A,ENSG00000106789.13
54.4851814784478,1.54896548980552,0.342913511479144,4.51707336676269,6.27001859618108e-06,6.75807318238309e-05,ENSG00000160471.13,COX6B2,ENSG00000160471.13
10223.0246061862,4.8560763398608,0.169584676693652,28.6351127621814,2.45673784325867e-180,1.5115489036956199e-176,ENSG00000128510.12,CPA4,ENSG00000128510.12
128.421404247891,2.6919114124397,0.310367625227137,8.67329964093281,4.19775434220714e-18,1.7669817479694299e-16,ENSG00000109472.14,CPE,ENSG00000109472.14
50.8292655158138,2.07242129688994,0.450984176052086,4.59533040611737,4.32064086185592e-06,4.81293838431723e-05,ENSG00000168993.15,CPLX1,ENSG00000168993.15
188.870232202088,10.8334702652965,1.19699762327917,9.0505361536293,1.42268056271612e-19,6.72467037813423e-18,ENSG00000109625.19,CPZ,ENSG00000109625.19
1125.2359039991,3.35446021387901,0.250733607203659,13.3785823579459,8.067134690554399e-41,1.23571097193571e-38,ENSG00000143320.9,CRABP2,ENSG00000143320.9
254.539790219005,1.88473355505353,0.217261006081229,8.67497388992514,4.13645375748925e-18,1.74715477015415e-16,ENSG00000148204.12,CRB2,ENSG00000148204.12
991.476687831128,3.41570060640524,0.284511427950207,12.0054952836658,3.3246754330106496e-33,3.30818647668521e-31,ENSG00000157613.11,CREB3L1,ENSG00000157613.11
20.3347478764889,4.40846516128666,0.80839395568069,5.45336234927018,4.94262090044063e-08,7.52730169804728e-07,ENSG00000095713.14,CRTAC1,ENSG00000095713.14
9.6439581605402,3.61594625816128,1.01645592566181,3.5574058519133,0.0003745352699409,0.0026885564559346,ENSG00000119535.19,CSF3R,ENSG00000119535.19
4772.41731407167,4.42274808994446,0.152255759415015,29.0481496853531,1.62387352778887e-185,1.19893830303708e-181,ENSG00000121904.19,CSMD2,ENSG00000121904.19
174.978390310609,2.29750585114549,0.25799549221635,8.90521703076443,5.32817010233985e-19,2.40752420438161e-17,ENSG00000114646.10,CSPG5,ENSG00000114646.10
25.1593189129397,3.02664785470177,0.56254328827742,5.38029324635577,7.43646021766428e-08,1.10311261407625e-06,ENSG00000175315.3,CST6,ENSG00000175315.3
3658.72533132281,1.88450556259199,0.17465522241874,10.7898609414257,3.84370701499968e-27,2.8840302472708903e-25,ENSG00000103811.18,CTSH,ENSG00000103811.18
134.123039585777,2.01650615593964,0.305224751526728,6.60662723404023,3.9317437113837294e-11,9.14006617439811e-10,ENSG00000136943.12,CTSV,ENSG00000136943.12
98.7078985063202,3.06631557285382,0.386951573188772,7.92428765073902,2.2945790173172104e-15,7.85776243073119e-14,ENSG00000107562.17,CXCL12,ENSG00000107562.17
51.4197212822372,4.73748779027409,0.596217229043959,7.94590890617285,1.92772050681464e-15,6.63840767066876e-14,ENSG00000140459.18,CYP11A1,ENSG00000140459.18
473.033926664596,2.61205163823293,0.209683842826419,12.4570954205339,1.27946224668421e-35,1.48530277668536e-33,ENSG00000003137.9,CYP26B1,ENSG00000003137.9
85.0595686519976,2.52342650709827,0.320677407782363,7.86904984840983,3.57344778807498e-15,1.20362589912934e-13,ENSG00000167600.14,CYP2S1,ENSG00000167600.14
60.3504843851824,2.5097524348307,0.381481517846881,6.57896206609428,4.73743605263423e-11,1.091680332828e-09,ENSG00000100055.21,CYTH4,ENSG00000100055.21
13159.4202440463,1.85319595051426,0.188895722276215,9.81068246640547,1.0128123137526799e-22,5.82382856300531e-21,ENSG00000168209.6,DDIT4,ENSG00000168209.6
51.2115733501115,2.22069297466917,0.383747667618905,5.78685725557169,7.171546995053231e-09,1.23886209110615e-07,ENSG00000168350.8,DEGS2,ENSG00000168350.8
185.344390310595,1.88759955836708,0.227886981365193,8.28305130490172,1.20058667547964e-16,4.5041522065047e-15,ENSG00000162777.17,DENND2D,ENSG00000162777.17
78.7743175894132,4.59768147394508,0.465487601934996,9.87712982007013,5.2309715039324604e-23,3.05065630393634e-21,ENSG00000175084.13,DES,ENSG00000175084.13
77.3316979673021,1.61455138910636,0.318698922741464,5.06607105922388,4.06110370090551e-07,5.38698182618138e-06,ENSG00000162946.23,DISC1,ENSG00000162946.23
14.4889838302054,2.80223699101071,0.755484106694914,3.7091938350231,0.0002079202104615,0.0015977482284345,ENSG00000116544.12,DLGAP3,ENSG00000116544.12
117.526899780215,2.53860877022617,0.306182099061521,8.29117305684188,1.12136991722918e-16,4.219825878127671e-15,ENSG00000198719.9,DLL1,ENSG00000198719.9
35.7714475819524,5.56855309393344,0.813205064675493,6.84766159954446,7.506687499196309e-12,1.87875847945987e-10,ENSG00000128917.8,DLL4,ENSG00000128917.8
62.4482077323435,7.38408393094384,1.06370749315051,6.94183690393451,3.870339077390599e-12,9.942758342446159e-11,ENSG00000108813.12,DLX4,ENSG00000108813.12
417.654212013994,3.00117100409096,0.242395151175482,12.3813161671631,3.2988803928260303e-35,3.69034753277472e-33,ENSG00000197587.11,DMBX1,ENSG00000197587.11
182.480988900034,6.11279617960758,0.461723598237867,13.2390811362828,5.218334831308789e-40,7.70560194530381e-38,ENSG00000161249.21,DMKN,ENSG00000161249.21
934.422005058948,2.43514811443228,0.185236245280562,13.1461750951816,1.79002880750637e-39,2.57123359758386e-37,ENSG00000187775.17,DNAH17,ENSG00000187775.17
847.402257272184,2.0670800447875,0.280010734259007,7.38214572472596,1.55758571414757e-13,4.59998673787775e-12,ENSG00000134516.20,DOCK2,ENSG00000134516.20
35.8697937126201,2.04051044407404,0.486778510974939,4.19186631716183,2.76669015579229e-05,0.0002615496383898,ENSG00000107099.18,DOCK8,ENSG00000107099.18
19.9627665707051,7.60666650637126,1.29388889765382,5.87891782684301,4.129572959492691e-09,7.36460460737353e-08,ENSG00000015413.10,DPEP1,ENSG00000015413.10
163.980132496233,3.50121996806603,0.355896804920307,9.83773925379866,7.74311967693753e-23,4.4873627314572304e-21,ENSG00000197635.11,DPP4,ENSG00000197635.11
125.10978787697,1.81562922879215,0.292678633401705,6.20349086535531,5.5224247142779e-10,1.11768547561559e-08,ENSG00000157851.17,DPYSL5,ENSG00000157851.17
245.466050307806,1.62090404588184,0.296659324661202,5.46385672431831,4.6589961976355e-08,7.11590830086522e-07,ENSG00000096696.15,DSP,ENSG00000096696.15
11.2857054055465,6.7294067892775,1.45181726226491,4.63516102486569,3.56659733843089e-06,4.03507530939365e-05,ENSG00000158716.9,DUSP23,ENSG00000158716.9
1346.07821060931,1.85316902740825,0.224297483470431,8.26210351866277,1.431274925714e-16,5.32630495540906e-15,ENSG00000138166.6,DUSP5,ENSG00000138166.6
116.484113376439,2.96668907098755,0.313200231986437,9.47218031152678,2.7406243586921602e-21,1.45782260555446e-19,ENSG00000105246.6,EBI3,ENSG00000105246.6
4.69455318941272,5.50556858699576,1.51249130573216,3.64006627088058,0.0002725678797998,0.0020372779612657,ENSG00000171551.12,ECEL1,ENSG00000171551.12
46.2107081155361,3.80330565136184,0.52711027184869,7.21538898876477,5.37800185541324e-13,1.5086194262495098e-11,ENSG00000127129.10,EDN2,ENSG00000127129.10
1899.00820129298,2.26737350884665,0.16009346287364,14.1628113237594,1.55640889184232e-45,2.87281953256256e-43,ENSG00000129521.15,EGLN3,ENSG00000129521.15
260.303776623185,3.57216819479164,0.302269486141239,11.8178260081552,3.15749957369357e-32,3.01194455458584e-30,ENSG00000179388.9,EGR3,ENSG00000179388.9
344.072684025516,2.62100478807109,0.210171776557643,12.4707742923429,1.0777370526123201e-35,1.26706181637695e-33,ENSG00000163435.16,ELF3,ENSG00000163435.16
19.7094340254585,2.23951751268956,0.671404615166761,3.33557062626583,0.0008512452812929,0.0054452557276399,ENSG00000120915.14,EPHX2,ENSG00000120915.14
87.0486938053268,1.58525079384866,0.280164664572231,5.65828241141365,1.52895397787026e-08,2.52653827426404e-07,ENSG00000049283.19,EPN3,ENSG00000049283.19
204.647101108199,1.85277507202811,0.210175671651026,8.81536410695738,1.1929671990542599e-18,5.19947781821571e-17,ENSG00000177106.17,EPS8L2,ENSG00000177106.17
150.136883062787,2.3315418556274,0.25534325575561,9.13101013272475,6.78630906331193e-20,3.28339954628078e-18,ENSG00000065361.17,ERBB3,ENSG00000065361.17
69.4779152366403,2.63774244117968,0.366806625817662,7.19109813051983,6.42722651850065e-13,1.7826258013296e-11,ENSG00000187017.18,ESPN,ENSG00000187017.18
24.988702159887,2.4124073487635,0.527993448908516,4.56901000145079,4.90033400907329e-06,5.40002179937163e-05,ENSG00000164089.9,ETNPPL,ENSG00000164089.9
592.349435344938,2.47680159360868,0.197358701330003,12.5497461065435,3.9878661689564e-36,4.84263379911824e-34,ENSG00000175832.13,ETV4,ENSG00000175832.13
97.0732006986939,1.80305822553031,0.286031175042314,6.30371226235593,2.90599765720025e-10,6.088411436617741e-09,ENSG00000179044.16,EXOC3L1,ENSG00000179044.16
4.48604464120359,5.4215132965957,1.52619012584939,3.55231842007784,0.0003818524661652,0.0027355842501368,ENSG00000124491.16,F13A1,ENSG00000124491.16
259.432011934149,1.84853957472254,0.240770763353965,7.67759153550109,1.62107409509804e-14,5.19926770587656e-13,ENSG00000154319.16,FAM167A,ENSG00000154319.16
132.010052249959,4.9732757620483,0.389785137815615,12.7590184426192,2.77677931358703e-37,3.5592911507076e-35,ENSG00000189320.9,FAM180A,ENSG00000189320.9
120.491914589653,4.95079450827386,0.398383748099772,12.4271999846589,1.86037107495673e-35,2.11967464824391e-33,ENSG00000147689.17,FAM83A,ENSG00000147689.17
497.29453057129,4.07240610802113,0.243051144794474,16.7553463344713,5.17586203626084e-63,1.94971554010822e-60,ENSG00000086570.13,FAT2,ENSG00000086570.13
4020.53462313672,2.26909288299534,0.171384900379335,13.2397479472989,5.172211529530539e-40,7.66816710137146e-38,ENSG00000077942.19,FBLN1,ENSG00000077942.19
340.950204679845,4.62365767885123,0.251710641442376,18.3689400350987,2.329161611447e-75,1.40956278767504e-72,ENSG00000163520.14,FBLN2,ENSG00000163520.14
400.767157477653,5.38731099503603,0.330558977527148,16.2975788324901,1.02679732666937e-59,3.54254673937632e-57,ENSG00000116661.11,FBXO2,ENSG00000116661.11
157.831102576164,2.20584854969974,0.264520005699762,8.3390613268149,7.48825715076602e-17,2.8528018676747e-15,ENSG00000162894.12,FCMR,ENSG00000162894.12
2231.81026730768,1.51886468634416,0.27629140762078,5.49732870603366,3.85587557205256e-08,5.97579775893754e-07,ENSG00000088340.17,FER1L4,ENSG00000088340.17
18.7972027229771,3.76578601702072,0.75030466930892,5.01900917195312,5.19386703152575e-07,6.79195165907915e-06,ENSG00000154783.12,FGD5,ENSG00000154783.12
10.161261446247,4.67564639418584,1.22482267380875,3.81740679215733,0.0001348617105404,0.0010843422216497,ENSG00000162344.4,FGF19,ENSG00000162344.4
10.5771752178905,2.8317413478587,0.823502717977003,3.43865452540957,0.0005846127798495,0.0039418384257397,ENSG00000066468.24,FGFR2,ENSG00000066468.24
45.0262805077969,1.51398360416918,0.37530389625069,4.03402048125259,5.48305356986321e-05,0.0004844720095382,ENSG00000000938.13,FGR,ENSG00000000938.13
6165.37568824456,1.60659291400232,0.181992321815456,8.82780601937395,1.0674898750745499e-18,4.68022045466177e-17,ENSG00000115641.19,FHL2,ENSG00000115641.19
131.525459232759,1.6476844437477,0.253191226901294,6.50766799431817,7.6326374390578e-11,1.7222887756739502e-09,ENSG00000128591.16,FLNC,ENSG00000128591.16
34.206474125719,2.06321085128055,0.479070816450271,4.30669283211226,1.65713472382631e-05,0.000163612691802,ENSG00000102755.13,FLT1,ENSG00000102755.13
10.083606837359,4.72490888440981,1.21429786782205,3.8910624893745,9.98062224749573e-05,0.0008302042606772,ENSG00000037280.16,FLT4,ENSG00000037280.16
17.5228482406929,2.13989716103756,0.642097807828762,3.33266542097935,0.0008601831757374,0.0054957636060093,ENSG00000110195.14,FOLR1,ENSG00000110195.14
20.256648649603,4.70111002502575,0.859034648939468,5.47254994991129,4.43605666478135e-08,6.81487589833826e-07,ENSG00000153303.18,FRMD1,ENSG00000153303.18
30.1120207563525,2.4321100917695,0.551831616601593,4.40734096887642,1.04647382883893e-05,0.0001075490753491,ENSG00000069482.7,GAL,ENSG00000069482.7
6.82655378421881,6.01205152676046,1.46797233573377,4.0954801261669,4.21294368481818e-05,0.00038156287799,ENSG00000158089.15,GALNT14,ENSG00000158089.15
138.281307775925,1.86734346035753,0.262830985710448,7.10473103203564,1.20557092278546e-12,3.2437941826201095e-11,ENSG00000139629.16,GALNT6,ENSG00000139629.16
17.1938381615189,4.89915175416227,0.975999906076545,5.01962318199039,5.17729372712008e-07,6.77267807336517e-06,ENSG00000182870.13,GALNT9,ENSG00000182870.13
2080.27541316216,2.0154269151492,0.203090200306694,9.92380189741125,3.2801829253135103e-23,1.95940506263549e-21,ENSG00000183087.15,GAS6,ENSG00000183087.15
14.8201558359923,2.86717053326264,0.808200088778604,3.54759987417926,0.0003887583266467,0.0027769741459932,ENSG00000106633.18,GCK,ENSG00000106633.18
1090.07515502332,2.35962335863952,0.156816356408001,15.0470487434379,3.60982615426975e-51,8.22594705623592e-49,ENSG00000158555.15,GDPD5,ENSG00000158555.15
45.4448983911518,4.87037962763875,0.616509164293229,7.89993062507383,2.7905870460533604e-15,9.49468307761346e-14,ENSG00000168546.11,GFRA2,ENSG00000168546.11
80.4383056411397,4.0209056115418,0.401144939757067,10.0235730605922,1.2008155862024901e-23,7.31506735647706e-22,ENSG00000099998.19,GGT5,ENSG00000099998.19
9.59688577072031,3.63183142229113,1.04684442343179,3.46931343473672,0.0005217903245108,0.0035684349054546,ENSG00000106128.19,GHRHR,ENSG00000106128.19
72.0846753744713,4.20620831763237,0.421231363811813,9.9855060163837,1.7639872365594602e-23,1.06578318862241e-21,ENSG00000188910.8,GJB3,ENSG00000188910.8
18.1010365685178,4.15923566864867,0.833887107909502,4.9877682832579,6.10807659099549e-07,7.91455793026288e-06,ENSG00000189433.7,GJB4,ENSG00000189433.7
20.025078032897,3.09717393812374,0.698786576792724,4.4322172763236,9.32689585705038e-06,9.69345966945022e-05,ENSG00000189280.3,GJB5,ENSG00000189280.3
46.0773697512513,2.40680187254398,0.419190996803577,5.74153999226216,9.38193949737761e-09,1.59092181205876e-07,ENSG00000060558.4,GNA15,ENSG00000060558.4
83.0925905640085,1.789225303099,0.289145107424073,6.18798401618757,6.09385056351702e-10,1.22460853240498e-08,ENSG00000168243.11,GNG4,ENSG00000168243.11
5.91902102356771,4.82391805506853,1.43493639427741,3.3617643780634,0.0007744617818552,0.0050212844930589,ENSG00000167414.5,GNG8,ENSG00000167414.5
21.1774423120019,3.19469878948362,0.649332280495633,4.9199753122471,8.65551291640915e-07,1.08904878944158e-05,ENSG00000174567.8,GOLT1A,ENSG00000174567.8
1643.62366135597,1.97567569194425,0.218281399369442,9.05104923118259,1.4160108695813301e-19,6.701725289931319e-18,ENSG00000013588.9,GPRC5A,ENSG00000013588.9
75.1117988935202,4.60934272844911,0.457847482559334,10.067419619047,7.69709770342776e-24,4.73576764699565e-22,ENSG00000170412.18,GPRC5C,ENSG00000170412.18
117.734377197241,2.42932886716237,0.283429332029732,8.57119780004818,1.0241416319795301e-17,4.1822137705925e-16,ENSG00000158055.17,GRHL3,ENSG00000158055.17
23.9162351439402,2.65941474058321,0.584248007372699,4.55185932519019,5.31738866224249e-06,5.80759526199242e-05,ENSG00000182771.19,GRID1,ENSG00000182771.19
31.2279287357876,4.9949895841532,0.778763821494416,6.41399798794969,1.41752079106887e-10,3.0927421703958905e-09,ENSG00000124493.14,GRM4,ENSG00000124493.14
51.9474143885328,1.89474742108922,0.364760163393533,5.1945020625649,2.05268498033922e-07,2.84624283581548e-06,ENSG00000228223.3,HCG11,ENSG00000228223.3
359.603815133694,3.33517142677737,0.215044338475624,15.5092268432606,3.00475151191328e-54,8.037928029984841e-52,ENSG00000143512.13,HHIPL2,ENSG00000143512.13
709.766141057296,3.92807000804584,0.178621436919599,21.9910335275935,3.50904446997505e-107,4.62642448762853e-104,ENSG00000156510.13,HKDC1,ENSG00000156510.13
14.0723799271469,2.51265279714385,0.689889687337981,3.64210806924685,0.00027041449886,0.0020232309768783,ENSG00000240990.10,HOXA11-AS,ENSG00000240990.10
7.7484627923687,4.25699910654225,1.26958910535464,3.35305264403094,0.00079925502868,0.0051591709457512,ENSG00000113749.8,HRH2,ENSG00000113749.8
8.53797219715948,3.87401848502909,1.10970361215463,3.49103890678267,0.0004811461812801,0.0033374656948776,ENSG00000108622.11,ICAM2,ENSG00000108622.11
377.204737497731,1.51690358918676,0.186134900019163,8.14948507255005,3.65477142654661e-16,1.3305674751715501e-14,ENSG00000185201.18,IFITM2,ENSG00000185201.18
537.975938224822,2.4116156901327,0.212635375148295,11.3415544730072,8.16805287344685e-30,6.86860683089212e-28,ENSG00000103742.12,IGDCC4,ENSG00000103742.12
37.9270202828334,3.04704465978179,0.461553753100689,6.60171137015339,4.0643824255701695e-11,9.43652463033638e-10,ENSG00000159217.10,IGF2BP1,ENSG00000159217.10
1906.97550118151,2.90793033276292,0.21994326011013,13.2212750293274,6.613329499467589e-40,9.68800284929943e-38,ENSG00000146674.16,IGFBP3,ENSG00000146674.16
85.0270649532562,9.67969097538538,1.2068084276654,8.02090104235596,1.0497227207358e-15,3.6941433707037904e-14,ENSG00000188293.6,IGFL1,ENSG00000188293.6
20.4263939476251,2.27810751513383,0.589807398943051,3.86246004918936,0.000112250926451,0.0009188149004141,ENSG00000136634.7,IL10,ENSG00000136634.7
14.1322901987711,7.11228873670934,1.39890867008102,5.08416945925242,3.69238173996282e-07,4.93869435914737e-06,ENSG00000136689.20,IL1RN,ENSG00000136689.20
82.605983034692,7.7912719362443,1.05648531318804,7.3747091786193,1.64704187420684e-13,4.83708813271438e-12,ENSG00000163083.6,INHBB,ENSG00000163083.6
12.9450025422686,4.00685399621641,0.918716224820446,4.36136196136028,1.29255332200403e-05,0.0001305853815957,ENSG00000117595.13,IRF6,ENSG00000117595.13
8.2781381941391,4.35285187515913,1.3382254511468,3.2527044463464,0.0011431232855465,0.0070685995325352,ENSG00000140968.12,IRF8,ENSG00000140968.12
27.2704331954404,3.52562926155792,0.631995219501293,5.57856950933901,2.42504569945816e-08,3.86541394823824e-07,ENSG00000159387.8,IRX6,ENSG00000159387.8
112.780172271633,2.43644771091616,0.316037104088951,7.70937234708495,1.2643801926790501e-14,4.09078520534091e-13,ENSG00000105639.21,JAK3,ENSG00000105639.21
143.625043983218,5.04002641365362,0.401678164938035,12.5474244148449,4.1065077725613694e-36,4.9703554403893595e-34,ENSG00000132854.19,KANK4,ENSG00000132854.19
1997.03463745508,1.50859433063758,0.174100927029711,8.6650562772715,4.51290017726363e-18,1.88886874086014e-16,ENSG00000189337.17,KAZN,ENSG00000189337.17
81.022129630921,1.59297402436439,0.322323032418481,4.94216628706877,7.72592751175368e-07,9.79767571363445e-06,ENSG00000104848.2,KCNA7,ENSG00000104848.2
11.0141541026466,3.67213579264967,1.02226026543859,3.59217306668393,0.0003279319364434,0.0023948437914431,ENSG00000175538.11,KCNE3,ENSG00000175538.11
39.4819609769348,1.64083572692446,0.480633347477964,3.41390320820318,0.000640393222023,0.0042773215459024,ENSG00000178342.5,KCNG2,ENSG00000178342.5
77.409321290313,2.9619794476772,0.351761981287059,8.42040813177037,3.7517501580145996e-17,1.4640550616624402e-15,ENSG00000055118.17,KCNH2,ENSG00000055118.17
47.8503806097738,1.92591042168498,0.422781100324153,4.55533707681907,5.23016402187054e-06,5.72413141238351e-05,ENSG00000182132.14,KCNIP1,ENSG00000182132.14
76.401960103779,6.07349796075024,0.64885329286346,9.36035622774947,7.94683054910214e-21,4.09727928143373e-19,ENSG00000164626.9,KCNK5,ENSG00000164626.9
23.0875519192269,3.20074282587976,0.60731548309966,5.27031323084929,1.36191143900678e-07,1.94267089190008e-06,ENSG00000105642.16,KCNN1,ENSG00000105642.16
20.6212812696929,3.4987984299672,0.706405920076676,4.9529574010187,7.3093980794326e-07,9.32390253974892e-06,ENSG00000075043.21,KCNQ2,ENSG00000075043.21
32.9990731496248,3.01454290919423,0.526986586555869,5.72034087033569,1.06310554283666e-08,1.79285537776876e-07,ENSG00000117013.17,KCNQ4,ENSG00000117013.17
229.290437285861,1.94856372585026,0.223517538425012,8.71772183776078,2.8385527797183297e-18,1.21282424092688e-16,ENSG00000116852.15,KIF21B,ENSG00000116852.15
31.2427171373311,4.7558792590603,0.740776178987411,6.42012985023527,1.3615815369461301e-10,2.97420970520138e-09,ENSG00000116014.10,KISS1R,ENSG00000116014.10
67.3218202488307,2.99261274618498,0.455462490931038,6.57049220467661,5.0149209706847494e-11,1.1520275205587902e-09,ENSG00000179023.9,KLHDC7A,ENSG00000179023.9
19.1463538526959,7.53386593853246,1.27447842262094,5.91133267132074,3.39350880140398e-09,6.15298481889142e-08,ENSG00000167754.13,KLK5,ENSG00000167754.13
46.1257071409384,2.10653237119488,0.409313083563807,5.14650631945045,2.65382528159045e-07,3.61641248044272e-06,ENSG00000171798.19,KNDC1,ENSG00000171798.19
65.4545180416759,4.0423184903629,0.454982627099774,8.88455569420336,6.41767316387772e-19,2.87517988492366e-17,ENSG00000186847.6,KRT14,ENSG00000186847.6
136.800234004848,1.77417415249439,0.259148619106918,6.84616479381052,7.58560927731932e-12,1.89594009533866e-10,ENSG00000170442.12,KRT86,ENSG00000170442.12
23.7338123354125,3.53941185690949,0.667509554664314,5.30241377397128,1.14281449546953e-07,1.64990770100717e-06,ENSG00000171403.10,KRT9,ENSG00000171403.10
6500.13359589644,4.9624335506547,0.160720500956419,30.876170252856,2.4955706858083697e-209,4.6063243718650905e-205,ENSG00000198910.14,L1CAM,ENSG00000198910.14
2435.21430745581,1.9236325756164,0.159131818208197,12.0882963399541,1.2178593873463099e-33,1.24538773250073e-31,ENSG00000196878.15,LAMB3,ENSG00000196878.15
231.277587757763,1.84884905043898,0.240447801916812,7.68919090006332,1.4806839517437e-14,4.75726098890952e-13,ENSG00000058085.15,LAMC2,ENSG00000058085.15
140.173262102209,2.19742132120586,0.245523043064109,8.94995962001043,3.55612418064554e-19,1.63280945587949e-17,ENSG00000050555.19,LAMC3,ENSG00000050555.19
648.428788240585,4.03408548577881,0.250065099259346,16.132141181345,1.51669644424193e-58,4.95489964032168e-56,ENSG00000162511.8,LAPTM5,ENSG00000162511.8
654.330731559235,8.96366113889822,0.573317859744983,15.6347146465755,4.22362637311459e-55,1.18120750901438e-52,ENSG00000129988.6,LBP,ENSG00000129988.6
18.4360531218133,7.49462307781149,1.32958837669782,5.63679948558605,1.73239629215642e-08,2.82603365096096e-07,ENSG00000148346.12,LCN2,ENSG00000148346.12
11.426264615954,3.27201509933506,0.885873598828123,3.6935462391739,0.0002211482753081,0.0016880990294221,ENSG00000174697.5,LEP,ENSG00000174697.5
93.0168861618015,6.94921687035118,0.767852336735632,9.05019954734313,1.4270730926673e-19,6.732402988332e-18,ENSG00000133317.16,LGALS12,ENSG00000133317.16
289.025005935311,3.69381394697712,0.229849522361064,16.0705748223162,4.10264259037737e-58,1.3169839466641e-55,ENSG00000153012.12,LGI2,ENSG00000153012.12
1438.94191718541,9.44829749458613,0.461642835144887,20.4666828450197,4.26694200651353e-93,3.7504388360108e-90,ENSG00000133067.18,LGR6,ENSG00000133067.18
652.549530088467,1.80529000602001,0.567015787715189,3.18384433931636,0.0014533314262269,0.0087138513773907,ENSG00000273706.5,LHX1,ENSG00000273706.5
9.04447703663975,3.51986431368015,0.993730774154244,3.54207035268267,0.0003969995760037,0.0028270903448601,ENSG00000107187.17,LHX3,ENSG00000107187.17
44.7962364869378,3.19121411372109,0.480774442488546,6.63765340188007,3.18716202460502e-11,7.49409384078463e-10,ENSG00000106852.16,LHX6,ENSG00000106852.16
209.443901386756,3.28582976756835,0.269924398261337,12.1731484398349,4.32088263830919e-34,4.54443599646216e-32,ENSG00000072163.20,LIMS2,ENSG00000072163.20
13.5464460164208,4.51384944010243,1.00343439308963,4.49840016565909,6.84667344051155e-06,7.31765479820279e-05,ENSG00000236790.7,LINC00299,ENSG00000236790.7
192.718643058105,6.09521502456143,0.460482038985263,13.2365966715946,5.39381481361023e-40,7.93299074339583e-38,ENSG00000169783.13,LINGO1,ENSG00000169783.13
28.2747491981893,3.0675999053234,0.532556842245804,5.76013612441305,8.40461279975527e-09,1.43370685114226e-07,ENSG00000166035.11,LIPC,ENSG00000166035.11
219.025047540287,3.0297040100804,0.234132959625924,12.9401004237976,2.67279894768191e-38,3.5620594206724004e-36,ENSG00000166407.14,LMO1,ENSG00000166407.14
30.3496482507582,2.56287988626384,0.504458833396481,5.08045397680556,3.76533951977683e-07,5.02529652648182e-06,ENSG00000184574.10,LPAR5,ENSG00000184574.10
109.738318070663,7.20259284866106,0.770783130492735,9.34451282562022,9.23134638033336e-21,4.713476942965231e-19,ENSG00000171236.10,LRG1,ENSG00000171236.10
5518.87962296185,7.53927564754199,0.287553586276166,26.2186806472352,1.6274731977825e-151,6.67553339659319e-148,ENSG00000172061.9,LRRC15,ENSG00000172061.9
31.2097420749201,6.38920890428847,1.10877635694255,5.76239641500536,8.292793943452311e-09,1.41861344400596e-07,ENSG00000137507.11,LRRC32,ENSG00000137507.11
53.3171545187103,1.54124953745668,0.358751208849719,4.29615148168689,1.73788848336367e-05,0.0001709911813748,ENSG00000170382.12,LRRN2,ENSG00000170382.12
108.011536875746,1.6520658887963,0.323068294325763,5.11367385104789,3.15952695324687e-07,4.26149422747758e-06,ENSG00000125872.9,LRRN4,ENSG00000125872.9
30.328459210157,5.76017604701636,0.946131978811452,6.08813165183614,1.14235920367967e-09,2.21837624213775e-08,ENSG00000166159.11,LRTM2,ENSG00000166159.11
233.65630908092,2.59372952410401,0.219421285361275,11.8207744514552,3.0486104406811403e-32,2.9156088867405396e-30,ENSG00000130592.17,LSP1,ENSG00000130592.17
37.0686243954551,2.53274689842379,0.449637063452159,5.63286949473923,1.77235579098358e-08,2.88357366152269e-07,ENSG00000124466.9,LYPD3,ENSG00000124466.9
439.000819936441,1.77188964330996,0.173754502411447,10.1976617510271,2.03103321301353e-24,1.29049263496742e-22,ENSG00000117643.15,MAN1C1,ENSG00000117643.15
86.2885303855813,3.24782447239287,0.334858386621931,9.69909849102809,3.04174265951693e-22,1.6936496533744602e-20,ENSG00000069535.14,MAOB,ENSG00000069535.14
31.9353673912309,3.27117701342127,0.515393271432059,6.346953277702,2.19620793469267e-10,4.66217435981108e-09,ENSG00000181085.15,MAPK15,ENSG00000181085.15
1926.49252262346,2.00880743945682,0.169792016693387,11.8309887506923,2.69943099523732e-32,2.58836869143327e-30,ENSG00000114738.11,MAPKAPK3,ENSG00000114738.11
3071.84356330463,2.12096424156886,0.217725074334134,9.74147900996418,2.00612992501784e-22,1.13238979070273e-20,ENSG00000132561.14,MATN2,ENSG00000132561.14
74.8107871069581,2.08868652262475,0.346848850817815,6.02189258433452,1.7238929243071902e-09,3.25021609773873e-08,ENSG00000132031.13,MATN3,ENSG00000132031.13
42.0795731526404,3.43797955693676,0.476940832687362,7.2083984454952,5.66137696670225e-13,1.58449880290205e-11,ENSG00000126217.22,MCF2L,ENSG00000126217.22
35.2611393564843,2.80852442989845,0.531600426119004,5.28314932025606,1.2698180840413e-07,1.81903781103875e-06,ENSG00000188095.6,MESP2,ENSG00000188095.6
1482.97054663908,1.57014711240326,0.201603975924919,7.7882745377403,6.79304554426905e-15,2.25109577479566e-13,ENSG00000176845.13,METRNL,ENSG00000176845.13
68.407481783556,2.3887679213757,0.344983135247466,6.92430347258041,4.38125798420871e-12,1.11852364968913e-10,ENSG00000100060.18,MFNG,ENSG00000100060.18
441.200493879697,2.81055710992658,0.236840596008837,11.8668723068984,1.75922346799161e-32,1.7135486423318798e-30,ENSG00000074416.16,MGLL,ENSG00000074416.16
15.0905293478577,2.21408226138888,0.684300950562165,3.23553877803322,0.0012141339237888,0.0074441069474485,ENSG00000142606.16,MMEL1,ENSG00000142606.16
57.280871124781,2.43394061704582,0.386555910228593,6.29647756674187,3.04485322019694e-10,6.35768107900398e-09,ENSG00000099953.10,MMP11,ENSG00000099953.10
27.7495816870361,3.49931709035838,0.568277633934489,6.15775966076782,7.37812104646733e-10,1.47466549296907e-08,ENSG00000120162.10,MOB3B,ENSG00000120162.10
29.8079083696724,6.28190238856578,1.08860899341148,5.77057733914138,7.90003969651531e-09,1.35330796026246e-07,ENSG00000166391.15,MOGAT2,ENSG00000166391.15
549.069950964667,1.9525907825695,0.273787160766865,7.13178359825341,9.90765606818834e-13,2.6992696045257598e-11,ENSG00000108852.16,MPP2,ENSG00000108852.16
4.33134164252969,5.41332946045312,1.58920799156151,3.40630646787406,0.0006584821716181,0.0043728238617479,ENSG00000184350.11,MRGPRE,ENSG00000184350.11
46.7259462704578,6.96143708857323,1.07570324862423,6.47152186021241,9.70207186928559e-11,2.16281210825209e-09,ENSG00000172689.2,MS4A10,ENSG00000172689.2
62.0913045526199,2.24943004633375,0.370043967436569,6.07881831425703,1.21071444237815e-09,2.34003844789696e-08,ENSG00000102854.16,MSLN,ENSG00000102854.16
782.463056705949,1.63951272801553,0.182652615396466,8.97612511300102,2.80470419214089e-19,1.29585056266675e-17,ENSG00000187193.9,MT1X,ENSG00000187193.9
14343.4028208631,2.05704975925516,0.193353760372045,10.638788484367,1.96669840909404e-26,1.4125026939711201e-24,ENSG00000125148.7,MT2A,ENSG00000125148.7
47.8173414100997,2.39205263185934,0.421552784733505,5.67438460493514,1.39188103396661e-08,2.31141161718e-07,ENSG00000129422.15,MTUS1,ENSG00000129422.15
267.58606912038,2.02105666884318,0.283487376737565,7.1292651267296,1.00906204257336e-12,2.7470895548405698e-11,ENSG00000185499.17,MUC1,ENSG00000185499.17
7.67907193838316,6.21454879059086,1.39076871905056,4.46842721256585,7.87968155485399e-06,8.31341309742755e-05,ENSG00000198788.9,MUC2,ENSG00000198788.9
127.107585957174,6.23072143033462,0.542315261319651,11.4891132054315,1.4964011936695698e-30,1.31526539203585e-28,ENSG00000133055.10,MYBPH,ENSG00000133055.10
334.450548036296,4.30304741383283,0.297766805791442,14.4510648270403,2.4683998433182203e-47,4.97942342163582e-45,ENSG00000172927.9,MYEOV,ENSG00000172927.9
72.5803294007731,1.77945251546378,0.338861441445347,5.25126880141297,1.51055050190205e-07,2.13571360889376e-06,ENSG00000105357.20,MYH14,ENSG00000105357.20
14.6843879684609,3.4155974492363,0.813691664531581,4.19765569455914,2.69692238992067e-05,0.0002556086956259,ENSG00000136286.16,MYO1G,ENSG00000136286.16
45.3359466417203,2.31886705804415,0.448110795164591,5.1747627664101,2.28200744688249e-07,3.13169468063621e-06,ENSG00000196132.14,MYT1,ENSG00000196132.14
1000.88170647658,3.73089053791457,0.201860107291198,18.4825550128758,2.8534313698474e-76,1.8480223236716902e-73,ENSG00000188613.7,NANOS1,ENSG00000188613.7
52.80249755769,5.52916173616154,0.670861335553035,8.24188463865411,1.69518974646526e-16,6.276792846590931e-15,ENSG00000103154.10,NECAB2,ENSG00000103154.10
287.665707404499,4.49227733573215,0.26622770043985,16.8738163921718,7.01162755510116e-64,2.7246446613064702e-61,ENSG00000107954.11,NEURL1,ENSG00000107954.11
72.1529486073581,2.10950363524851,0.32988091165449,6.39474295335389,1.60817658274561e-10,3.4759993069353504e-09,ENSG00000123405.14,NFE2,ENSG00000123405.14
1274.10447794766,5.61813307809602,0.252365608302375,22.2618807526443,8.653968561718011e-110,1.35967328571076e-106,ENSG00000064300.9,NGFR,ENSG00000064300.9
54.8929314838718,5.17417525186306,0.606298777652909,8.53403543364085,1.41329525850687e-17,5.71448058740852e-16,ENSG00000101198.15,NKAIN4,ENSG00000101198.15
665.595664090684,6.60544276621198,1.2878448461626,5.12906720549007,2.91181385627626e-07,3.9388977764124e-06,ENSG00000140807.7,NKD1,ENSG00000140807.7
107.616582111271,2.14345087128368,0.340622255059484,6.29275051599128,3.11889401361697e-10,6.497578521821911e-09,ENSG00000167207.15,NOD2,ENSG00000167207.15
45.7517931657628,2.20341569444139,0.462875315060756,4.76027911350636,1.93325414035806e-06,2.29257982156949e-05,ENSG00000183691.6,NOG,ENSG00000183691.6
653.025204719136,1.83034081058486,0.220430592205748,8.30347907824173,1.01106186266426e-16,3.8124984394396e-15,ENSG00000185269.12,NOTUM,ENSG00000185269.12
19.7896167114119,5.72549842509736,1.13587625243386,5.04060051685143,4.64073297763713e-07,6.12284841323989e-06,ENSG00000120937.9,NPPB,ENSG00000120937.9
46.2872230466254,8.79513236703178,1.2284820395895,7.15934957418724,8.10607380633414e-13,2.23316284055695e-11,ENSG00000169418.10,NPR1,ENSG00000169418.10
283.389511535696,3.64245827524696,0.307595662262204,11.841708847448,2.37562604755887e-32,2.2838179992625797e-30,ENSG00000171246.7,NPTX1,ENSG00000171246.7
14.1097272023222,5.22088294467069,1.16745279882238,4.47202914750561,7.74808633951198e-06,8.1933072274255e-05,ENSG00000106236.4,NPTX2,ENSG00000106236.4
40.0071001159439,2.34886904796958,0.473528770066929,4.96035129531325,7.03658104011182e-07,9.0101431035993e-06,ENSG00000183971.10,NPW,ENSG00000183971.10
7.41721270906045,3.64904356480419,1.13706402138371,3.20918039457762,0.0013311394625294,0.0080597579791266,ENSG00000131910.5,NR0B2,ENSG00000131910.5
114.707085933875,2.98907733580534,0.330768265333618,9.0367718099876,1.6136676560595702e-19,7.56927003698794e-18,ENSG00000162631.20,NTNG1,ENSG00000162631.20
316.429564929613,3.10815737103341,0.211466099711876,14.6981354234475,6.6259158479008094e-49,1.42210645023899e-46,ENSG00000182379.10,NXPH4,ENSG00000182379.10
339.153439528917,3.0439378166263,0.23973975389711,12.6968421679981,6.15640826326472e-37,7.75665417906759e-35,ENSG00000154358.23,OBSCN,ENSG00000154358.23
35.8250380210387,6.55953151096845,1.10044733070834,5.96078642559493,2.51026881313205e-09,4.63809226754669e-08,ENSG00000130558.20,OLFM1,ENSG00000130558.20
335.244108573817,2.29614749801143,0.193886392560583,11.8427470215268,2.34639533002393e-32,2.2616065274977397e-30,ENSG00000116329.12,OPRD1,ENSG00000116329.12
20.2278265853856,3.69465686083756,0.778578184401881,4.74538965367476,2.0810533784902e-06,2.44609674637123e-05,ENSG00000115155.19,OTOF,ENSG00000115155.19
523.378690863836,1.92273756033903,0.185775312802687,10.3498012267173,4.1935554775634205e-25,2.7943915886232997e-23,ENSG00000180914.11,OXTR,ENSG00000180914.11
525.905462687436,2.86363111096244,0.178895979905682,16.0072412609395,1.13742394081364e-57,3.58881557257063e-55,ENSG00000142623.11,PADI1,ENSG00000142623.11
2992.12279474094,5.41911899169539,0.17895642560254,30.2817793406938,1.9919191250043603e-201,2.4511228806220302e-197,ENSG00000117115.13,PADI2,ENSG00000117115.13
1918.91347453987,6.37039214520852,0.19594892121267,32.5104731671093,7.583776165444489e-232,2.79962680923549e-227,ENSG00000142619.4,PADI3,ENSG00000142619.4
13.3758624267282,3.39657492992219,0.826796032992486,4.10811711036966,3.98897836409057e-05,0.0003628810381684,ENSG00000276747.1,PADI6,ENSG00000276747.1
701.851053775875,2.28213265044104,0.158358656774627,14.4111644852414,4.40224861427176e-47,8.78450864024089e-45,ENSG00000107719.10,PALD1,ENSG00000107719.10
72.8323746743156,3.34271814087832,0.385608495507119,8.66868385895458,4.37143850784499e-18,1.8359047093925599e-16,ENSG00000187867.10,PALM3,ENSG00000187867.10
132.903844188512,1.93649057381115,0.246085206133399,7.8691872796344,3.5695248537309906e-15,1.20340255251446e-13,ENSG00000137819.14,PAQR5,ENSG00000137819.14
4.46588478104308,5.43121525760126,1.53144429288066,3.54646609272683,0.0003904349829556,0.0027878095120778,ENSG00000138964.17,PARVG,ENSG00000138964.17
70.3490724723852,5.93841049430325,0.670056262207669,8.86255502595806,7.820119256220711e-19,3.4739774062893403e-17,ENSG00000196092.14,PAX5,ENSG00000196092.14
7.04226982283177,5.09763079604607,1.40094996239156,3.63869583703325,0.0002740222093777,0.0020466155950189,ENSG00000183570.17,PCBP3,ENSG00000183570.17
81.0227412043416,2.41111069857735,0.371289543101203,6.4938825867233,8.365195261028139e-11,1.8795468548759303e-09,ENSG00000163710.9,PCOLCE2,ENSG00000163710.9
395.475077820218,3.40327513901386,0.279353836989984,12.1826683165833,3.84493223788115e-34,4.07872179579369e-32,ENSG00000186642.16,PDE2A,ENSG00000186642.16
9.64348584374367,3.23713756599744,0.959871718681776,3.37246894870818,0.0007449748616352,0.0048614976121841,ENSG00000105650.23,PDE4C,ENSG00000105650.23
14.5722549439051,2.92665312556988,0.74341754627222,3.93675551545056,8.25906738782615e-05,0.0006986519974541,ENSG00000132915.12,PDE6A,ENSG00000132915.12
1501.36183966056,1.63298125149606,0.166104162707706,9.83106759563648,8.273697351487851e-23,4.78733246751607e-21,ENSG00000197461.13,PDGFA,ENSG00000197461.13
125.595592733179,4.49614440838779,0.370488137917956,12.1357310753724,6.829728767348819e-34,7.10214837113941e-32,ENSG00000107438.9,PDLIM1,ENSG00000107438.9
505.877395049674,1.76900236160397,0.214024099813807,8.26543535584517,1.3918585064513e-16,5.1900857196117304e-15,ENSG00000067840.13,PDZD4,ENSG00000067840.13
44.9708009534852,4.36137803817715,0.549778336938962,7.93297542871603,2.13956775899992e-15,7.3337310483975e-14,ENSG00000162366.8,PDZK1IP1,ENSG00000162366.8
4.00514709247032,5.28588962539696,1.56817985054968,3.37071645420271,0.0007497298145109,0.0048890700993616,ENSG00000134020.8,PEBP4,ENSG00000134020.8
132.640793389385,5.11947774644347,0.407766539009419,12.5549236062384,3.73541598457696e-36,4.5510434484040696e-34,ENSG00000261371.6,PECAM1,ENSG00000261371.6
367.785563099003,1.95265932213497,0.230918809297579,8.45604274539033,2.76604246726877e-17,1.08744647200952e-15,ENSG00000166473.18,PKD1L2,ENSG00000166473.18
107.059075195859,7.16560066408414,0.768760634692375,9.32097761086779,1.15273217804168e-20,5.82935083350504e-19,ENSG00000081277.13,PKP1,ENSG00000081277.13
21.9989424266367,2.00263089152877,0.573857998685834,3.48976732242976,0.0004834412697081,0.0033489806553845,ENSG00000100078.4,PLA2G3,ENSG00000100078.4
71.1110291809414,3.88975939845791,0.409685974606092,9.49449002299352,2.21291886553661e-21,1.18738536104869e-19,ENSG00000188089.14,PLA2G4E,ENSG00000188089.14
4.80548652176408,5.55307131003471,1.53130826707246,3.62635755937699,0.0002874472626383,0.002133951533452,ENSG00000127472.11,PLA2G5,ENSG00000127472.11
201.934930385833,2.16374113560931,0.235328070861441,9.19457303877405,3.7648674287274305e-20,1.84573500662552e-18,ENSG00000101333.19,PLCB4,ENSG00000101333.19
831.708530948604,2.62033330326229,0.182052062183126,14.3933184378132,5.699428974676781e-47,1.13118344101703e-44,ENSG00000143850.16,PLEKHA6,ENSG00000143850.16
249.986244492743,1.56058889018126,0.273969429084774,5.69621543321307,1.22496076729182e-08,2.04803676111163e-07,ENSG00000008323.16,PLEKHG6,ENSG00000008323.16
430.153788971775,5.00833773845989,0.290912114618496,17.21598203302,2.01500570641335e-66,8.85547031642323e-64,ENSG00000161381.14,PLXDC1,ENSG00000161381.14
31.5910679134871,2.03102513221966,0.463218319147571,4.38459587685827,1.16201295993567e-05,0.0001181406511401,ENSG00000180316.13,PNPLA1,ENSG00000180316.13
51.7146865622195,3.93368954615432,0.470968949600887,8.35233309857867,6.69275990590031e-17,2.5629660237159303e-15,ENSG00000100344.11,PNPLA3,ENSG00000100344.11
10.6338952400778,3.70603074823477,0.959498800415019,3.86246522312668,0.0001122485483814,0.0009188149004141,ENSG00000174348.14,PODN,ENSG00000174348.14
11860.7780695047,2.11270179223103,0.180626464516955,11.6965240828966,1.3278173730876702e-31,1.23470292556435e-29,ENSG00000128567.17,PODXL,ENSG00000128567.17
23.5712210705374,3.02738299224472,0.664350283177277,4.5569078073786,5.19121957394835e-06,5.68661904426936e-05,ENSG00000137709.10,POU2F3,ENSG00000137709.10
42.7695408887354,2.03730329778783,0.39344185410519,5.17815600076737,2.24089814771285e-07,3.08235429257027e-06,ENSG00000155367.16,PPM1J,ENSG00000155367.16
11.4109216976721,3.83862862208646,0.945522519300337,4.05979608494883,4.91155906104574e-05,0.0004381708900376,ENSG00000167641.11,PPP1R14A,ENSG00000167641.11
57.0757216568946,3.05001250750102,0.411437084259811,7.41307146143158,1.23407343909974e-13,3.6769213137858e-12,ENSG00000074211.14,PPP2R2C,ENSG00000074211.14
33.179852676137,3.34031689089599,0.533223618762726,6.26438284681904,3.74304839095891e-10,7.72809700227287e-09,ENSG00000119698.12,PPP4R4,ENSG00000119698.12
8.40377005914846,6.32335803907542,1.38342721252327,4.570792002524,4.85884364606683e-06,5.36070149546333e-05,ENSG00000186652.10,PRG2,ENSG00000186652.10
53.2229382249522,5.54354070664657,0.689133341560245,8.04422072235776,8.6795958509677e-16,3.06325009975453e-14,ENSG00000007062.12,PROM1,ENSG00000007062.12
620.554198021476,6.5966033015552,0.30095189707713,21.9191284907056,1.70693819618091e-106,2.1004443483404798e-103,ENSG00000155066.16,PROM2,ENSG00000155066.16
12.4733469741993,3.95697486386568,0.922822146657054,4.28790626471191,1.80365170945671e-05,0.0001767080852078,ENSG00000186654.21,PRR5,ENSG00000186654.21
19.19608036711,5.65812336180937,1.13338474408666,4.99223532990909,5.96844706940904e-07,7.75268092942661e-06,ENSG00000005001.10,PRSS22,ENSG00000005001.10
20.0110438992305,3.48832628564729,0.684723270404461,5.09450523506636,3.49653173685395e-07,4.68352560223877e-06,ENSG00000052344.16,PRSS8,ENSG00000052344.16
163.962400549496,2.33839935335234,0.26389321715152,8.86115747344006,7.91879174127565e-19,3.51358312404966e-17,ENSG00000140368.14,PSTPIP1,ENSG00000140368.14
29.5586640610629,6.28752321622499,1.10106242961936,5.71041482034638,1.12701133738076e-08,1.89217269679977e-07,ENSG00000125384.7,PTGER2,ENSG00000125384.7
24.5243315013224,2.6835416802926,0.598304471573501,4.4852442323138,7.28304628315175e-06,7.73700536946274e-05,ENSG00000124212.6,PTGIS,ENSG00000124212.6
842.52702839947,6.71222447725801,0.303165734094744,22.1404457113229,1.28955190599576e-108,1.83096531391306e-105,ENSG00000095303.17,PTGS1,ENSG00000095303.17
567.398211799049,2.08452756279726,0.167326345677476,12.457856259021,1.26731619332746e-35,1.4758436780087199e-33,ENSG00000120899.18,PTK2B,ENSG00000120899.18
2205.81175661335,2.51275744943841,0.155555645682033,16.153431387342,1.0741636913862701e-58,3.5724168316410396e-56,ENSG00000060656.20,PTPRU,ENSG00000060656.20
36.5556449101384,2.51554260661473,0.495634845520578,5.07539497948855,3.86691889666314e-07,5.1516123417256e-06,ENSG00000103485.19,QPRT,ENSG00000103485.19
187.73690464918,3.55516145733464,0.271439880907322,13.0974175403079,3.40652336736032e-39,4.8182075336963e-37,ENSG00000156675.16,RAB11FIP1,ENSG00000156675.16
140.37489377746,2.73684064470676,0.280606817393631,9.7532934877614,1.78578729113712e-22,1.0111061907916901e-20,ENSG00000124839.13,RAB17,ENSG00000124839.13
83.099134171789,3.2664316726082,0.361719742331225,9.030283090319,1.71228261395807e-19,8.0013449337818e-18,ENSG00000105514.8,RAB3D,ENSG00000105514.8
244.902353117936,1.75129214484211,0.297533968966756,5.88602421069369,3.95596388695488e-09,7.08580120576548e-08,ENSG00000276600.5,RAB7B,ENSG00000276600.5
143.800007814857,3.08770808125043,0.309484666068441,9.97693398020438,1.92317695573044e-23,1.1544065121584501e-21,ENSG00000128340.16,RAC2,ENSG00000128340.16
46.1123648559055,2.03789316665385,0.404413518946275,5.03913215355339,4.67647505133484e-07,6.16780110736252e-06,ENSG00000157927.17,RADIL,ENSG00000157927.17
160.581727511576,1.91778994055309,0.269085959185905,7.12705317793312,1.0254048420713699e-12,2.7874701877692797e-11,ENSG00000076864.21,RAP1GAP,ENSG00000076864.21
756.543170082415,4.8461385164472,0.235759928182733,20.5553952862212,6.88670930444224e-94,6.20072587031195e-91,ENSG00000100302.7,RASD2,ENSG00000100302.7
443.391862780938,2.96184510408787,0.261224080240295,11.3383310656634,8.474518209099989e-30,7.11012077743489e-28,ENSG00000058335.16,RASGRF1,ENSG00000058335.16
126.522456375429,2.80210796078497,0.305999328396591,9.15723565626032,5.3243711094052603e-20,2.58965064393682e-18,ENSG00000270885.2,RASL10B,ENSG00000270885.2
13.5775904211709,3.74978525349399,0.840008765041424,4.46398348392123,8.04497684257228e-06,8.47086038563601e-05,ENSG00000169435.14,RASSF6,ENSG00000169435.14
252.183803720745,3.86130469560193,0.260390835301527,14.8288809440264,9.53085608837438e-50,2.10683283448161e-47,ENSG00000128482.16,RNF112,ENSG00000128482.16
220.387031836103,2.58334554890371,0.246118408881341,10.4963523884522,8.978270069441159e-26,6.218420598189301e-24,ENSG00000040608.14,RTN4R,ENSG00000040608.14
245.822321863091,4.13435987762237,0.268431171830389,15.4019365539063,1.58840210527272e-53,4.04396221505157e-51,ENSG00000186907.8,RTN4RL2,ENSG00000186907.8
74.4656585671063,2.82892607938884,0.449583156225593,6.29233110763904,3.12733513090556e-10,6.507818697435721e-09,ENSG00000020633.19,RUNX3,ENSG00000020633.19
4661.46917648883,1.54073173683161,0.223812532093018,6.8840279962128,5.81834321777993e-12,1.47520575705744e-10,ENSG00000163602.12,RYBP,ENSG00000163602.12
24.0523188793926,3.34653926410202,0.670160874504294,4.99363569467913,5.92531199354371e-07,7.70531592048816e-06,ENSG00000189334.9,S100A14,ENSG00000189334.9
564.480607818685,1.55140447750193,0.253411677248874,6.12207177800374,9.236639454861201e-10,1.81565379188315e-08,ENSG00000196754.13,S100A2,ENSG00000196754.13
339.893952280656,1.69276408411331,0.217313596695538,7.789499183914,6.7275317008690506e-15,2.2333953261626099e-13,ENSG00000188015.10,S100A3,ENSG00000188015.10
2879.78598160889,9.73840951393646,0.381629345241414,25.517978728224,1.24526038738274e-143,4.59700324606213e-140,ENSG00000173432.13,SAA1,ENSG00000173432.13
493.599737911124,8.3686515707189,0.542434603560993,15.4279456284317,1.06197123966534e-53,2.7415196002437603e-51,ENSG00000134339.9,SAA2,ENSG00000134339.9
152.730621171139,2.73848380428179,0.255806300368086,10.705302411791,9.611631814261399e-27,7.09646000110547e-25,ENSG00000188322.8,SBK1,ENSG00000188322.8
319.053521402853,7.40758589350188,0.506088690662532,14.6369322811866,1.63270386394628e-48,3.44416547665376e-46,ENSG00000189001.11,SBSN,ENSG00000189001.11
101.96450898827,6.76856683496698,0.724103697265956,9.3475103918451,8.97350047670348e-21,4.58816819387792e-19,ENSG00000007314.12,SCN4A,ENSG00000007314.12
29.1495129230571,3.76327485640078,0.619512068650354,6.07457876421893,1.2431360778597601e-09,2.39642879635879e-08,ENSG00000183873.18,SCN5A,ENSG00000183873.18
359.491605190422,2.02093089270545,0.236482374441311,8.5457992270244,1.2764976666629201e-17,5.18406907178532e-16,ENSG00000111319.13,SCNN1A,ENSG00000111319.13
1077.08724791657,6.45082375102075,0.243735310614116,26.4665129347374,2.3557442202050403e-154,1.24235219475842e-150,ENSG00000001617.12,SEMA3F,ENSG00000001617.12
68.1869988294589,1.72249378732236,0.334265173867014,5.15307582718038,2.56248288518114e-07,3.49839564309715e-06,ENSG00000010319.7,SEMA3G,ENSG00000010319.7
94.1888076140749,1.75447285669319,0.271019743488698,6.47359795308179,9.56963264693618e-11,2.1371600653012504e-09,ENSG00000196189.14,SEMA4A,ENSG00000196189.14
1312.12861453053,2.72330675866742,0.173188759027207,15.7245006775503,1.02757710453074e-55,2.98693199928006e-53,ENSG00000138623.10,SEMA7A,ENSG00000138623.10
3420.74069762131,4.4852125315999,0.214347081051818,20.9249993496091,3.17068682792962e-97,3.0802388142065797e-94,ENSG00000168528.12,SERINC2,ENSG00000168528.12
836.692132074581,4.1266706387614,0.242492014022148,17.0177589369375,6.0647841640889205e-65,2.46030299122535e-62,ENSG00000197249.14,SERPINA1,ENSG00000197249.14
83.0517766809523,2.07660238716943,0.304176371035898,6.82696811753456,8.67279600602422e-12,2.1589004542035702e-10,ENSG00000168878.19,SFTPB,ENSG00000168878.19
22.9069004438082,2.0519080401459,0.513052706518776,3.99940983465177,6.35006341771081e-05,0.0005523537726866,ENSG00000140600.17,SH3GL3,ENSG00000140600.17
3130.40916391751,1.58149969316759,0.179999292853339,8.78614392366631,1.5478127661724498e-18,6.69859977444575e-17,ENSG00000107957.17,SH3PXD2A,ENSG00000107957.17
47.3001781815375,2.71966593201854,0.489877051935342,5.55173164628562,2.82853576877431e-08,4.46166683205035e-07,ENSG00000162105.21,SHANK2,ENSG00000162105.21
29.1136573143609,3.98411245716607,0.684166453229588,5.82330869682251,5.769384682159031e-09,1.0111848325876e-07,ENSG00000185187.13,SIGIRR,ENSG00000185187.13
6.04137608297198,5.88834683724567,1.47480734710332,3.99262103542611,6.53469589846112e-05,0.0005666521811772,ENSG00000170577.8,SIX2,ENSG00000170577.8
141.973892473881,4.9303947398168,0.396904951118315,12.4221044003734,1.98276394430633e-35,2.2521758082465398e-33,ENSG00000155926.14,SLA,ENSG00000155926.14
1695.0991929765,2.30915991633779,0.238688709179194,9.6743575524731,3.8751783927855e-22,2.1479892724935402e-20,ENSG00000113504.21,SLC12A7,ENSG00000113504.21
851.541433210069,2.99925835875913,0.171223359385754,17.5166424109343,1.06954134118747e-68,5.26442508683686e-66,ENSG00000221955.11,SLC12A8,ENSG00000221955.11
3.9984434971395,5.2835875244014,1.57097070541368,3.36326292157693,0.0007702696495265,0.0050009276084982,ENSG00000007216.16,SLC13A2,ENSG00000007216.16
57.782302100192,7.28085053993973,1.08450904587532,6.71349913366863,1.9001174652153898e-11,4.5726686014270803e-10,ENSG00000170190.16,SLC16A5,ENSG00000170190.16
237.3792417298,9.31570977904098,1.04477279722321,8.91649342689644,4.81285321674938e-19,2.18537871278623e-17,ENSG00000162383.13,SLC1A7,ENSG00000162383.13
3.54110668040021,5.10382244805028,1.6240527427976,3.14264574884337,0.0016742833540956,0.0098596274144182,ENSG00000137204.15,SLC22A7,ENSG00000137204.15
17.3702477923889,3.91346547063098,0.845214433300414,4.63014510453825,3.65409572603014e-06,4.12521705878069e-05,ENSG00000140090.18,SLC24A4,ENSG00000140090.18
169.229358620267,1.81205980454319,0.266651043750016,6.79562239494548,1.07845912121535e-11,2.65593041486229e-10,ENSG00000174669.12,SLC29A2,ENSG00000174669.12
25.7832178812084,3.00037681243278,0.562636973034613,5.3327046678964,9.67606128527766e-08,1.41019138731666e-06,ENSG00000109667.12,SLC2A9,ENSG00000109667.12
25.3066850184817,1.99113558430569,0.527230852589488,3.77659155287717,0.0001589891353015,0.0012559081163706,ENSG00000017483.16,SLC38A5,ENSG00000017483.16
35.5705131815094,1.72313808169861,0.435376036183723,3.95781563175302,7.56383032556521e-05,0.0006460582144807,ENSG00000149150.9,SLC43A1,ENSG00000149150.9
18.498700522741,5.03053500651587,0.983544849819911,5.11469813241051,3.14243090267696e-07,4.23998462000083e-06,ENSG00000004939.16,SLC4A1,ENSG00000004939.16
248.56408984683,1.52101471845301,0.249340559931029,6.10014960612001,1.05969235387026e-09,2.06763229045849e-08,ENSG00000088836.14,SLC4A11,ENSG00000088836.14
10.9537464663508,4.86750353761273,1.22670387609502,3.96795317310607,7.24925731984036e-05,0.0006222124697029,ENSG00000099960.13,SLC7A4,ENSG00000099960.13
178.112508469894,2.50198310259708,0.247546918406775,10.10710663942,5.13792514527533e-24,3.1931253310266697e-22,ENSG00000155465.21,SLC7A7,ENSG00000155465.21
111.951826872024,2.27635619110784,0.389492500264935,5.84441597607001,5.0834854669099e-09,8.95333728513578e-08,ENSG00000092068.21,SLC7A8,ENSG00000092068.21
229.922738068611,4.1728353944086,0.68840048101061,6.06163927759413,1.34741137013361e-09,2.58290180858478e-08,ENSG00000174640.15,SLCO2A1,ENSG00000174640.15
44.9889917640321,8.77449230877228,1.25053158206252,7.01660992383765,2.27316078533851e-12,5.9641793568981e-11,ENSG00000137491.15,SLCO2B1,ENSG00000137491.15
88.2373260177696,2.40732987955058,0.310183740329402,7.76098024027341,8.427544821195691e-15,2.76052568428802e-13,ENSG00000130768.15,SMPDL3B,ENSG00000130768.15
10.9714541160548,3.7912006004229,1.03143318948358,3.67566279530047,0.0002372327040294,0.0018001402881709,ENSG00000167208.16,SNX20,ENSG00000167208.16
316.628991260233,3.59268134273444,0.228914863161911,15.6943996257392,1.6519816497423898e-55,4.69111958322231e-53,ENSG00000184985.16,SORCS2,ENSG00000184985.16
58.088969264697,3.4064244807932,0.477865057066929,7.12842345431443,1.0152503176102099e-12,2.7618998323433e-11,ENSG00000171056.8,SOX7,ENSG00000171056.8
14.0020419968681,5.23318641230779,1.25922842247469,4.15586744938883,3.24055668147122e-05,0.0003025503046362,ENSG00000005513.10,SOX8,ENSG00000005513.10
406.21512600809,1.89103238128795,0.190904863211361,9.90562707244544,3.9349374216868504e-23,2.32841178745018e-21,ENSG00000166145.15,SPINT1,ENSG00000166145.15
13.300620123053,4.51577221809102,1.03622021358453,4.35792716537529,1.31300060750438e-05,0.0001324336896902,ENSG00000167642.13,SPINT2,ENSG00000167642.13
16.5483876016089,4.04481496656204,0.849522557995987,4.76128023734145,1.92368702480277e-06,2.28196755165872e-05,ENSG00000149651.4,SPINT4,ENSG00000149651.4
1250.28019889285,1.97192317704726,0.247272508098189,7.97469638745375,1.5275586784666701e-15,5.30492532213318e-14,ENSG00000187678.10,SPRY4,ENSG00000187678.10
1655.60154622224,1.60590839638356,0.234430064929889,6.85026639763049,7.371258978726649e-12,1.84862361724642e-10,ENSG00000171621.14,SPSB1,ENSG00000171621.14
476.502879322216,3.93877825926459,0.250727876090246,15.7093751228798,1.30458612288084e-55,3.76250791502102e-53,ENSG00000277363.5,SRCIN1,ENSG00000277363.5
33.8764871352685,2.52886153121275,0.470025304429433,5.38026678006742,7.43755362562516e-08,1.10311261407625e-06,ENSG00000125508.4,SRMS,ENSG00000125508.4
68.3270639824918,1.56731655657201,0.3037013577489,5.16071633063908,2.46006703728428e-07,3.36729086942479e-06,ENSG00000113532.13,ST8SIA4,ENSG00000113532.13
1234.5272115405,5.82128863433068,0.252418284288964,23.0620719522306,1.1129591415251e-117,2.05429998342703e-114,ENSG00000141750.7,STAC2,ENSG00000141750.7
509.607927293378,1.64263883914578,0.175658127904255,9.35133977996806,8.65444062410026e-21,4.43203740070658e-19,ENSG00000130052.14,STARD8,ENSG00000130052.14
915.851985895176,2.07143690157658,0.176960392399306,11.7056527367008,1.1923810410146502e-31,1.11156410379032e-29,ENSG00000197457.10,STMN3,ENSG00000197457.10
30.8096536767867,1.68643637287683,0.479640767855839,3.51604051593819,0.0004380341336201,0.0030789162369997,ENSG00000088002.12,SULT2B1,ENSG00000088002.12
312.808581280637,2.84532136802775,0.206699639873824,13.7654877858743,4.11100119260859e-43,6.89826000119722e-41,ENSG00000099994.11,SUSD2,ENSG00000099994.11
44.8210802236336,4.51605698135957,0.55926184963641,8.07503137268449,6.74592993018142e-16,2.40379101643414e-14,ENSG00000105467.9,SYNGR4,ENSG00000105467.9
605.983873103033,5.63872290328089,0.259016033611775,21.7697832240473,4.487477116001451e-105,5.34386145852612e-102,ENSG00000011347.10,SYT7,ENSG00000011347.10
8.91998919608917,6.4368238022975,1.37159054235008,4.69296309908104,2.69276076422247e-06,3.11032404167825e-05,ENSG00000162367.12,TAL1,ENSG00000162367.12
1563.93036794056,3.20796076764768,0.165752190088634,19.3539570483639,1.8877688967223198e-83,1.36644856061571e-80,ENSG00000095383.20,TBC1D2,ENSG00000095383.20
12.3654264529029,2.65744019982093,0.772073603034954,3.44195189341374,0.000577532946816,0.0038990867345759,ENSG00000153495.11,TEX29,ENSG00000153495.11
54.7129825566375,2.54792663756749,0.403036793521396,6.32182142802857,2.58498005343006e-10,5.44675363312923e-09,ENSG00000115112.8,TFCP2L1,ENSG00000115112.8
233.988074862291,3.03597369099497,0.243802865249483,12.4525759280486,1.3540332650197e-35,1.56204662535835e-33,ENSG00000042832.12,TG,ENSG00000042832.12
134.179403463216,3.66390642657333,0.297965979975071,12.2963917789536,9.47112679053707e-35,1.04681472035768e-32,ENSG00000069702.11,TGFBR3,ENSG00000069702.11
9195.72655009669,4.67322116228845,0.763286724437908,6.12249763118814,9.21197867254748e-10,1.81177093593907e-08,ENSG00000198959.12,TGM2,ENSG00000198959.12
28.4767351884251,8.11786184005138,1.28365853872434,6.32400408298506,2.54870985357431e-10,5.37646702597424e-09,ENSG00000166948.10,TGM6,ENSG00000166948.10
1062.11629686765,2.31680011233963,0.217559322681618,10.6490500328046,1.76153457445561e-26,1.27257945891592e-24,ENSG00000187720.15,THSD4,ENSG00000187720.15
47.6701478979611,2.36451101649963,0.513493687380503,4.60475186863886,4.12957945699434e-06,4.61542704312453e-05,ENSG00000066056.14,TIE1,ENSG00000066056.14
140.89332703903,3.06894732143808,0.285432779662368,10.7519091712881,5.80475086641744e-27,4.31163346045606e-25,ENSG00000105289.15,TJP3,ENSG00000105289.15
128.7119927214,4.44013779708713,0.356649576867532,12.4495810035303,1.40581233510698e-35,1.61672798014982e-33,ENSG00000065717.15,TLE2,ENSG00000065717.15
218.824465719199,6.71631124418851,0.476664588531279,14.0902248788464,4.36170472424535e-45,7.81634425243891e-43,ENSG00000167895.16,TMC8,ENSG00000167895.16
56.655134072883,1.74727270773265,0.3530912975246,4.94850119496621,7.47871313312858e-07,9.51358284019899e-06,ENSG00000167619.13,TMEM145,ENSG00000167619.13
94.0910864860236,1.81064963488491,0.291122402731848,6.21954757824905,4.98590422017984e-10,1.01690408945944e-08,ENSG00000152128.13,TMEM163,ENSG00000152128.13
61.9630084249815,3.83414720404757,0.472361584527162,8.1169750666443,4.77946915324277e-16,1.72640785969775e-14,ENSG00000171227.7,TMEM37,ENSG00000171227.7
189.69239196622,5.79116652868781,0.396034423015914,14.6228867798573,2.00706439008071e-48,4.2098175581942804e-46,ENSG00000088726.16,TMEM40,ENSG00000088726.16
389.192288671368,1.9443041377711,0.290170087131336,6.70056709495032,2.07612246410326e-11,4.97676213537896e-10,ENSG00000105696.9,TMEM59L,ENSG00000105696.9
269.155458894548,2.91820599445361,0.272691163006015,10.7015055503989,1.00137800459104e-26,7.36391840985711e-25,ENSG00000167105.8,TMEM92,ENSG00000167105.8
16.278786331796,7.31543664401182,1.33400758328412,5.48380439187785,4.16275045190919e-08,6.42173404440784e-07,ENSG00000137648.19,TMPRSS4,ENSG00000137648.19
9.67196892135056,2.89351737713089,0.920837985472921,3.14226543950058,0.0016764597714331,0.0098673770603037,ENSG00000186891.14,TNFRSF18,ENSG00000186891.14
236.751056644707,4.55050525072298,0.275286970551794,16.5300422377485,2.22987337610884e-61,7.99203937402272e-59,ENSG00000028137.19,TNFRSF1B,ENSG00000028137.19
1724.02435797155,2.86639370429625,0.159825926957792,17.9344725781144,6.34630084955966e-72,3.3953629298890497e-69,ENSG00000146072.6,TNFRSF21,ENSG00000146072.6
31.4375037460434,3.56083705461934,0.57280386100892,6.2165032343661,5.08355909226607e-10,1.03453510170945e-08,ENSG00000120949.15,TNFRSF8,ENSG00000120949.15
13.598725231565,6.06630136145416,1.31670842390472,4.60717137622955,4.08183576530667e-06,4.5678829168835e-05,ENSG00000159173.19,TNNI1,ENSG00000159173.19
13.1042377168516,3.97551624976892,0.973501692343553,4.08372813425572,4.43188777018998e-05,0.0003993350474111,ENSG00000130595.20,TNNT3,ENSG00000130595.20
1311.62198869379,3.87782902736592,0.228322648667653,16.9839875719491,1.07899439665054e-64,4.32958229855992e-62,ENSG00000079308.21,TNS1,ENSG00000079308.21
265.551624535268,8.88409510616914,0.869168738914378,10.2213698081982,1.59076853716039e-24,1.0124967468588399e-22,ENSG00000131746.13,TNS4,ENSG00000131746.13
38.0449889834887,3.10929834384901,0.52768256981273,5.89236507272255,3.80706925718287e-09,6.82904609806428e-08,ENSG00000124191.18,TOX2,ENSG00000124191.18
1633.04193150872,2.02917082218202,0.157246895569044,12.904361735339,4.25324963491598e-38,5.56783558590632e-36,ENSG00000175274.19,TP53I11,ENSG00000175274.19
54.383121328318,1.68732027497564,0.429660472463885,3.92710147456599,8.5975714159675e-05,0.0007254581631813,ENSG00000073282.14,TP63,ENSG00000073282.14
39345.1838362983,2.07753311953388,0.17228105027908,12.0589764002974,1.73931125590542e-33,1.75913463898643e-31,ENSG00000140416.24,TPM1,ENSG00000140416.24
13.4690322933238,7.04191037043335,1.33911608636847,5.25862577719471,1.45135901311263e-07,2.05991423791103e-06,ENSG00000095917.14,TPSD1,ENSG00000095917.14
27.2861164193757,6.16643105987254,1.10979432027327,5.5563728766914,2.75438151577774e-08,4.36207529092215e-07,ENSG00000204610.14,TRIM15,ENSG00000204610.14
1012.69106110883,9.09175899800804,0.505226229775327,17.9954215798557,2.11605720701799e-72,1.1659159381235199e-69,ENSG00000137699.17,TRIM29,ENSG00000137699.17
7.14189711987462,4.19745044432845,1.30504076259661,3.21633665754385,0.0012983842190113,0.0078821167289955,ENSG00000158022.7,TRIM63,ENSG00000158022.7
65.9619448777172,3.64741872123383,0.395640436857299,9.21902409724968,2.99816421338566e-20,1.4796822206062198e-18,ENSG00000142185.18,TRPM2,ENSG00000142185.18
128.443947042347,1.63314750089321,0.266954736827252,6.11769440880922,9.4938903992284e-10,1.8622553558869e-08,ENSG00000187688.15,TRPV2,ENSG00000187688.15
127.880617566658,3.45553078064679,0.3374876706063,10.2389837662481,1.32622030358614e-24,8.52939873295925e-23,ENSG00000167723.15,TRPV3,ENSG00000167723.15
219.435319259821,3.30806434486556,0.250541983962666,13.203632750663,8.36039292042408e-40,1.21508765767864e-37,ENSG00000117472.10,TSPAN1,ENSG00000117472.10
56.8835447105003,1.92020538978665,0.373375714046434,5.1428234819468,2.70639886287045e-07,3.67719618777054e-06,ENSG00000110900.16,TSPAN11,ENSG00000110900.16
62.0949474925065,1.90933909076986,0.393055044019539,4.8576888143813,1.18763866076762e-06,1.45705778666991e-05,ENSG00000064201.16,TSPAN32,ENSG00000064201.16
21.6609791073063,5.83120069226167,1.13578996341074,5.13404844215277,2.83575056107091e-07,3.84304580442341e-06,ENSG00000133985.3,TTC9,ENSG00000133985.3
319.181439618209,4.84388124147193,0.27528892706116,17.5956268680425,2.66094943715511e-69,1.36432790863914e-66,ENSG00000141540.11,TTYH2,ENSG00000141540.11
4.61043423838464,5.46346509047508,1.55166663387343,3.52103020791045,0.0004298736424137,0.0030290542819904,ENSG00000162543.6,UBXN10,ENSG00000162543.6
207.228488158099,8.53164910987518,0.900234203055606,9.47714392645466,2.6133799286914403e-21,1.39214333979182e-19,ENSG00000214049.8,UCA1,ENSG00000214049.8
227.068694599219,5.70929602283433,0.372604108329599,15.3226867208452,5.39409635375454e-53,1.32752307330135e-50,ENSG00000130477.16,UNC13A,ENSG00000130477.16
3173.69224851173,2.38250201703976,0.144760697738022,16.4582103724828,7.32338183830943e-61,2.5747615613621997e-58,ENSG00000107731.12,UNC5B,ENSG00000107731.12
77.1623442145603,1.67287363568801,0.366824640248904,4.56041784584837,5.10519328163144e-06,5.59902897161931e-05,ENSG00000243566.7,UPK3B,ENSG00000243566.7
6.6592570072156,6.00690653321937,1.42857216566021,4.20483240371921,2.61275689752863e-05,0.0002481413265478,ENSG00000159650.9,UROC1,ENSG00000159650.9
34.4698459936717,1.93358473386394,0.423898266902625,4.56143580862554,5.0805008532987e-06,5.58023711694063e-05,ENSG00000162738.7,VANGL2,ENSG00000162738.7
848.737121206653,1.90949736743716,0.257364722603164,7.41942154357127,1.17632956665675e-13,3.5133804435841896e-12,ENSG00000111424.12,VDR,ENSG00000111424.12
310.751822890089,2.89971573164647,0.21333308971704,13.5924330139904,4.440693031728e-42,7.09665038784722e-40,ENSG00000128564.8,VGF,ENSG00000128564.8
15.3468412595359,2.43806651564835,0.723688143565053,3.36894633044266,0.0007545611983563,0.0049188382833346,ENSG00000106018.14,VIPR2,ENSG00000106018.14
66.5681107110484,1.72214525566045,0.332718487853794,5.17598305633444,2.26714032803465e-07,3.11368461923221e-06,ENSG00000165633.13,VSTM4,ENSG00000165633.13
13.7316587653744,2.64509738247825,0.752292306109628,3.5160500260291,0.0004380184435162,0.0030789162369997,ENSG00000085741.14,WNT11,ENSG00000085741.14
30.2358355436596,2.56573708271958,0.496370281877164,5.16899817816756,2.35352192117883e-07,3.22504139726198e-06,ENSG00000154764.6,WNT7A,ENSG00000154764.6
602.07927557819,4.47884502334291,0.218878319396406,20.4627166166758,4.62861634880834e-93,3.97372095657229e-90,ENSG00000188064.10,WNT7B,ENSG00000188064.10
76.4334861650492,2.71855326934299,0.401694071639091,6.76772066426094,1.3082702858040098e-11,3.19418689621301e-10,ENSG00000184937.16,WT1,ENSG00000184937.16
2551.07656154738,2.29487151517644,0.150693543888161,15.2287314769079,2.27971856070626e-52,5.464811064093e-50,ENSG00000113645.15,WWC1,ENSG00000113645.15
16.9571784147976,5.48919069737743,1.14369691944817,4.79951515478938,1.59050201082327e-06,1.91441057161891e-05,ENSG00000184828.10,ZBTB7C,ENSG00000184828.10
68.4570191145827,1.79347809859331,0.350854071057266,5.11174943243165,3.1918901513556e-07,4.29886234321209e-06,ENSG00000043355.12,ZIC2,ENSG00000043355.12
183.132046394403,2.46415852994171,0.278755810566249,8.83984633337741,9.585034137282281e-19,4.2224477352256903e-17,ENSG00000147394.20,ZNF185,ENSG00000147394.20
219.259486289638,2.52792894238976,0.342639150670366,7.37781697580069,1.60905950699992e-13,4.73684535569451e-12,ENSG00000265763.4,ZNF488,ENSG00000265763.4
143.867279738773,2.20067689522107,0.247459415859846,8.89308207398125,5.94368801399826e-19,2.67581935030195e-17,ENSG00000188372.15,ZP3,ENSG00000188372.15
