gene_symbol,ensembl_id,baseMean,log2FoldChange,padj,is_significant,regulation
SAMD11,ENSG00000187634.13,1580.26078523514,0.632086313909669,0.0048630781257056,True,Upregulated
AGRN,ENSG00000188157.15,18221.2810411059,0.706621924054182,0.0008709606099651,True,Upregulated
SSU72,ENSG00000160075.12,4826.26478150352,-0.0442235626071724,0.873960957696703,False,Not significant
PRKCZ,ENSG00000067606.17,138.861443461511,-0.0033540421448523,0.995807197763455,False,Not significant
SKI,ENSG00000157933.11,5311.11747406735,0.0230688383012171,0.95174259717547,False,Not significant
MMEL1,ENSG00000142606.16,15.0905293478577,2.21408226138888,0.0074441069474485,True,Upregulated
TTC34,ENSG00000215912.13,158.524186854443,0.310195592680381,0.417006229366678,False,Not significant
PRDM16,ENSG00000142611.17,1213.16205095564,-1.27213093514883,1.95562161795604e-12,True,Downregulated
TP73,ENSG00000078900.15,710.434125362304,0.900294663893752,3.54531956659528e-07,True,Upregulated
NPHP4,ENSG00000131697.18,1128.52866367074,0.112998444192154,0.655548092655604,False,Not significant
CHD5,ENSG00000116254.18,44.6394402452074,1.58242068976305,0.000336939398274,True,Upregulated
ESPN,ENSG00000187017.18,69.4779152366403,2.63774244117968,1.7826258013296e-11,True,Upregulated
ERRFI1,ENSG00000116285.13,6286.15249164918,0.798155824750619,9.82681764502705e-07,True,Upregulated
RERE,ENSG00000142599.20,6270.75962224521,-0.695747181227674,0.001633827470999,True,Downregulated
ENO1,ENSG00000074800.16,116059.102460562,0.243664827089311,0.25668112003757,False,Not significant
MASP2,ENSG00000009724.18,361.103555483053,-0.333017778649098,0.399980799329583,False,Not significant
VPS13D,ENSG00000048707.15,8595.3242642886,-0.579173887411561,0.000590058166834,True,Downregulated
CROCC,ENSG00000058453.17,1376.34048430549,0.787110452558825,0.0092030054692708,True,Upregulated
PAX7,ENSG00000009709.12,1.37119703788555,3.7486901182079,,False,Not significant
KIAA0319L,ENSG00000142687.19,3231.46882015784,-0.571917425042096,0.000146111369009,True,Downregulated
CSF3R,ENSG00000119535.19,9.6439581605402,3.61594625816128,0.0026885564559346,True,Upregulated
DAB1,ENSG00000173406.16,47.6675962753544,-2.193792682086,9.38417804725505e-07,True,Downregulated
TACSTD2,ENSG00000184292.7,15.6887269994371,0.905779558007589,0.38367876724642,False,Not significant
JUN,ENSG00000177606.8,11261.8815524899,-0.76299813783625,3.80186141445244e-08,True,Downregulated
FGGY,ENSG00000172456.18,353.077348452719,0.564236333667525,0.0144440085769906,False,Not significant
NFIA,ENSG00000162599.18,773.975918097353,0.447214875447433,0.127243912745602,False,Not significant
JAK1,ENSG00000162434.14,6582.87937475213,-0.197684646582743,0.315242935012572,False,Not significant
PDE4B,ENSG00000184588.18,876.472049622012,-2.68487717637977,6.77561354622331e-47,True,Downregulated
GNG12,ENSG00000172380.6,9134.55797770232,-0.95467932411542,2.91619403680662e-08,True,Downregulated
WLS,ENSG00000116729.14,2703.11574494376,-0.0204117069481847,0.94871927417726,False,Not significant
ERICH3,ENSG00000178965.14,32.6015366929374,-0.578566531334105,0.430848776101537,False,Not significant
AK5,ENSG00000154027.19,180.421287523664,-0.621767430870901,0.0163169522599116,False,Not significant
DDAH1,ENSG00000153904.21,3594.36932396448,-1.28016316981937,1.61606375603936e-10,True,Downregulated
MTF2,ENSG00000143033.18,1467.65989000841,-0.410480022972595,0.0254965876012851,False,Not significant
BCAR3,ENSG00000137936.18,2482.69680039165,-0.0996320725627631,0.769959432175108,False,Not significant
ABCD3,ENSG00000117528.14,4060.78237023253,-0.0519924899818089,0.906792834849053,False,Not significant
CNN3,ENSG00000117519.16,17725.2627143099,-0.838751896320575,2.4106315408829e-09,True,Downregulated
DPYD,ENSG00000188641.14,3412.07407451087,-0.759483175974178,2.0755171589143e-05,True,Downregulated
SNX7,ENSG00000162627.17,2215.98467955707,-0.630044067572663,0.001494070804588,True,Downregulated
AHCYL1,ENSG00000168710.18,9317.41393384075,0.0725498116359403,0.7849235825941,False,Not significant
VANGL1,ENSG00000173218.15,4718.74852278388,-0.487850037349718,0.0196180656189891,False,Not significant
CASQ2,ENSG00000118729.12,26.7478034731172,-1.06132348538733,0.0812790971491674,False,Not significant
ATP1A1,ENSG00000163399.16,61167.8445202469,-1.28948792709695,2.27718330249103e-19,True,Downregulated
SPAG17,ENSG00000155761.14,2117.13335309891,-4.09988467555153,2.2269202478853298e-119,True,Downregulated
TBX15,ENSG00000092607.15,36.1994189518166,-0.106710467572823,0.905450735734424,False,Not significant
CGN,ENSG00000143375.15,515.638918091583,1.30354172279119,5.61762175498177e-09,True,Upregulated
NOS1AP,ENSG00000198929.13,718.214981175905,-0.025713591749704,0.961327734392866,False,Not significant
PBX1,ENSG00000185630.20,6462.11157161594,-2.12651093364178,1.29555327549196e-19,True,Downregulated
LAMC1,ENSG00000135862.6,12894.9701692185,0.149523568492498,0.508975991758804,False,Not significant
LAMC2,ENSG00000058085.15,231.277587757763,1.84884905043898,4.75726098890952e-13,True,Upregulated
COLGALT2,ENSG00000198756.12,675.21286716588,-1.53765996065825,3.79780570288573e-17,True,Downregulated
ATP2B4,ENSG00000058668.16,13847.1253043136,-0.207610913283096,0.562602697339902,False,Not significant
RASSF5,ENSG00000266094.8,708.647099733269,1.39650668295068,7.68642945486674e-17,True,Upregulated
SYT14,ENSG00000143469.21,7.22549229965321,-0.917411272704091,0.505878295132876,False,Not significant
SMYD2,ENSG00000143499.14,1803.18304999079,-0.257126358183604,0.295539236187047,False,Not significant
TGFB2,ENSG00000092969.12,2701.9352437269,-0.188208652039414,0.623031382216968,False,Not significant
RAB3GAP2,ENSG00000118873.17,3373.78759746863,-0.39393421444174,0.0223548714126207,False,Not significant
OBSCN,ENSG00000154358.23,339.153439528917,3.0439378166263,7.75665417906759e-35,True,Upregulated
GALNT2,ENSG00000143641.10,7314.15639840695,0.173186687414544,0.465723201266194,False,Not significant
SIPA1L2,ENSG00000116991.12,3421.0727555203,-0.311980124836098,0.287192012112341,False,Not significant
IRF2BP2,ENSG00000168264.11,5695.62614015702,-0.192312226850793,0.456190868988569,False,Not significant
ARID4B,ENSG00000054267.22,3085.60507552411,-0.441389890241683,0.0100178539395144,False,Not significant
OPN3,ENSG00000054277.14,44.9106284490557,-0.769734072960884,0.160387515141976,False,Not significant
EFCAB2,ENSG00000203666.13,84.2560468534306,-0.782111782948426,0.0389210359033202,False,Not significant
SMYD3,ENSG00000185420.19,1074.14046617763,0.0737309378747885,0.824422312952877,False,Not significant
MYT1L,ENSG00000186487.21,5.14491956955148,1.51472719892592,0.365216867272291,False,Not significant
ASAP2,ENSG00000151693.11,3846.73546883326,0.384235705921621,0.0232523211218997,False,Not significant
TRIB2,ENSG00000071575.12,4905.51724079438,0.414015215233607,0.0565973519521568,False,Not significant
DTNB,ENSG00000138101.20,742.131228408939,0.175762230233519,0.487210258081625,False,Not significant
OTOF,ENSG00000115155.19,20.2278265853856,3.69465686083756,2.44609674637123e-05,True,Upregulated
RBKS,ENSG00000171174.15,124.527026049641,-0.39335339005906,0.304100668314208,False,Not significant
CLIP4,ENSG00000115295.21,2912.11984128499,-0.919831828329179,3.4612205614434705e-09,True,Downregulated
CRIM1,ENSG00000150938.10,13019.7773763198,-0.999148040970403,1.08334946092665e-07,True,Downregulated
CDC42EP3,ENSG00000163171.8,5470.10566720082,-1.52425712287707,3.778547702079e-12,True,Downregulated
TMEM178A,ENSG00000152154.11,26.5155130663393,-0.891884651914518,0.32185997184661,False,Not significant
EML4,ENSG00000143924.19,3691.29317266914,-0.390302955801859,0.0230517607949367,False,Not significant
PRKCE,ENSG00000171132.14,1203.00884446502,-0.242998239787634,0.368949589680561,False,Not significant
CALM2,ENSG00000143933.20,11936.724232866,-0.320656930308814,0.198577490574464,False,Not significant
SPTBN1,ENSG00000115306.16,19149.4924834622,-0.213825072873055,0.365823072572741,False,Not significant
RTN4,ENSG00000115310.19,17471.8963501008,-0.311060199160066,0.160541546789886,False,Not significant
UGP2,ENSG00000169764.16,2899.57000728779,0.0325796252321735,0.929184264199874,False,Not significant
SPRED2,ENSG00000198369.10,1592.21116184014,-0.22360216760066,0.514234635225752,False,Not significant
ANTXR1,ENSG00000169604.21,3123.82781377997,-0.887866214581848,8.93169401041949e-06,True,Downregulated
CYP26B1,ENSG00000003137.9,473.033926664596,2.61205163823293,1.48530277668536e-33,True,Upregulated
KDM3A,ENSG00000115548.17,4426.03899382703,-0.438867413609125,0.0157465754554425,False,Not significant
SEMA4C,ENSG00000168758.11,1917.72688234967,0.248887249688154,0.271405181442274,False,Not significant
CNGA3,ENSG00000144191.12,2.0649157573967,-0.950633712831243,0.764794744123282,False,Not significant
AFF3,ENSG00000144218.21,1355.74160034638,1.19085492491569,1.17092560919275e-05,True,Upregulated
TBC1D8,ENSG00000204634.13,1210.53529083335,0.505603827734366,0.0046675846359569,True,Upregulated
MAP4K4,ENSG00000071054.17,11624.7951365897,-0.632082616811278,7.41385524734751e-05,True,Downregulated
MALL,ENSG00000144063.4,9.35641786786177,2.19928891348023,0.0284618762686899,False,Not significant
EN1,ENSG00000163064.7,818.210161414841,-0.124740662705662,0.663625277593102,False,Not significant
INHBB,ENSG00000163083.6,82.605983034692,7.7912719362443,4.83708813271438e-12,True,Upregulated
CLASP1,ENSG00000074054.21,5881.23093509485,-0.239333936947092,0.244691888315166,False,Not significant
WDR33,ENSG00000136709.12,3212.03138387829,-0.233192654709702,0.279400059098697,False,Not significant
HS6ST1,ENSG00000136720.7,2922.75626387846,0.22371460254371,0.435345156436221,False,Not significant
GPR39,ENSG00000183840.7,381.244792555027,-0.151840062383011,0.680771157229506,False,Not significant
FMNL2,ENSG00000157827.20,3885.1171146092,-1.25381259730127,6.96802697537426e-14,True,Downregulated
TANC1,ENSG00000115183.15,4174.59574960243,-0.732811396725115,8.24354916445424e-06,True,Downregulated
BAZ2B,ENSG00000123636.19,2095.64034954876,-1.57061030990298,9.384228650806121e-14,True,Downregulated
RBMS1,ENSG00000153250.21,2847.07079569743,-0.737066886925338,0.0002167481613996,True,Downregulated
STK39,ENSG00000198648.12,1528.8673873851,-0.0170589687106174,0.960898969194696,False,Not significant
RAPGEF4,ENSG00000091428.18,429.350262780789,-0.74604000295233,0.0006794771463136,True,Downregulated
CHN1,ENSG00000128656.15,2914.12427778728,-2.61895644194789,3.0406124479470596e-48,True,Downregulated
OSBPL6,ENSG00000079156.17,1403.29502220239,-1.2667209538371,2.21710491496749e-14,True,Downregulated
GLS,ENSG00000115419.14,7636.43515756366,-0.659987787443544,0.0111278438262406,False,Not significant
STAT1,ENSG00000115415.21,10120.7274081798,-1.48098720247116,0.168487367891223,False,Not significant
STAT4,ENSG00000138378.19,3.83556442874748,-1.38129577686727,0.460275909178243,False,Not significant
MYO1B,ENSG00000128641.19,2492.55331038706,0.145888745838312,0.52866238841709,False,Not significant
PARD3B,ENSG00000116117.19,1086.70501350888,-0.307700256244952,0.17066860328258,False,Not significant
NRP2,ENSG00000118257.17,30059.3667871591,-0.958939391671362,2.79250768577879e-07,True,Downregulated
MREG,ENSG00000118242.16,751.642713533233,0.180331749321225,0.609347347056695,False,Not significant
AP1S3,ENSG00000152056.18,385.390924669619,0.219827187431159,0.601233226269559,False,Not significant
DOCK10,ENSG00000135905.21,1102.73637633932,-0.19777957344423,0.42267315408165,False,Not significant
CAB39,ENSG00000135932.12,4140.17084294464,0.659440795585062,0.0005595865631224,True,Upregulated
ECEL1,ENSG00000171551.12,4.69455318941272,5.50556858699576,0.0020372779612657,True,Upregulated
SH3BP4,ENSG00000130147.16,6818.79227977612,-0.151904084744974,0.573630830129139,False,Not significant
COPS8,ENSG00000198612.11,2546.06347548506,0.127701752790128,0.623266690117093,False,Not significant
ANO7,ENSG00000146205.15,728.333107415452,0.730630075792466,1.85508030859262e-05,True,Upregulated
NEU4,ENSG00000204099.12,6.33774405952826,1.24400167209892,0.389904117222834,False,Not significant
ATG7,ENSG00000197548.13,1332.58216536823,0.580374876414937,0.0027961815578845,True,Upregulated
VGLL4,ENSG00000144560.16,2140.49596425371,-0.851703000249144,1.44132747715461e-06,True,Downregulated
IQSEC1,ENSG00000144711.17,2083.58083383083,0.729523145179688,0.0003940328178934,True,Upregulated
TRAK1,ENSG00000182606.17,3502.9553524974,-0.419894765781341,0.012854713974721,False,Not significant
NKTR,ENSG00000114857.19,3910.7674525246,-0.28642931116059,0.437461182767702,False,Not significant
CCDC12,ENSG00000160799.12,535.488620285449,0.312547797103905,0.222426514852666,False,Not significant
FLNB,ENSG00000136068.16,24824.4325170307,0.450192796401056,0.003739291925342,True,Upregulated
ARL6IP5,ENSG00000144746.7,4266.81051764386,-0.293918982043733,0.226129601832288,False,Not significant
FOXP1,ENSG00000114861.24,1025.59602424703,-0.717939692510924,0.0006949996129231,True,Downregulated
ST3GAL6,ENSG00000064225.13,270.570214302902,-0.924045446474309,2.69034592048737e-05,True,Downregulated
DCBLD2,ENSG00000057019.16,21447.5300580422,-1.69470252612573,3.61601853417233e-26,True,Downregulated
ABI3BP,ENSG00000154175.18,2026.33098895558,-0.990019462954981,0.0022414048974419,True,Downregulated
CD47,ENSG00000196776.17,3132.48077089957,0.66368887019947,0.0004801799010312,True,Upregulated
ZBTB20,ENSG00000181722.18,7555.6557151624,-2.45398658614074,1.64348041481974e-26,True,Downregulated
PARP9,ENSG00000138496.17,3166.19146974367,-1.74009321502978,3.26994689081741e-12,True,Downregulated
MYLK,ENSG00000065534.20,11043.4319898896,0.420143041704032,0.0599720029484085,False,Not significant
SLC12A8,ENSG00000221955.11,851.541433210069,2.99925835875913,5.26442508683686e-66,True,Upregulated
TMCC1,ENSG00000172765.19,1547.19432620694,-0.665933530621207,0.000269936976318,True,Downregulated
TRH,ENSG00000170893.4,4.34224202613473,3.47821573315447,0.0708216335367424,False,Not significant
SLCO2A1,ENSG00000174640.15,229.922738068611,4.1728353944086,2.58290180858478e-08,True,Upregulated
ZBTB38,ENSG00000177311.12,3519.81700566989,-1.09475758776937,4.69558648659519e-08,True,Downregulated
PCOLCE2,ENSG00000163710.9,81.0227412043416,2.41111069857735,1.8795468548759303e-09,True,Upregulated
PLOD2,ENSG00000152952.14,12688.1157336993,0.137243616856291,0.594420737878345,False,Not significant
PLSCR2,ENSG00000163746.13,11.8427742655163,-1.73970908697994,0.0882001346409249,False,Not significant
HPS3,ENSG00000163755.9,1946.47052043546,0.0724175602460852,0.777794298856281,False,Not significant
WWTR1,ENSG00000018408.15,6910.48011285386,-1.10443217157747,2.79630805645326e-08,True,Downregulated
RAP2B,ENSG00000181467.5,3171.90187602498,-0.635872707580287,0.0037566240783946,True,Downregulated
RARRES1,ENSG00000118849.10,109.645504680662,0.0548876573217193,0.925342109506958,False,Not significant
SCHIP1,ENSG00000151967.18,250.988291186372,0.269434745742199,0.456190868988569,False,Not significant
TNIK,ENSG00000154310.17,3619.4522881547,-1.06312053219786,7.77727281024754e-08,True,Downregulated
FNDC3B,ENSG00000075420.13,11719.2033686623,-0.451818066467759,0.0122042682798054,False,Not significant
TNFSF10,ENSG00000121858.11,900.39757961847,-0.480391739692253,0.172025587005746,False,Not significant
NCEH1,ENSG00000144959.11,3760.3265102802,-0.507451220896859,0.0074019955970399,True,Downregulated
NLGN1,ENSG00000169760.18,2863.585982611,-2.20911080235551,1.9948071501323602e-35,True,Downregulated
NAALADL2,ENSG00000177694.16,88.0557758491077,-0.835781931552858,0.0317256889444136,False,Not significant
IGF2BP2,ENSG00000073792.16,6284.78438347872,-0.840206364084374,6.26247931027502e-05,True,Downregulated
RFC4,ENSG00000163918.12,2381.84968436452,0.228315585485581,0.483587242601453,False,Not significant
LPP,ENSG00000145012.14,18986.6035980262,-1.13213964075193,1.48971684778039e-06,True,Downregulated
TP63,ENSG00000073282.14,54.383121328318,1.68732027497564,0.0007254581631813,True,Upregulated
CLDN1,ENSG00000163347.6,282.549025279598,0.947846839882307,0.0004960248677573,True,Upregulated
IL1RAP,ENSG00000196083.11,2846.20148543995,-0.437647767434681,0.0496215316366364,False,Not significant
CCDC50,ENSG00000152492.15,9341.76762288581,-0.593304797980302,0.0007042166334421,True,Downregulated
MB21D2,ENSG00000180611.7,1135.64055119414,-0.422801363277881,0.195291560524358,False,Not significant
TNK2,ENSG00000061938.21,6053.31367504192,0.334071270930731,0.133523501754596,False,Not significant
FYTTD1,ENSG00000122068.13,7331.63816936964,-0.046962461918838,0.880684710522642,False,Not significant
MYL5,ENSG00000215375.7,575.428708103288,0.484006996471947,0.0301981475058218,False,Not significant
PCGF3,ENSG00000185619.19,3378.92517790022,-0.156850000860578,0.537671675234291,False,Not significant
CPLX1,ENSG00000168993.15,50.8292655158138,2.07242129688994,4.81293838431723e-05,True,Upregulated
DGKQ,ENSG00000145214.14,2205.44330408216,0.139538377489539,0.700807850542415,False,Not significant
SLC26A1,ENSG00000145217.14,500.272739351224,-0.141563831195504,0.690594054470791,False,Not significant
TACC3,ENSG00000013810.21,5631.73225646484,0.123992327093962,0.717182249522875,False,Not significant
NAT8L,ENSG00000185818.8,222.820807307514,0.575644550064188,0.020934047889053,False,Not significant
HTT,ENSG00000197386.14,8135.28085074169,-0.188625480680685,0.353272330383229,False,Not significant
STX18,ENSG00000168818.10,1163.04578212191,-0.364235674124552,0.0762783746416451,False,Not significant
PPP2R2C,ENSG00000074211.14,57.0757216568946,3.05001250750102,3.6769213137858e-12,True,Upregulated
TBC1D14,ENSG00000132405.19,1641.1388015027,-0.0037353419659628,0.992694626726428,False,Not significant
AFAP1,ENSG00000196526.11,3924.39904870868,0.915616376421473,2.2356826660516796e-11,True,Upregulated
SLIT2,ENSG00000145147.20,3822.09985194419,-1.12030273726549,7.938140002698569e-11,True,Downregulated
SEPSECS,ENSG00000109618.13,606.196366865306,-0.626337289369808,0.0023107306937653,True,Downregulated
TBC1D1,ENSG00000065882.18,7004.29810408549,-0.723316969883884,2.77593860250182e-05,True,Downregulated
RHOH,ENSG00000168421.14,2.85195882716167,0.391084357603355,0.894618112141055,False,Not significant
RASL11B,ENSG00000128045.7,12.1634103686849,1.24090202739848,0.195277952953823,False,Not significant
FIP1L1,ENSG00000145216.17,964.824456906822,-0.254805227908315,0.323959804619095,False,Not significant
LNX1,ENSG00000072201.14,179.779845386652,0.135285278752664,0.724554751808206,False,Not significant
KDR,ENSG00000128052.10,366.982112785414,-2.37223806283558,3.71515829381913e-26,True,Downregulated
RUFY3,ENSG00000018189.13,4087.73086762409,-1.0531557823332,1.2792919995913e-09,True,Downregulated
RASSF6,ENSG00000169435.14,13.5775904211709,3.74978525349399,8.47086038563601e-05,True,Upregulated
CXCL1,ENSG00000163739.5,1.24855000463026,1.40433893399147,,False,Not significant
BTC,ENSG00000174808.12,212.369317970879,0.0756691466291178,0.89307982499988,False,Not significant
USO1,ENSG00000138768.15,7890.4771020488,0.270110681785913,0.243979985782873,False,Not significant
SCARB2,ENSG00000138760.11,11843.2726036444,-0.365347246959041,0.0611791506845776,False,Not significant
WDFY3,ENSG00000163625.17,5655.32456058204,-0.930803118725096,6.80996526630729e-10,True,Downregulated
ELOVL6,ENSG00000170522.10,1767.76741487057,-0.295014737930432,0.182171419795351,False,Not significant
CAMK2D,ENSG00000145349.20,5360.24522781201,-1.58675369562854,1.4464135544887501e-25,True,Downregulated
PALLD,ENSG00000129116.20,8551.33906987857,-0.911415386768191,6.124697072484861e-09,True,Downregulated
WWC2,ENSG00000151718.16,3886.82596691947,-0.852374121914719,4.13974304067069e-09,True,Downregulated
CEP72,ENSG00000112877.8,667.686599361024,0.358700232153957,0.25823367541162,False,Not significant
TPPP,ENSG00000171368.12,695.332591273538,1.26357917232431,1.18683409507217e-13,True,Upregulated
ZDHHC11,ENSG00000188818.13,46.9826648752424,0.642345817071862,0.275874138288009,False,Not significant
NKD2,ENSG00000145506.14,3.11659016724379,2.90301091484693,0.187766671534489,False,Not significant
SEMA5A,ENSG00000112902.12,2053.48403267671,1.39385213897167,8.514302402931891e-14,True,Upregulated
TRIO,ENSG00000038382.23,19264.8698080033,-0.668336549198038,9.50906848884023e-06,True,Downregulated
MYO10,ENSG00000145555.15,3209.64271999177,-1.26810410320867,2.89197786920614e-15,True,Downregulated
SLC1A3,ENSG00000079215.15,1726.65516608614,-0.333095164592567,0.135471111931423,False,Not significant
WDR70,ENSG00000082068.9,1172.10305891289,0.106427025275577,0.684826828370194,False,Not significant
PDE4D,ENSG00000113448.20,885.674219081363,-0.905063854221278,0.0008665176305031,True,Downregulated
CD180,ENSG00000134061.5,205.356200119429,1.75258728398756,3.31641299512139e-08,True,Upregulated
PIK3R1,ENSG00000145675.16,4001.46435492084,-0.847034548460216,5.94560070481724e-09,True,Downregulated
MAP1B,ENSG00000131711.15,91288.0792123138,-2.27271451154632,3.40105921700551e-23,True,Downregulated
MRPS27,ENSG00000113048.19,3459.96228711244,-0.091487756401601,0.766187147325245,False,Not significant
PTCD2,ENSG00000049883.15,1032.13694027038,-0.473454564600397,0.0143615422743174,False,Not significant
ARHGEF28,ENSG00000214944.10,1094.07181609458,-0.585865514350561,0.0059637687491101,True,Downregulated
IQGAP2,ENSG00000145703.17,614.408481948508,0.74047683890243,0.0002241045589757,True,Upregulated
F2RL1,ENSG00000164251.5,9.18085579838923,0.802799490653464,0.514597424993654,False,Not significant
SERINC5,ENSG00000164300.17,17414.976923926,-2.75291729692656,1.0904834040444399e-26,True,Downregulated
ATG10,ENSG00000152348.16,496.362678127682,-0.38034995156276,0.160210134145183,False,Not significant
XRCC4,ENSG00000152422.16,416.976501887268,-0.424073708232602,0.185950543476486,False,Not significant
VCAN,ENSG00000038427.16,21856.7383397273,-2.85104977207484,1.3688532605671e-48,True,Downregulated
RASA1,ENSG00000145715.15,4047.79467602955,-0.618645725566969,9.45050804216759e-05,True,Downregulated
NR2F1,ENSG00000175745.15,2616.81012443672,-1.16993586692858,1.04108601764247e-05,True,Downregulated
MAN2A1,ENSG00000112893.10,5361.55228003615,-0.368930586459761,0.167276797426025,False,Not significant
WDR36,ENSG00000134987.13,2855.09263208494,-0.234149036968564,0.319386999588482,False,Not significant
NREP,ENSG00000134986.14,222.995421102463,-1.29439246819561,4.328835151391581e-09,True,Downregulated
APC,ENSG00000134982.17,9358.68386314487,-1.93688647446546,1.50366119472456e-19,True,Downregulated
DCP2,ENSG00000172795.17,4448.28695014895,-0.323665703508477,0.148724872497983,False,Not significant
MCC,ENSG00000171444.19,8970.37553763875,-0.958881258930967,0.0001086649551506,True,Downregulated
CEP120,ENSG00000168944.17,1886.94957035496,-0.797773337937172,6.87105519428676e-07,True,Downregulated
CSNK1G3,ENSG00000151292.19,2356.71953677659,-0.396196377300418,0.0357431994386417,False,Not significant
SLC12A2,ENSG00000064651.14,3648.43979613803,-0.911307079425925,4.86830532129868e-08,True,Downregulated
FNIP1,ENSG00000217128.13,4600.42369366168,-0.350508857029934,0.0765213720635741,False,Not significant
SPOCK1,ENSG00000152377.14,10027.2498818657,-0.215182256559297,0.434401478885297,False,Not significant
SIL1,ENSG00000120725.13,968.326285976969,0.450098438765646,0.022134972957998,False,Not significant
DIAPH1,ENSG00000131504.18,6912.55970243104,0.506335733035909,0.0040239808292966,True,Upregulated
ARHGAP26,ENSG00000145819.18,6252.93889736586,-0.382811634334982,0.0203497654175536,False,Not significant
NR3C1,ENSG00000113580.15,6384.42071421806,-0.37487866564063,0.0335575802388188,False,Not significant
SH3TC2,ENSG00000169247.14,956.377340682617,0.873132397312637,0.0009261527832424,True,Upregulated
ABLIM3,ENSG00000173210.20,2057.48878709267,-0.848285022222041,2.75915560313245e-06,True,Downregulated
PPARGC1B,ENSG00000155846.17,516.189842013268,1.12503861924713,3.09606304889338e-08,True,Upregulated
SMIM3,ENSG00000256235.3,2137.3459387524,1.15305625494295,1.6015454363473798e-11,True,Upregulated
GALNT10,ENSG00000164574.16,6894.53300003167,0.126224688493864,0.643991654671731,False,Not significant
HAND1,ENSG00000113196.3,2.94967986593544,2.66884899978543,0.243046396035425,False,Not significant
ADAM19,ENSG00000135074.16,18792.1720956137,-1.99169981803428,2.2397999542374498e-42,True,Downregulated
NUDCD2,ENSG00000170584.11,1306.83273523617,-0.336603226613739,0.134746342762392,False,Not significant
MAT2B,ENSG00000038274.18,2327.48129736783,-0.742188666286863,1.55567884116077e-05,True,Downregulated
WWC1,ENSG00000113645.15,2551.07656154738,2.29487151517644,5.464811064093e-50,True,Upregulated
SLIT3,ENSG00000184347.15,927.581220160047,0.0967130172570021,0.802946621072385,False,Not significant
DOCK2,ENSG00000134516.20,847.402257272184,2.0670800447875,4.59998673787775e-12,True,Upregulated
UNC5A,ENSG00000113763.12,13.610582651031,3.47006340574991,0.0003811753359302,True,Upregulated
HK3,ENSG00000160883.11,8.48886705504052,0.770930092419517,0.560435133562912,False,Not significant
GRK6,ENSG00000198055.11,3112.95349047497,0.131643373160738,0.737038589229081,False,Not significant
SCGB3A1,ENSG00000161055.4,2.5701346347625,0.770898875038449,0.769712089228806,False,Not significant
FLT4,ENSG00000037280.16,10.083606837359,4.72490888440981,0.0008302042606772,True,Upregulated
SLC22A23,ENSG00000137266.15,5868.9420316974,-0.462689590952387,0.0220630141606105,False,Not significant
GCNT2,ENSG00000111846.20,2647.32757378908,-0.233399707005851,0.208450796295048,False,Not significant
NEDD9,ENSG00000111859.17,8437.95390261451,-3.73854846814772,4.77469502230009e-90,True,Downregulated
JARID2,ENSG00000008083.14,4136.03470259803,-0.937297499891788,2.67460759142763e-05,True,Downregulated
ATXN1,ENSG00000124788.19,3939.97372192257,-0.759927575076917,0.0003219988615399,True,Downregulated
CAP2,ENSG00000112186.13,2267.15883473141,-0.665731916908451,0.0003660546347616,True,Downregulated
KIF13A,ENSG00000137177.20,6520.65591213917,-1.03853991193897,1.10607700908415e-12,True,Downregulated
GRM4,ENSG00000124493.14,31.2279287357876,4.9949895841532,3.0927421703958905e-09,True,Upregulated
NUDT3,ENSG00000272325.2,1543.5129737193,-0.172106616735141,0.620567713651695,False,Not significant
SPDEF,ENSG00000124664.11,15.4910738636882,0.703436483931181,0.453359146319929,False,Not significant
TCP11,ENSG00000124678.20,19.360394292912,-0.862503394592956,0.307048657008564,False,Not significant
SCUBE3,ENSG00000146197.9,8740.10871830758,-0.774083659326849,0.329020787741647,False,Not significant
PPARD,ENSG00000112033.14,3876.13005554095,-0.335571964354804,0.183368678320005,False,Not significant
ZFAND3,ENSG00000156639.12,5203.63327953767,-0.680093047999986,0.0005489072790496,True,Downregulated
MRPS10,ENSG00000048544.6,2247.62463933057,-0.0970592009740629,0.736842238019069,False,Not significant
RUNX2,ENSG00000124813.23,4468.51796411281,0.200015199525146,0.482463138306872,False,Not significant
PAQR8,ENSG00000170915.9,1011.44674246792,0.743053526132776,9.20587136909265e-05,True,Upregulated
ELOVL5,ENSG00000012660.14,17630.3858781005,-1.60680118023762,3.93277723372977e-15,True,Downregulated
KLHL31,ENSG00000124743.6,23.3351286597815,0.866952549486352,0.202370835586878,False,Not significant
BMP5,ENSG00000112175.8,16.2873746555526,-2.14635835961658,0.003557049226433,True,Downregulated
DST,ENSG00000151914.22,51257.160430037,-1.52545630923125,2.84176490774594e-15,True,Downregulated
PRIM2,ENSG00000146143.19,1541.62043632952,-0.0391429604149466,0.925797753022084,False,Not significant
EEF1A1,ENSG00000156508.19,163178.350203827,-0.087114059473844,0.80634734297982,False,Not significant
UBE3D,ENSG00000118420.17,409.764110204506,-0.328018056641047,0.248422148485503,False,Not significant
AKIRIN2,ENSG00000135334.9,2666.52275329769,-0.687241539734268,9.71583785510384e-05,True,Downregulated
PNRC1,ENSG00000146278.11,3039.87084323684,0.336515358922441,0.205229811650718,False,Not significant
POPDC3,ENSG00000132429.10,1704.4627509721,-2.01517873386396,3.554726165513051e-15,True,Downregulated
PREP,ENSG00000085377.15,3801.81425146765,-1.09217433036339,3.00648809007941e-08,True,Downregulated
PRDM1,ENSG00000057657.17,857.761146242269,-1.28030971643402,4.01449423981706e-07,True,Downregulated
REV3L,ENSG00000009413.16,4661.50447540325,-0.436847238287035,0.0655194748266903,False,Not significant
TRAF3IP2,ENSG00000056972.21,1796.19888301136,0.262446473014964,0.299956701558673,False,Not significant
TUBE1,ENSG00000074935.14,571.475754549319,-0.57111123266493,0.0049968702238011,True,Downregulated
LAMA4,ENSG00000112769.20,7913.33368327611,-0.908780369095136,3.1541988959573903e-09,True,Downregulated
MARCKS,ENSG00000277443.3,26519.1537006631,-2.31380455495265,2.40373352381928e-52,True,Downregulated
HDAC2,ENSG00000196591.12,5204.45655826681,-0.220781982699237,0.306794179862555,False,Not significant
CEP85L,ENSG00000111860.14,1707.73602834709,-1.04643055660453,9.7999475792137e-07,True,Downregulated
GJA1,ENSG00000152661.9,3611.75995081656,-1.93566535822429,3.31236827599274e-27,True,Downregulated
TPD52L1,ENSG00000111907.21,465.473868063747,0.773996075318851,0.0019854784489862,True,Upregulated
SLC35D3,ENSG00000182747.5,10.4579942315116,0.850822314149861,0.457642567250443,False,Not significant
TNFAIP3,ENSG00000118503.17,2217.87364040809,-1.79712691846483,9.36677009609169e-16,True,Downregulated
NHSL1,ENSG00000135540.12,3208.33832372039,-1.63515757112048,1.92795001038124e-17,True,Downregulated
REPS1,ENSG00000135597.19,1766.80525047814,-0.795021070666984,9.04690849735975e-08,True,Downregulated
HIVEP2,ENSG00000010818.11,2157.26636483235,-0.313418233835969,0.252449446440371,False,Not significant
UTRN,ENSG00000152818.20,16247.0529150687,-1.50456391228412,1.1320954801592401e-21,True,Downregulated
EPM2A,ENSG00000112425.16,143.002907890027,-1.12469704772034,0.0002011590550684,True,Downregulated
PLEKHG1,ENSG00000120278.17,9370.93649690947,-2.39720296335002,4.8377869021956e-54,True,Downregulated
MTHFD1L,ENSG00000120254.16,2833.82954977825,-0.159437749775817,0.578759719030223,False,Not significant
CNKSR3,ENSG00000153721.19,2586.04987948317,-1.2473164359021,1.6418642926456798e-12,True,Downregulated
ZDHHC14,ENSG00000175048.17,1036.09856700202,-0.489277662269103,0.0073524636940122,True,Downregulated
SNX9,ENSG00000130340.17,3003.03069136086,-0.388508586057201,0.0216121827326178,False,Not significant
SERAC1,ENSG00000122335.17,2120.37932349667,-1.44785048210458,1.81474994309205e-22,True,Downregulated
SMOC2,ENSG00000112562.20,3.65921092628863,0.0552341744560046,0.986182860504761,False,Not significant
ADAP1,ENSG00000105963.15,115.862134223089,1.29503129017783,0.000143656564919,True,Upregulated
MICALL2,ENSG00000164877.19,2531.72265961192,0.199742192322409,0.517145324626908,False,Not significant
RADIL,ENSG00000157927.17,46.1123648559055,2.03789316665385,6.16780110736252e-06,True,Upregulated
ETV1,ENSG00000006468.15,212.439468880858,0.744667105937502,0.0148582662818455,False,Not significant
HDAC9,ENSG00000048052.25,4521.84685864288,-3.22563118382858,7.408499937293351e-54,True,Downregulated
ITGB8,ENSG00000105855.10,13418.1420749066,-2.45917678636997,7.79304036986243e-29,True,Downregulated
IL6,ENSG00000136244.12,489.886288715428,-0.263531737940117,0.292172729944508,False,Not significant
OSBPL3,ENSG00000070882.13,3159.38011370374,-0.403868776402407,0.0220339919496372,False,Not significant
SNX10,ENSG00000086300.17,888.996097235215,0.0914583373562873,0.78002406831738,False,Not significant
JAZF1,ENSG00000153814.13,842.393895274386,-0.1436819319331,0.653915535897012,False,Not significant
CREB5,ENSG00000146592.17,1858.66096846056,-1.79673554056949,7.030950721901701e-16,True,Downregulated
FKBP14,ENSG00000106080.11,1056.65129251472,-0.178290894926138,0.47519837443119,False,Not significant
NOD1,ENSG00000106100.11,501.843892415674,-0.413208563982286,0.0499945400383349,False,Not significant
BMPER,ENSG00000164619.10,212.389773037948,1.0139662738268,7.27807357328475e-05,True,Upregulated
STARD3NL,ENSG00000010270.14,1424.48429370411,-0.556690386994465,0.0016973201525941,True,Downregulated
INHBA,ENSG00000122641.11,534.935252687595,0.466528257573664,0.163637153844348,False,Not significant
GLI3,ENSG00000106571.15,3118.07524183465,-0.243212652494304,0.439723829993616,False,Not significant
CAMK2B,ENSG00000058404.21,53.9480400314826,3.23873035441543,9.85817091212181e-12,True,Upregulated
EGFR,ENSG00000146648.21,9787.04681695457,-0.106747127046778,0.693687172982234,False,Not significant
TPST1,ENSG00000169902.15,1603.3280444506,-0.665792001246412,0.0012940304613995,True,Downregulated
AUTS2,ENSG00000158321.19,5060.68351208267,-0.223513914584163,0.340638346917883,False,Not significant
RSBN1L,ENSG00000187257.16,2166.39325418896,-0.464973556270903,0.0028701788177458,True,Downregulated
MAGI2,ENSG00000187391.22,1052.68718732856,-2.74740164354238,6.15872600978682e-40,True,Downregulated
CD36,ENSG00000135218.19,8.72033757269477,-0.0425354251337967,0.980909180885978,False,Not significant
SEMA3C,ENSG00000075223.14,6578.0106500116,-1.94770845454899,3.07073914105099e-16,True,Downregulated
SEMA3E,ENSG00000170381.15,70.2470117115592,-0.793970417100374,0.0547863570579381,False,Not significant
SEMA3A,ENSG00000075213.11,4983.84112983315,-3.40811894440273,1.71704164953175e-50,True,Downregulated
CDK14,ENSG00000058091.17,3776.90586398815,-0.868132284588225,1.65361192837659e-07,True,Downregulated
FZD1,ENSG00000157240.4,1249.38300374563,0.107375558070208,0.722547844660308,False,Not significant
CDK6,ENSG00000105810.10,10824.6593066562,-0.763726206696508,2.90628791264882e-06,True,Downregulated
SGCE,ENSG00000127990.19,4556.47274345679,-0.943316809971296,1.94905151816889e-06,True,Downregulated
SLC25A13,ENSG00000004864.14,2536.36065614708,-0.0185131539081774,0.954189562276952,False,Not significant
DOCK4,ENSG00000128512.24,2367.22478838687,-1.96740137136342,4.42221472089614e-17,True,Downregulated
CAV2,ENSG00000105971.15,2459.74177057645,-0.683865743724766,0.0016910743343465,True,Downregulated
MET,ENSG00000105976.16,13009.6232147527,0.106717352581623,0.734339707415634,False,Not significant
CPED1,ENSG00000106034.18,125.380438167043,-2.98018614138298,2.35619278995666e-26,True,Downregulated
PTPRZ1,ENSG00000106278.12,4442.47467207065,-3.84487163863617,1.74755621896524e-08,True,Downregulated
GRM8,ENSG00000179603.19,39.2994427941426,-2.30251651663659,2.94765889667466e-07,True,Downregulated
SND1,ENSG00000197157.11,19295.2653255373,0.24044323314058,0.221993517103193,False,Not significant
UBE2H,ENSG00000186591.13,16201.0744056061,-0.505659569554124,0.0169695392046945,False,Not significant
CPA4,ENSG00000128510.12,10223.0246061862,4.8560763398608,1.5115489036956199e-176,True,Upregulated
CEP41,ENSG00000106477.20,2014.64613331834,0.113867971534158,0.661043151955586,False,Not significant
EXOC4,ENSG00000131558.15,5144.12539869777,-0.124135450998685,0.702175485105943,False,Not significant
AKR1B1,ENSG00000085662.14,12860.0724995636,1.73883246509879,7.36252109288516e-20,True,Upregulated
CALD1,ENSG00000122786.20,15106.612225611,-1.39188333271336,1.42224898823416e-16,True,Downregulated
FAM180A,ENSG00000189320.9,132.010052249959,4.9732757620483,3.5592911507076e-35,True,Upregulated
MTPN,ENSG00000105887.11,14967.0490538155,-0.0944328595492788,0.732395797693477,False,Not significant
AGK,ENSG00000006530.18,2779.09100067118,-0.829936117691387,1.7297962256418e-06,True,Downregulated
EZH2,ENSG00000106462.12,4494.08978170265,-0.064643454744539,0.805540332012165,False,Not significant
KCNH2,ENSG00000055118.17,77.409321290313,2.9619794476772,1.4640550616624402e-15,True,Upregulated
ABCB8,ENSG00000197150.13,2641.05206142504,0.49622046754131,0.0020256692767715,True,Upregulated
CDK5,ENSG00000164885.13,2384.17603986734,0.320823698849159,0.255381063903227,False,Not significant
PRKAG2,ENSG00000106617.15,2430.39091608217,0.110297474135317,0.765198910067273,False,Not significant
SHH,ENSG00000164690.8,206.669007987427,6.2993961972053,5.44269359052663e-42,True,Upregulated
LMBR1,ENSG00000105983.23,5298.40900112223,0.178696784907666,0.45466920065781,False,Not significant
PTPRN2,ENSG00000155093.19,698.093562697743,-0.33562525658699,0.22115095112184,False,Not significant
GFRA2,ENSG00000168546.11,45.4448983911518,4.87037962763875,9.49468307761346e-14,True,Upregulated
ZMAT4,ENSG00000165061.15,43.0774785858803,-0.136319858060414,0.855906501312834,False,Not significant
PXDNL,ENSG00000147485.13,30.1414458901724,-0.323242930175418,0.659354960014637,False,Not significant
PCMTD1,ENSG00000168300.14,2100.04688249119,-0.355963519095465,0.170063867566269,False,Not significant
MRPL15,ENSG00000137547.9,1493.66148568968,-0.453476036747616,0.117528069871409,False,Not significant
RP1,ENSG00000104237.11,30.8924347973377,0.0500525066201212,0.958455705393304,False,Not significant
NSMAF,ENSG00000035681.9,3124.14376368449,-0.817532442458611,1.54180985089271e-07,True,Downregulated
ASPH,ENSG00000198363.18,19202.4908500739,-0.129119437669752,0.679902558560675,False,Not significant
NKAIN3,ENSG00000185942.13,2527.05818665324,-2.33827568955897,0.0019461346867858,True,Downregulated
YTHDF3,ENSG00000185728.17,6658.96230355512,-0.354036509835538,0.059685517944294,False,Not significant
MTFR1,ENSG00000066855.16,1932.38621246206,0.356623967704807,0.28540992567937,False,Not significant
PDE7A,ENSG00000205268.11,1523.66294523559,0.0343016995858587,0.912846332255672,False,Not significant
MYBL1,ENSG00000185697.17,3428.97025543389,0.0814474163198913,0.779739484457124,False,Not significant
ARFGEF1,ENSG00000066777.9,6237.96742722039,-0.647846607226313,8.05126419680894e-06,True,Downregulated
SULF1,ENSG00000137573.14,3102.91933901527,-1.88637986844543,3.55184256362737e-19,True,Downregulated
JPH1,ENSG00000104369.5,410.319630544872,0.476254228429684,0.0805515585110739,False,Not significant
TPD52,ENSG00000076554.16,2300.04133390232,-0.346499481778817,0.110788359299236,False,Not significant
ZBTB10,ENSG00000205189.12,3402.90183058205,-1.40642559581688,7.845511653122619e-22,True,Downregulated
FABP5,ENSG00000164687.11,22.9967070734613,-0.581601645935158,0.457768708809599,False,Not significant
PDP1,ENSG00000164951.16,7422.57627573126,0.165545287717442,0.648207414318602,False,Not significant
CPQ,ENSG00000104324.16,1250.31799433375,-0.455038662517381,0.0464011790870975,False,Not significant
GRHL2,ENSG00000083307.12,4.76487291906076,-0.462389573864103,0.840312496546008,False,Not significant
RSPO2,ENSG00000147655.12,1.49901918020997,-1.11485033296891,,False,Not significant
TRPS1,ENSG00000104447.13,9595.91350135581,-1.23244709388917,3.5305640557633502e-09,True,Downregulated
EXT1,ENSG00000182197.13,2538.36512039182,-0.191814765059067,0.493364466370496,False,Not significant
COL14A1,ENSG00000187955.13,11027.7883479263,-2.09740767983612,1.65406161913317e-13,True,Downregulated
SNTB1,ENSG00000172164.15,174.565079055529,0.258490475291119,0.453643233731105,False,Not significant
FBXO32,ENSG00000156804.7,28843.8920474112,-2.33282984950909,1.08497924036781e-41,True,Downregulated
NSMCE2,ENSG00000156831.8,1020.36151151235,-0.41718195421391,0.0570095339097955,False,Not significant
PVT1,ENSG00000249859.14,6263.4657044695,0.486627249113177,0.0076550255896748,True,Upregulated
ASAP1,ENSG00000153317.15,12063.6345680473,0.134453605185183,0.67777426551956,False,Not significant
KHDRBS3,ENSG00000131773.15,4449.0056121195,-2.220268959425,6.86783448216444e-43,True,Downregulated
KCNK9,ENSG00000169427.8,14.0181430943141,0.303542122694305,0.799684441857643,False,Not significant
TRAPPC9,ENSG00000167632.18,2340.27342642463,-0.0449750762971519,0.897358010174001,False,Not significant
PTK2,ENSG00000169398.20,8711.56648010176,0.180094722695319,0.343182509585319,False,Not significant
TSNARE1,ENSG00000171045.16,643.391405757976,0.30958419697628,0.328144389615559,False,Not significant
ZC3H3,ENSG00000014164.7,1827.3249411057,-0.531296406729657,0.0322893596786213,False,Not significant
EPPK1,ENSG00000261150.3,266.799569347966,3.00337540580535,2.0655599653460298e-30,True,Upregulated
PLEC,ENSG00000178209.17,54133.1526782639,0.425715531610782,0.014767340662615,False,Not significant
KANK1,ENSG00000107104.21,5244.52243567456,0.0458864428822664,0.879854305167451,False,Not significant
PDCD1LG2,ENSG00000197646.8,170.528636407242,-0.880341939994608,0.0025418796648971,True,Downregulated
LURAP1L,ENSG00000153714.6,858.425159496208,-2.54753474748371,2.14009225222155e-60,True,Downregulated
NFIB,ENSG00000147862.18,5757.33262474609,-0.661757263503936,0.0013095947652427,True,Downregulated
CCDC171,ENSG00000164989.17,433.251521155541,0.43864843835537,0.0525751233144639,False,Not significant
BNC2,ENSG00000173068.19,2892.74737108262,-0.946632581650755,2.15255497330898e-08,True,Downregulated
ADAMTSL1,ENSG00000178031.18,1584.07698566685,-2.76721636500713,4.91691211713635e-24,True,Downregulated
MTAP,ENSG00000099810.21,2983.15231812198,-0.434029388326705,0.0085789770444726,True,Downregulated
TEK,ENSG00000120156.22,16.1531051270149,1.25850149865402,0.112726449872397,False,Not significant
RUSC2,ENSG00000198853.12,3006.57450556855,0.395107485443625,0.0220066519809761,False,Not significant
RNF38,ENSG00000137075.18,2332.79721011743,-0.504769773065125,0.013663763068224,False,Not significant
TRPM3,ENSG00000083067.25,1481.73626102276,-3.79500342306233,1.07876090238064e-36,True,Downregulated
ALDH1A1,ENSG00000165092.13,7.3125580068125,-2.3057541892559,0.0838438248919655,False,Not significant
PRUNE2,ENSG00000106772.19,1727.49068029342,-1.29956092387197,0.0001688416305776,True,Downregulated
FOXB2,ENSG00000204612.1,3.82362817490624,0.977836088498981,0.611303528149888,False,Not significant
GNAQ,ENSG00000156052.11,2574.30684242408,-1.1366624901723,1.2568107431836e-13,True,Downregulated
TLE1,ENSG00000196781.16,2300.44005120548,0.0435041513429594,0.913619416424305,False,Not significant
NTRK2,ENSG00000148053.18,314.103373535892,-1.44979897592703,3.02773073755532e-08,True,Downregulated
SPIN1,ENSG00000106723.17,5076.89516981429,-0.402234472543894,0.0277305404677886,False,Not significant
PTPDC1,ENSG00000158079.16,469.636098715643,0.244034502096608,0.300381615631889,False,Not significant
ACTL7B,ENSG00000148156.8,2.18749612555894,1.05881809310793,0.727980340579834,False,Not significant
TNC,ENSG00000041982.17,42255.389594892,-0.246364689416916,0.261194465755373,False,Not significant
CDK5RAP2,ENSG00000136861.19,3714.61419137928,-0.028341745297813,0.925180801307197,False,Not significant
CRB2,ENSG00000148204.12,254.539790219005,1.88473355505353,1.74715477015415e-16,True,Upregulated
NR6A1,ENSG00000148200.17,406.605722265039,0.0780055663938822,0.855665830653973,False,Not significant
MAPKAP1,ENSG00000119487.17,3626.62517982357,0.0222617267432987,0.947849531260577,False,Not significant
PBX3,ENSG00000167081.18,1256.88188101419,-0.134793786471967,0.636088033989757,False,Not significant
LMX1B,ENSG00000136944.19,6.18255624675656,4.00616551353872,0.0149319640189035,False,Not significant
LCN2,ENSG00000148346.12,18.4360531218133,7.49462307781149,2.82603365096096e-07,True,Upregulated
PRRX2,ENSG00000167157.11,3.09763019511046,2.69702429470442,0.225212569788791,False,Not significant
PRDM12,ENSG00000130711.5,13.3570029494399,1.12864634996443,0.255078954118049,False,Not significant
ABL1,ENSG00000097007.20,7491.02932961469,-0.89686748847014,1.25848680834148e-09,True,Downregulated
LAMC3,ENSG00000050555.19,140.173262102209,2.19742132120586,1.63280945587949e-17,True,Upregulated
PRRC2B,ENSG00000288701.1,13484.1219897549,-0.19587140424103,0.411754199357904,False,Not significant
MED27,ENSG00000160563.14,1087.60915441646,-0.0561050012079609,0.891116551162049,False,Not significant
NTNG2,ENSG00000196358.12,211.718744967353,1.00755696605864,4.52495464528148e-05,True,Upregulated
RXRA,ENSG00000186350.12,4225.98669943031,0.73747611052157,1.28666806525397e-07,True,Upregulated
LHX3,ENSG00000107187.17,9.04447703663975,3.51986431368015,0.0028270903448601,True,Upregulated
GPSM1,ENSG00000160360.13,1534.57172725839,-0.232996210650287,0.337876717901059,False,Not significant
EGFL7,ENSG00000172889.16,814.628068964874,1.27537526960325,5.05722376472937e-08,True,Upregulated
AGPAT2,ENSG00000169692.13,1825.86702353491,0.435912574389223,0.0273325195621532,False,Not significant
NRARP,ENSG00000198435.4,392.788121286421,1.06139298854092,0.252049399558053,False,Not significant
NOXA1,ENSG00000188747.9,372.655351228215,1.4068629872105,1.18628315208792e-06,True,Upregulated
PIP4K2A,ENSG00000150867.14,2038.87669542287,-0.404778842565739,0.133144243346823,False,Not significant
ITGB1,ENSG00000150093.20,23999.5556320783,0.508092883263301,0.0117816165275705,False,Not significant
NRP1,ENSG00000099250.18,8225.41254051031,-0.0025916904619641,0.99415313475216,False,Not significant
PARD3,ENSG00000148498.17,2570.56900701747,-0.405729386891064,0.0107863751599786,False,Not significant
CCNY,ENSG00000108100.18,2205.06243332096,-0.803375112663571,3.66021628596774e-06,True,Downregulated
PARG,ENSG00000227345.9,2195.48442086338,-0.331607569590026,0.0577200130918228,False,Not significant
SGMS1,ENSG00000198964.14,1156.5203244078,-0.358592953522263,0.0509145294299072,False,Not significant
IPMK,ENSG00000151151.6,1347.49755983293,-0.607617562032173,0.0027916840881856,True,Downregulated
TFAM,ENSG00000108064.11,3582.96873718366,-0.0769555380245405,0.840312496546008,False,Not significant
FAM13C,ENSG00000148541.13,1179.18227961268,-1.56475021561286,5.8290733465088604e-21,True,Downregulated
ANK3,ENSG00000151150.22,1020.79506953738,-2.00677120708192,5.96403957359228e-16,True,Downregulated
ARID5B,ENSG00000150347.17,17909.5556338439,-3.59196704511392,1.16402932232266e-44,True,Downregulated
EGR2,ENSG00000122877.18,116.798627327678,-0.865869888348015,0.0879996983607413,False,Not significant
JMJD1C,ENSG00000171988.20,6228.87757941367,-1.22293366291613,1.0488345800316e-11,True,Downregulated
MCU,ENSG00000156026.15,1572.29820748059,-0.572737653682477,0.0031676185038016,True,Downregulated
POLR3A,ENSG00000148606.15,4979.59306688921,-0.248043885947069,0.242276636577445,False,Not significant
GRID1,ENSG00000182771.19,23.9162351439402,2.65941474058321,5.80759526199242e-05,True,Upregulated
BMPR1A,ENSG00000107779.14,4500.75713192227,-0.539871494449329,0.0016880990294221,True,Downregulated
PLCE1,ENSG00000138193.17,4570.58304717413,-1.25960790598309,9.64148942002472e-16,True,Downregulated
PDLIM1,ENSG00000107438.9,125.595592733179,4.49614440838779,7.10214837113941e-32,True,Upregulated
PAX2,ENSG00000075891.24,11.8852423397428,2.51896450434659,0.0143939408652846,False,Not significant
LBX1,ENSG00000138136.7,2.18082752201127,4.38058322865643,0.0745769682829402,False,Not significant
TCF7L2,ENSG00000148737.18,2548.63445887476,-0.832939021365339,0.0006675243999859,True,Downregulated
TACC2,ENSG00000138162.19,1796.41111129068,0.567711792645314,0.0001986344603128,True,Upregulated
BUB3,ENSG00000154473.18,5931.62342538964,0.305274174224564,0.272447428098349,False,Not significant
LHPP,ENSG00000107902.14,208.489596752775,0.252044943624969,0.576367610862307,False,Not significant
FANK1,ENSG00000203780.12,69.4940049129473,-0.514902363010131,0.315756006134027,False,Not significant
PPP2R2D,ENSG00000175470.20,1670.29358908511,-0.0291220801968322,0.940315400538836,False,Not significant
STK32C,ENSG00000165752.17,495.752169175887,0.815652160750594,0.0059469828291244,True,Upregulated
PWWP2B,ENSG00000171813.14,683.689984275875,0.351002118013886,0.369324372966816,False,Not significant
CFAP46,ENSG00000171811.14,12.3109972569092,1.52539774743472,0.181222613708895,False,Not significant
KNDC1,ENSG00000171798.19,46.1257071409384,2.10653237119488,3.61641248044272e-06,True,Upregulated
EPS8L2,ENSG00000177106.17,204.647101108199,1.85277507202811,5.19947781821571e-17,True,Upregulated
CRACR2B,ENSG00000177685.17,155.913551707771,0.533375615754781,0.0916786002911534,False,Not significant
TNNT3,ENSG00000130595.20,13.1042377168516,3.97551624976892,0.0003993350474111,True,Upregulated
KCNQ1,ENSG00000053918.18,6.4146568293052,0.396070761832006,0.818156641206527,False,Not significant
SLC22A18,ENSG00000110628.16,780.081809280876,0.645055955367327,0.0018847764909678,True,Upregulated
OSBPL5,ENSG00000021762.20,622.891260978803,0.40509552105841,0.0887671432338265,False,Not significant
TEAD1,ENSG00000187079.20,10756.1824135142,-0.728155773378311,0.0001086649551506,True,Downregulated
BDNF,ENSG00000176697.20,345.846604802462,0.149672575813771,0.653437903868442,False,Not significant
WT1,ENSG00000184937.16,76.4334861650492,2.71855326934299,3.19418689621301e-10,True,Upregulated
ABTB2,ENSG00000166016.6,2774.76806387613,-0.04754108222769,0.908874389146287,False,Not significant
EHF,ENSG00000135373.13,1830.16800280774,-1.7546328145234,2.77220803045172e-10,True,Downregulated
CD44,ENSG00000026508.21,52440.8390102322,-1.10464730069842,4.97845096664919e-06,True,Downregulated
FJX1,ENSG00000179431.7,969.236547599639,0.771423355392602,0.0077105953394311,True,Upregulated
TRIM44,ENSG00000166326.7,6544.20091522102,-0.423430730135282,0.0184671369348895,False,Not significant
PRR5L,ENSG00000135362.14,1498.39642740508,0.184774247337044,0.500437397568498,False,Not significant
LRRC4C,ENSG00000148948.8,235.402175161364,-0.872600560213241,0.0042173334328761,True,Downregulated
CELF1,ENSG00000149187.19,10675.47916061,-0.206339643608998,0.298167913338405,False,Not significant
LPXN,ENSG00000110031.13,329.548519340739,-0.906592036122662,0.0002910646101857,True,Downregulated
SYT7,ENSG00000011347.10,605.983873103033,5.63872290328089,5.34386145852612e-102,True,Upregulated
PACS1,ENSG00000175115.13,4891.76534302683,-0.189722749950208,0.464612594276197,False,Not significant
BRMS1,ENSG00000174744.14,1619.00065141032,0.140230027439345,0.61199131821452,False,Not significant
LRP5,ENSG00000162337.12,3751.89854185436,0.320430643010448,0.0728348723537794,False,Not significant
GAL,ENSG00000069482.7,30.1120207563525,2.4321100917695,0.0001075490753491,True,Upregulated
ANO1,ENSG00000131620.18,241.736303871754,3.48540865061957,4.22110529328248e-32,True,Upregulated
SHANK2,ENSG00000162105.21,47.3001781815375,2.71966593201854,4.46166683205035e-07,True,Upregulated
NUMA1,ENSG00000137497.19,5441.16367198615,-0.0431463392411091,0.896301193696708,False,Not significant
C2CD3,ENSG00000168014.18,2924.87612167229,-0.341111644888048,0.139494042112069,False,Not significant
P4HA3,ENSG00000149380.12,13.8768347031099,-1.49221647453855,0.0981843532209856,False,Not significant
WNT11,ENSG00000085741.14,13.7316587653744,2.64509738247825,0.0030789162369997,True,Upregulated
PRCP,ENSG00000137509.12,2919.29502433208,-0.143254736920628,0.54543759800269,False,Not significant
PICALM,ENSG00000073921.18,7617.35089243592,-0.538273197063206,0.0265891495598118,False,Not significant
ME3,ENSG00000151376.18,39.2041143578557,0.188069499923368,0.811740695906019,False,Not significant
MAML2,ENSG00000184384.14,3372.97556968638,-1.92229711542588,1.3041024155147e-14,True,Downregulated
MMP7,ENSG00000137673.9,397.839071702822,-1.89072208206595,1.66631145458426e-10,True,Downregulated
CADM1,ENSG00000182985.18,5155.1951192247,-0.6320840865464,0.0022345054715313,True,Downregulated
ARHGEF12,ENSG00000196914.9,11443.756013664,-0.555957200956662,0.0003836320765733,True,Downregulated
ETS1,ENSG00000134954.14,8448.56979303713,-0.244567816096897,0.257324741516568,False,Not significant
ARHGAP32,ENSG00000134909.19,2867.52724225952,-0.642652441839231,0.0044352125812046,True,Downregulated
APLP2,ENSG00000084234.18,23858.5014133688,0.585870233954783,0.0003506933585159,True,Upregulated
NTM,ENSG00000182667.15,86.3377833799461,-2.124975012775,5.82463651266642e-08,True,Downregulated
JAM3,ENSG00000166086.13,1776.6934001749,-0.303967886735167,0.118292036608027,False,Not significant
ETV6,ENSG00000139083.11,3518.54074756766,-0.842620918032645,3.39662615424029e-06,True,Downregulated
BCAT1,ENSG00000060982.15,6389.63686447465,-0.81550043282689,2.52174537462542e-06,True,Downregulated
TSPAN11,ENSG00000110900.16,56.8835447105003,1.92020538978665,3.67719618777054e-06,True,Upregulated
ANO6,ENSG00000177119.17,4273.54159844107,-0.456259170067222,0.0137949349192432,False,Not significant
DIP2B,ENSG00000066084.13,4444.15671207829,-0.996707142936007,3.9172444740789596e-12,True,Downregulated
NXPH4,ENSG00000182379.10,316.429564929613,3.10815737103341,1.42210645023899e-46,True,Upregulated
SRGAP1,ENSG00000196935.10,2001.77645508302,-1.34801247916171,2.3741887156021e-17,True,Downregulated
ANKS1B,ENSG00000185046.20,349.396288351333,-2.16197507257609,1.99057772118632e-26,True,Downregulated
NT5DC3,ENSG00000111696.12,3474.27904424145,-0.950639097999794,8.68482631022344e-11,True,Downregulated
GALNT9,ENSG00000182870.13,17.1938381615189,4.89915175416227,6.77267807336517e-06,True,Upregulated
LATS2,ENSG00000150457.9,2049.12748749689,-0.226337898669427,0.386446992697375,False,Not significant
UBL3,ENSG00000122042.10,2138.04367800605,-0.573047694471106,0.0045151295719344,True,Downregulated
HMGB1,ENSG00000189403.15,7454.88053407809,-0.398933810255809,0.0578230979053275,False,Not significant
ALOX5AP,ENSG00000132965.10,18.8833044293099,1.85771388743827,0.0078455620548688,True,Upregulated
SERP2,ENSG00000151778.11,56.9105506508094,-0.591151620107249,0.187087824848682,False,Not significant
DACH1,ENSG00000276644.5,1135.21558604021,-3.1059028821652,1.5513516112329799e-55,True,Downregulated
OXGR1,ENSG00000165621.9,4.41724667662803,-1.42238779291344,0.527798419844869,False,Not significant
MCF2L,ENSG00000126217.22,42.0795731526404,3.43797955693676,1.58449880290205e-11,True,Upregulated
SLC7A7,ENSG00000155465.21,178.112508469894,2.50198310259708,3.1931253310266697e-22,True,Upregulated
FRMD6,ENSG00000139926.16,2872.71763453431,-0.592298821245756,0.021119632697684,False,Not significant
PRKCH,ENSG00000027075.17,595.20201027103,0.779480340152845,0.0001010737660087,True,Upregulated
KCNH5,ENSG00000140015.20,56.3405754045225,-2.01092050134194,9.12634663533546e-08,True,Downregulated
RAD51B,ENSG00000182185.19,205.390533268701,-0.331099466659117,0.300494838262272,False,Not significant
MAP3K9,ENSG00000006432.16,1216.20220832261,0.564247876185581,0.0006073909913931,True,Upregulated
TTLL5,ENSG00000119685.20,1631.17524804113,-0.184663032614683,0.603814563049469,False,Not significant
STON2,ENSG00000140022.14,2299.00658157936,-0.516575822488978,0.0115160928438683,False,Not significant
INF2,ENSG00000203485.14,3570.23145123758,-0.0014797437736922,0.997343536262038,False,Not significant
BRF1,ENSG00000185024.18,1511.26552021504,0.0112532036010691,0.976712952558473,False,Not significant
CRIP1,ENSG00000213145.10,32.7547004897635,1.61653925566281,0.0030729636876329,True,Upregulated
TMEM121,ENSG00000184986.11,197.950798772166,1.49224060323271,1.51313409154477e-07,True,Upregulated
ITPKA,ENSG00000137825.11,407.332626498538,1.4428623349241,1.14298227255102e-05,True,Upregulated
FRMD5,ENSG00000171877.21,3975.07996926967,-2.07909587368013,5.0175940770567796e-30,True,Downregulated
SHC4,ENSG00000185634.12,386.343665025064,-1.25384039750079,1.66311586315219e-05,True,Downregulated
TNFAIP8L3,ENSG00000183578.8,128.926824389409,1.39800080228987,8.26930434277665e-07,True,Upregulated
TMOD3,ENSG00000138594.14,5448.44118974737,0.086163089440972,0.717881345287522,False,Not significant
NEDD4,ENSG00000069869.17,8137.51074021967,-2.30295820957667,1.67819911062189e-28,True,Downregulated
ADAM10,ENSG00000137845.15,7389.02936508171,0.0763752259442395,0.821375292362791,False,Not significant
MYO1E,ENSG00000157483.9,6906.55887477627,-1.06793323581605,2.48118266740102e-10,True,Downregulated
TPM1,ENSG00000140416.24,39345.1838362983,2.07753311953388,1.75913463898643e-31,True,Upregulated
RPS27L,ENSG00000185088.14,2831.92721627877,-0.222280324209187,0.313520997134869,False,Not significant
RBPMS2,ENSG00000166831.9,74.5137877915243,0.961156648286754,0.0199605372579656,False,Not significant
RAB11A,ENSG00000103769.10,5038.68326328575,-0.329553135321846,0.0807042792236756,False,Not significant
SMAD3,ENSG00000166949.17,20392.3553396233,-0.296950972960046,0.0873801173372884,False,Not significant
SKOR1,ENSG00000188779.12,86.7398612198548,-0.50736692044188,0.257166452831815,False,Not significant
UACA,ENSG00000137831.15,5271.74604353593,-0.181528187898221,0.413766595436407,False,Not significant
THSD4,ENSG00000187720.15,1062.11629686765,2.31680011233963,1.27257945891592e-24,True,Upregulated
NPTN,ENSG00000156642.17,4935.76062546683,-0.0455497867935885,0.876678276268382,False,Not significant
ARID3B,ENSG00000179361.18,461.938549483453,-0.547925535375178,0.0533194031863492,False,Not significant
PSTPIP1,ENSG00000140368.14,163.962400549496,2.33839935335234,3.51358312404966e-17,True,Upregulated
ADAMTSL3,ENSG00000156218.13,16.1038902237108,0.634536359347696,0.560666223553201,False,Not significant
AKAP13,ENSG00000170776.22,7436.64987339021,-0.578612537164301,0.0014228097646035,True,Downregulated
NTRK3,ENSG00000140538.17,2240.35845211103,1.22729810026284,1.58177155179831e-08,True,Upregulated
TICRR,ENSG00000140534.14,3296.03662190541,0.188511263209938,0.463584088676029,False,Not significant
CRTC3,ENSG00000140577.17,2395.8363808527,-0.516439651677136,0.0323819302893496,False,Not significant
IGF1R,ENSG00000140443.15,9889.19635947491,-0.775759215234781,0.0003340182287284,True,Downregulated
TTC23,ENSG00000103852.13,1209.26719730358,-2.07308013933845,4.2441618077324203e-38,True,Downregulated
LRRC28,ENSG00000168904.15,877.221680649436,0.0352624733244414,0.915858750400524,False,Not significant
CAPN15,ENSG00000103326.12,1911.6966550536,0.296755946321071,0.235364924912807,False,Not significant
MSLN,ENSG00000102854.16,62.0913045526199,2.24943004633375,2.34003844789696e-08,True,Upregulated
C1QTNF8,ENSG00000184471.9,1.25097265070224,3.63132146005587,,False,Not significant
TPSD1,ENSG00000095917.14,13.4690322933238,7.04191037043335,2.05991423791103e-06,True,Upregulated
GRIN2A,ENSG00000183454.18,835.908302259966,0.787518556754102,0.0195093992013685,False,Not significant
LONP2,ENSG00000102910.14,10976.9458622496,-0.124221501721538,0.60696230794312,False,Not significant
ZNF423,ENSG00000102935.12,75.3711853450267,0.427861361620847,0.568025923294874,False,Not significant
RBL2,ENSG00000103479.17,4955.00451501891,-0.0904206458033384,0.80107109525237,False,Not significant
AMFR,ENSG00000159461.15,8254.23466888203,0.0083553157080628,0.981143733266092,False,Not significant
NUP93,ENSG00000102900.13,4324.40967689347,0.0528847886086095,0.88317183910431,False,Not significant
PLLP,ENSG00000102934.10,566.979510111667,0.107328674413686,0.73738733559985,False,Not significant
DRC7,ENSG00000159625.15,4.29728455060522,-1.09278197865655,0.534192918021009,False,Not significant
CDH8,ENSG00000150394.14,13.7393700852181,-2.45222494475432,0.0013371258091114,True,Downregulated
CDH11,ENSG00000140937.14,10148.9710531514,0.185583548047311,0.468691723004806,False,Not significant
DYNC1LI2,ENSG00000135720.13,9090.28107461626,-0.435113343439149,0.0443627375474534,False,Not significant
DUS2,ENSG00000167264.18,783.453294671188,0.19674240272911,0.506274548678342,False,Not significant
CYB5B,ENSG00000103018.18,5156.8673536814,-0.142549239938249,0.579841792994474,False,Not significant
NFAT5,ENSG00000102908.23,12919.0721028466,0.0143591217963705,0.97532065282325,False,Not significant
ZNF19,ENSG00000157429.16,148.62137034612,-0.305425871317252,0.378527978034045,False,Not significant
TXNL4B,ENSG00000140830.9,1154.74222852435,-0.684021266929999,0.0021363216700293,True,Downregulated
GLG1,ENSG00000090863.12,9920.6529945374,-0.0359767224463994,0.913329568569282,False,Not significant
NECAB2,ENSG00000103154.10,52.80249755769,5.52916173616154,6.276792846590931e-15,True,Upregulated
JPH3,ENSG00000154118.13,64.1194499123566,0.92415079388427,0.0242662861828597,False,Not significant
ZFPM1,ENSG00000179588.9,499.395251396927,0.678183213571915,0.0085997654831491,True,Upregulated
SNAI3,ENSG00000185669.6,43.5079408444068,1.08173975884119,0.0160598293725699,False,Not significant
CDH15,ENSG00000129910.8,138.646772800342,2.35303096823166,1.78504150435365e-14,True,Upregulated
DPEP1,ENSG00000015413.10,19.9627665707051,7.60666650637126,7.36460460737353e-08,True,Upregulated
VPS53,ENSG00000141252.21,6567.80874061991,-0.1005816011422,0.66599864329274,False,Not significant
PAFAH1B1,ENSG00000007168.14,10707.7039403982,-0.189666943651469,0.535467072789263,False,Not significant
P2RX5,ENSG00000083454.23,5.45274963906986,0.625261758969096,0.725674377891864,False,Not significant
ATP2A3,ENSG00000074370.18,54.8001334529683,2.76501774561424,2.98861326093007e-11,True,Upregulated
ALOX15,ENSG00000161905.13,3.31746596852868,5.00725453885022,0.0123232786310516,False,Not significant
ZNF232,ENSG00000167840.14,351.838831145751,-0.489840137241116,0.0627760298136504,False,Not significant
STX8,ENSG00000170310.15,848.520959950847,-0.38310431962986,0.0742947105847707,False,Not significant
HS3ST3A1,ENSG00000153976.3,4084.54511340711,-0.950947689607771,0.0001809121649685,True,Downregulated
CDRT4,ENSG00000239704.12,36.7967523417452,-0.463219134830101,0.437958761003625,False,Not significant
NT5M,ENSG00000205309.14,141.112724609864,0.726161404624605,0.0373347619997512,False,Not significant
PEMT,ENSG00000133027.18,316.235461182686,0.108114038334963,0.772337615092587,False,Not significant
TOM1L2,ENSG00000175662.18,9439.66481457184,-0.144797439430742,0.529382014451573,False,Not significant
LGALS9,ENSG00000168961.17,179.94295695149,0.196970194928314,0.915284040743404,False,Not significant
NF1,ENSG00000196712.20,6321.259198044,-0.0527007943243945,0.858920700271626,False,Not significant
AP2B1,ENSG00000006125.18,23328.445850986,-0.0844377507662618,0.71866650943923,False,Not significant
STAT3,ENSG00000168610.16,16314.2834260908,-0.151369635761796,0.472823062074079,False,Not significant
DHX8,ENSG00000067596.12,4811.31295433659,-0.133029837992164,0.58246637918677,False,Not significant
ARHGAP27,ENSG00000159314.13,579.436770057978,1.15962662101995,1.30988354916254e-07,True,Upregulated
KANSL1,ENSG00000120071.15,4815.74625326054,-0.498372805912086,0.0059645721542145,True,Downregulated
NSF,ENSG00000073969.19,2512.11519108953,0.0892712666253047,0.726673660974926,False,Not significant
WNT3,ENSG00000108379.11,846.245918219727,0.247747753880951,0.384211811728714,False,Not significant
ITGB3,ENSG00000259207.10,4138.90130268621,-0.971446367668272,1.42495680016223e-05,True,Downregulated
KAT7,ENSG00000136504.14,4681.83036187112,-0.21800636946533,0.255061558689042,False,Not significant
HLF,ENSG00000108924.14,321.180797742715,-0.620194441968431,0.009195071017862,True,Downregulated
MMD,ENSG00000108960.9,1125.45994742003,-0.124104456119622,0.700202375241237,False,Not significant
MSI2,ENSG00000153944.12,13550.5335599706,-1.12228051716458,6.44056397834402e-05,True,Downregulated
VMP1,ENSG00000062716.13,22567.7352245538,-1.43404149836411,7.358727113805051e-17,True,Downregulated
BCAS3,ENSG00000141376.23,1075.32964605726,-0.196904819239937,0.466178230205604,False,Not significant
TBX4,ENSG00000121075.11,15.33923378818,-0.438536365327105,0.677923394235631,False,Not significant
TANC2,ENSG00000170921.16,7110.12661092796,-0.682792366426611,0.0009714851720825,True,Downregulated
TEX2,ENSG00000136478.9,4855.80351341765,-0.4037073197624,0.0437264170537109,False,Not significant
DDX5,ENSG00000108654.16,23549.8269611486,-0.371080785264845,0.14363576989236,False,Not significant
PRKCA,ENSG00000154229.12,7960.61649143362,-0.564850299469307,0.0011222858014584,True,Downregulated
KCNJ2,ENSG00000123700.5,237.238337671809,-3.33214763322399,9.406575039401699e-29,True,Downregulated
CDC42EP4,ENSG00000179604.10,3294.86295605643,-0.376192270183669,0.0691405082277454,False,Not significant
SDK2,ENSG00000069188.17,71.2325938815064,1.44832205288222,0.0004144230983905,True,Upregulated
GPRC5C,ENSG00000170412.18,75.1117988935202,4.60934272844911,4.73576764699565e-22,True,Upregulated
SLC9A3R1,ENSG00000109062.12,1877.91275863419,0.767456837152569,0.0003074150271235,True,Upregulated
EXOC7,ENSG00000182473.22,7276.35637876889,-0.379912080670132,0.024677388840793,False,Not significant
AANAT,ENSG00000129673.10,14.0213597709833,2.25121523121948,0.0081608801319766,True,Upregulated
NPTX1,ENSG00000171246.7,283.389511535696,3.64245827524696,2.2838179992625797e-30,True,Upregulated
BAIAP2,ENSG00000175866.16,2054.429658784,-0.167416386249394,0.50182577918091,False,Not significant
CEP131,ENSG00000141577.14,1308.12547668838,0.321064987287425,0.0912251945115934,False,Not significant
TMEM105,ENSG00000185332.8,1.75793067848713,-0.187787557901903,0.965136514573398,False,Not significant
NPLOC4,ENSG00000182446.15,14440.6722675708,-0.240626623960269,0.193145899485448,False,Not significant
NOTUM,ENSG00000185269.12,653.025204719136,1.83034081058486,3.8124984394396e-15,True,Upregulated
FASN,ENSG00000169710.9,26702.5613380311,0.150000120147318,0.590813429079317,False,Not significant
SECTM1,ENSG00000141574.8,27.0543540956864,0.396771478105199,0.643129148278688,False,Not significant
RAB40B,ENSG00000141542.11,658.220411750204,0.180355892803717,0.637933233818026,False,Not significant
METRNL,ENSG00000176845.13,1482.97054663908,1.57014711240326,2.25109577479566e-13,True,Upregulated
TGIF1,ENSG00000177426.22,1947.7383854678,-0.570631687817502,0.0186458085529968,False,Not significant
EPB41L3,ENSG00000082397.18,2949.8011085286,-1.23688581173188,1.3705959191827e-13,True,Downregulated
L3MBTL4,ENSG00000154655.16,745.249961359941,-0.622739029071324,0.0007158051212885,True,Downregulated
MTCL1,ENSG00000168502.18,9711.94380829053,-0.926597905505691,1.5382360338267002e-10,True,Downregulated
VAPA,ENSG00000101558.14,7331.70197119334,-0.142222186616786,0.523906291921498,False,Not significant
CTAGE1,ENSG00000212710.5,3.06077273262334,-0.309882354145374,0.929338770151877,False,Not significant
KCTD1,ENSG00000134504.14,963.890718864292,-1.08232957817766,2.83040219685272e-08,True,Downregulated
FHOD3,ENSG00000134775.16,1562.79750774839,-0.53007775258413,0.0079740825237125,True,Downregulated
FSTL3,ENSG00000070404.10,1011.68936714153,0.456275364291664,0.324324304786893,False,Not significant
MED16,ENSG00000175221.16,3229.47422634928,0.0587943396078691,0.862061245311723,False,Not significant
ARID3A,ENSG00000116017.11,479.798826469512,0.19625422725581,0.53966051930037,False,Not significant
TCF3,ENSG00000071564.19,5150.83440132488,-0.0038480557240715,0.992657606446246,False,Not significant
KLF16,ENSG00000129911.9,1270.01733846867,0.0294043884664731,0.947802059436448,False,Not significant
TLE6,ENSG00000104953.20,32.2177956992385,1.38961570072537,0.0427661489925079,False,Not significant
TLE2,ENSG00000065717.15,128.7119927214,4.44013779708713,1.61672798014982e-33,True,Upregulated
CELF5,ENSG00000161082.13,36.2241759000797,1.8832040920482,6.99751859411026e-05,True,Upregulated
PIP5K1C,ENSG00000186111.11,3755.41277709445,-0.016686523351512,0.961312786731104,False,Not significant
NRTN,ENSG00000171119.3,123.309096194822,1.31777205401237,0.0010843422216497,True,Upregulated
KANK3,ENSG00000186994.12,41.6688344559659,0.323890573566344,0.668847336603341,False,Not significant
CACNA1A,ENSG00000141837.22,27.3555416281528,1.50066332460312,0.005442081338434,True,Upregulated
SIN3B,ENSG00000127511.10,4797.69179599725,-0.265490330770028,0.16026616296611,False,Not significant
KCNN1,ENSG00000105642.16,23.0875519192269,3.20074282587976,1.94267089190008e-06,True,Upregulated
ARRDC2,ENSG00000105643.11,763.05383678541,0.722964333121364,0.0003073377904974,True,Upregulated
SSBP4,ENSG00000130511.16,1307.23813084239,0.315635803931331,0.0942467655455357,False,Not significant
HOMER3,ENSG00000051128.19,2240.90984356927,0.597236872368717,0.0393413327444828,False,Not significant
ZNF507,ENSG00000168813.17,2263.55082439115,-0.362048200368355,0.0741244901982682,False,Not significant
PEPD,ENSG00000124299.16,2996.17466551217,-0.136777045645566,0.599277462934606,False,Not significant
CHST8,ENSG00000124302.13,3.43092019032155,3.10520594350594,0.138530532118812,False,Not significant
HPN,ENSG00000105707.15,22.8631021148609,1.45328485708008,0.049285991918985,False,Not significant
ACTN4,ENSG00000130402.14,48479.5706822937,-0.3103047157827,0.125234497946895,False,Not significant
ATP1A3,ENSG00000105409.19,10.8767317637667,2.30458478403244,0.0168307567935916,False,Not significant
ARHGAP35,ENSG00000160007.20,9442.55243782763,-0.389197448700548,0.0143402429182768,False,Not significant
CACNG7,ENSG00000105605.8,22.7840639461998,1.70350044284097,0.0064292415230991,True,Upregulated
TBC1D20,ENSG00000125875.15,2318.24531747523,0.0284907547861481,0.926963897306145,False,Not significant
LZTS3,ENSG00000088899.16,620.327166725407,0.34313399938936,0.340203338903024,False,Not significant
SLC4A11,ENSG00000088836.14,248.56408984683,1.52101471845301,2.06763229045849e-08,True,Upregulated
RNF24,ENSG00000101236.17,3275.04895039051,0.819570888588712,2.84280223930955e-07,True,Upregulated
SLC23A2,ENSG00000089057.15,3038.43239483417,0.0946515403340112,0.793052549816618,False,Not significant
PLCB1,ENSG00000182621.18,2064.01102708405,-1.73286821996849,1.31996813043348e-25,True,Downregulated
SNAP25,ENSG00000132639.15,81.8434377007708,-1.26334990870719,7.13355463758929e-05,True,Downregulated
BTBD3,ENSG00000132640.15,5328.5110480974,-2.00583642749097,1.17744093034846e-27,True,Downregulated
ASXL1,ENSG00000171456.21,7078.71513128852,0.0178553488852489,0.952237782105822,False,Not significant
MANBAL,ENSG00000101363.13,1197.53841687388,-0.235391484595443,0.334969300428547,False,Not significant
TGM2,ENSG00000198959.12,9195.72655009669,4.67322116228845,1.81177093593907e-08,True,Upregulated
STK4,ENSG00000101109.13,4543.88390839409,-0.0013598141211351,0.996958974091901,False,Not significant
ZMYND8,ENSG00000101040.20,4286.27171379158,0.15265332590118,0.568881725246269,False,Not significant
PARD6B,ENSG00000124171.9,1515.61924248786,-0.205177385749329,0.329872033759033,False,Not significant
ATP9A,ENSG00000054793.14,6953.76901180639,-0.375980892914856,0.0530872526334935,False,Not significant
CYP24A1,ENSG00000019186.10,157.727857827936,1.00119966875985,0.0138781061952002,False,Not significant
TFAP2C,ENSG00000087510.7,5339.47457987486,-0.82207499376369,3.82209406116966e-07,True,Downregulated
PPP4R1L,ENSG00000124224.20,11.6016319036068,-0.588858801645905,0.644396062049665,False,Not significant
GATA5,ENSG00000130700.7,1.82264367162635,4.17111459259542,0.164020249393414,False,Not significant
SLC17A9,ENSG00000101194.18,3.60576555326438,1.95910174649476,0.398397171682328,False,Not significant
COL20A1,ENSG00000101203.17,69.4571529901264,3.80886301421128,5.4309678968199305e-19,True,Upregulated
KCNQ2,ENSG00000075043.21,20.6212812696929,3.4987984299672,9.32390253974892e-06,True,Upregulated
PPDPF,ENSG00000125534.10,3322.78931884038,0.112113776942745,0.778679637663725,False,Not significant
PTK6,ENSG00000101213.7,100.786586348609,0.706416305483244,0.0853875282659251,False,Not significant
SLC2A4RG,ENSG00000125520.14,4372.99423247727,0.508687673545583,0.0407984889984673,False,Not significant
MYT1,ENSG00000196132.14,45.3359466417203,2.31886705804415,3.13169468063621e-06,True,Upregulated
MIR99AHG,ENSG00000215386.15,6036.5091829499,-2.74024639731646,1.7474847055066697e-36,True,Downregulated
RCAN1,ENSG00000159200.18,2154.38460535804,-1.65419496816737,4.69532203329582e-15,True,Downregulated
RUNX1,ENSG00000159216.19,5442.74363496838,-0.87198000386585,5.89680513715269e-05,True,Downregulated
SIM2,ENSG00000159263.16,17.1254787406474,0.249628527785446,0.825344301931969,False,Not significant
KCNJ6,ENSG00000157542.11,11.2152883914117,-0.925984151047813,0.455296623639986,False,Not significant
PDXK,ENSG00000160209.19,6795.95220730814,0.418027880235542,0.0116783976607993,False,Not significant
AGPAT3,ENSG00000160216.21,4154.34272320984,-0.0781840822681932,0.757807531253218,False,Not significant
TRAPPC10,ENSG00000160218.13,2319.83606908194,-0.112643226558822,0.657347483139573,False,Not significant
AIRE,ENSG00000160224.17,5.48533953569964,1.95087944429644,0.165050237016882,False,Not significant
SLC19A1,ENSG00000173638.19,1488.27110027879,0.378502460444194,0.0345053095520342,False,Not significant
TANGO2,ENSG00000183597.16,750.016365723113,0.240981708616749,0.297041120723593,False,Not significant
MMP11,ENSG00000099953.10,57.280871124781,2.43394061704582,6.35768107900398e-09,True,Upregulated
CABIN1,ENSG00000099991.18,4746.42524574778,0.212789715168973,0.264509169687779,False,Not significant
RBFOX2,ENSG00000100320.24,5512.90087259133,-0.701201385748247,0.0003112674545273,True,Downregulated
MYH9,ENSG00000100345.23,64388.1875600186,0.306147650383747,0.129485882991272,False,Not significant
CACNA1I,ENSG00000100346.18,218.217090415417,6.26159408080742,1.27784902166275e-44,True,Upregulated
CYB5R3,ENSG00000100243.22,2269.22857704168,-0.0212855467262805,0.966476727092463,False,Not significant
A4GALT,ENSG00000128274.17,937.007277261739,0.97862120978502,8.51923847762483e-09,True,Upregulated
WNT7B,ENSG00000188064.10,602.07927557819,4.47884502334291,3.97372095657229e-90,True,Upregulated
PLXNB2,ENSG00000196576.16,11185.8502659594,0.739828950329327,4.36757204684397e-07,True,Upregulated
MID1,ENSG00000101871.17,3006.58028250048,-1.57799163035768,2.23817382763013e-13,True,Downregulated
MBTPS2,ENSG00000012174.12,2284.75567599935,-0.290924136711878,0.127263459082392,False,Not significant
SMS,ENSG00000102172.16,8183.31090067407,-0.602355069126753,0.0024044285378149,True,Downregulated
MSN,ENSG00000147065.18,36821.6226940877,0.0771476816224999,0.769313947415028,False,Not significant
SLC16A2,ENSG00000147100.11,5082.09203925079,0.582536712125761,0.0001718686424941,True,Upregulated
LHFPL1,ENSG00000182508.14,12.8540090131532,1.27961693136034,0.201464268974585,False,Not significant
FGF13,ENSG00000129682.16,1081.16962338933,-1.31698849816193,2.83742646231e-10,True,Downregulated
DUSP9,ENSG00000130829.18,30.3673896788871,5.27111320585283,3.780837837571981e-09,True,Upregulated
PDZD4,ENSG00000067840.13,505.877395049674,1.76900236160397,5.1900857196117304e-15,True,Upregulated
