gene_id,gene_name
ENSG00000202198.1,7SK
ENSG00000127837.10,AAMP
ENSG00000157426.14,AASDH
ENSG00000275700.6,AATF
ENSG00000281376.1,ABALON
ENSG00000165029.17,ABCA1
ENSG00000251595.7,ABCA11P
ENSG00000179869.15,ABCA13
ENSG00000189149.12,ABCA15P
ENSG00000197150.13,ABCB8
ENSG00000114770.17,ABCC5
ENSG00000117528.14,ABCD3
ENSG00000033050.9,ABCF2
ENSG00000285292.1,ABCF2-H2BK1
ENSG00000106077.19,ABHD11
ENSG00000100997.20,ABHD12
ENSG00000168792.5,ABHD15
ENSG00000107362.14,ABHD17B
ENSG00000154175.18,ABI3BP
ENSG00000166016.6,ABTB2
ENSG00000060971.19,ACAA1
ENSG00000278540.5,ACACA
ENSG00000072778.20,ACADVL
ENSG00000075239.14,ACAT1
ENSG00000120437.9,ACAT2
ENSG00000177076.6,ACER2
ENSG00000144648.16,ACKR2
ENSG00000112304.11,ACOT13
ENSG00000101473.17,ACOT8
ENSG00000204581.3,ACOXL-AS1
ENSG00000162836.12,ACP6
ENSG00000107796.13,ACTA2
ENSG00000136518.17,ACTL6A
ENSG00000138107.13,ACTR1A
ENSG00000115073.8,ACTR1B
ENSG00000115091.12,ACTR3
ENSG00000123612.16,ACVR1C
ENSG00000243989.9,ACY1
ENSG00000137845.15,ADAM10
ENSG00000008277.15,ADAM22
ENSG00000166106.4,ADAMTS15
ENSG00000158859.10,ADAMTS4
ENSG00000203804.5,ADAMTSL4-AS1
ENSG00000237781.3,ADAMTSL4-AS2
ENSG00000152990.14,ADGRA3
ENSG00000267169.2,ADGRL1-AS1
ENSG00000156110.15,ADK
ENSG00000148926.10,ADM
ENSG00000254554.1,ADM-DT
ENSG00000259456.4,ADNP-AS1
ENSG00000170425.4,ADORA2B
ENSG00000169252.6,ADRB2
ENSG00000035687.10,ADSS2
ENSG00000196526.11,AFAP1
ENSG00000141385.12,AFG3L2
ENSG00000119844.17,AFTPH
ENSG00000260101.2,AFTPH-DT
ENSG00000235529.2,AGAP1-IT1
ENSG00000231636.1,AGBL5-AS1
ENSG00000106351.13,AGFG2
ENSG00000123908.12,AGO2
ENSG00000204310.13,AGPAT1
ENSG00000158467.17,AHCYL2
ENSG00000124942.14,AHNAK
ENSG00000145192.13,AHSG
ENSG00000129474.16,AJUBA
ENSG00000147853.17,AK3
ENSG00000155085.16,AK9
ENSG00000170776.22,AKAP13
ENSG00000011243.19,AKAP8L
ENSG00000174574.16,AKIRIN1
ENSG00000122787.15,AKR1D1
ENSG00000105221.18,AKT2
ENSG00000148218.16,ALAD
ENSG00000170017.12,ALCAM
ENSG00000159423.17,ALDH4A1
ENSG00000119711.13,ALDH6A1
ENSG00000214160.10,ALG3
ENSG00000171094.18,ALK
ENSG00000179148.10,ALOXE3
ENSG00000126016.17,AMOT
ENSG00000133805.16,AMPD3
ENSG00000214174.11,AMZ2P1
ENSG00000291140.1,AMZ2P1
ENSG00000214274.10,ANG
ENSG00000167772.12,ANGPTL4
ENSG00000151687.15,ANKAR
ENSG00000185722.18,ANKFY1
ENSG00000131503.21,ANKHD1
ENSG00000249637.4,ANKHD1-DT
ENSG00000254996.5,ANKHD1-EIF4EBP3
ENSG00000001629.10,ANKIB1
ENSG00000145700.10,ANKRD31
ENSG00000186106.11,ANKRD46
ENSG00000144031.12,ANKRD53
ENSG00000230778.2,ANKRD63
ENSG00000140350.15,ANP32A
ENSG00000143401.15,ANP32E
ENSG00000169604.21,ANTXR1
ENSG00000274209.6,ANTXRL
ENSG00000230539.1,AOAH-IT1
ENSG00000196961.13,AP2A1
ENSG00000161203.14,AP2M1
ENSG00000042753.12,AP2S1
ENSG00000132842.15,AP3B1
ENSG00000185009.13,AP3M1
ENSG00000070718.12,AP3M2
ENSG00000134262.13,AP4B1
ENSG00000221838.10,AP4M1
ENSG00000107282.9,APBA1
ENSG00000134982.17,APC
ENSG00000198768.11,APCDD1L
ENSG00000149089.13,APIP
ENSG00000169621.11,APLF
ENSG00000273492.6,APP-DT
ENSG00000214293.11,APTR
ENSG00000161798.7,AQP5
ENSG00000169083.18,AR
ENSG00000245148.2,ARAP1-AS2
ENSG00000134287.10,ARF3
ENSG00000271966.1,ARFGEF1-DT
ENSG00000081181.8,ARG2
ENSG00000146376.11,ARHGAP18
ENSG00000213390.11,ARHGAP19
ENSG00000269891.2,ARHGAP19-SLIT1
ENSG00000147799.12,ARHGAP39
ENSG00000196914.9,ARHGEF12
ENSG00000110237.5,ARHGEF17
ENSG00000224276.1,ARHGEF2-AS1
ENSG00000214944.10,ARHGEF28
ENSG00000179361.18,ARID3B
ENSG00000032219.19,ARID4A
ENSG00000054267.22,ARID4B
ENSG00000166233.15,ARIH1
ENSG00000152219.5,ARL14EP
ENSG00000254532.2,ARL14EP-DT
ENSG00000214087.9,ARL16
ENSG00000102931.8,ARL2BP
ENSG00000138175.9,ARL3
ENSG00000162980.17,ARL5A
ENSG00000170540.15,ARL6IP1
ENSG00000144746.7,ARL6IP5
ENSG00000104442.10,ARMC1
ENSG00000118690.13,ARMC2
ENSG00000105676.14,ARMC6
ENSG00000114098.18,ARMC8
ENSG00000198520.12,ARMH1
ENSG00000139971.15,ARMH4
ENSG00000146476.11,ARMT1
ENSG00000143437.21,ARNT
ENSG00000162704.16,ARPC5
ENSG00000113369.9,ARRDC3
ENSG00000140450.9,ARRDC4
ENSG00000173409.14,ARV1
ENSG00000065802.12,ASB1
ENSG00000267080.8,ASB16-AS1
ENSG00000183475.13,ASB7
ENSG00000112249.14,ASCC3
ENSG00000286053.2,ASDURF
ENSG00000105011.9,ASF1B
ENSG00000126522.17,ASL
ENSG00000138381.10,ASNSD1
ENSG00000198363.18,ASPH
ENSG00000066279.19,ASPM
ENSG00000171456.21,ASXL1
ENSG00000143970.18,ASXL2
ENSG00000156802.13,ATAD2
ENSG00000115966.18,ATF2
ENSG00000170653.19,ATF7
ENSG00000267281.3,ATF7-NPFF
ENSG00000152348.16,ATG10
ENSG00000145782.13,ATG12
ENSG00000110046.13,ATG2A
ENSG00000149311.20,ATM
ENSG00000005238.20,ATOSB
ENSG00000233058.3,ATP13A3-DT
ENSG00000127249.15,ATP13A4
ENSG00000069849.11,ATP1B3
ENSG00000058668.16,ATP2B4
ENSG00000159199.14,ATP5MC1
ENSG00000241837.7,ATP5PO
ENSG00000213435.3,ATP6V0CP3
ENSG00000159720.13,ATP6V0D1
ENSG00000270049.4,ATP6V0D1-DT
ENSG00000147614.4,ATP6V0D2
ENSG00000113732.9,ATP6V0E1
ENSG00000171130.19,ATP6V0E2
ENSG00000204934.10,ATP6V0E2-AS1
ENSG00000155097.12,ATP6V1C1
ENSG00000136888.8,ATP6V1G1
ENSG00000143515.20,ATP8B2
ENSG00000130270.16,ATP8B3
ENSG00000171953.16,ATPAF2
ENSG00000124788.19,ATXN1
ENSG00000229931.3,ATXN1-AS1
ENSG00000115307.17,AUP1
ENSG00000105778.20,AVL9
ENSG00000126895.16,AVPR2
ENSG00000160862.13,AZGP1
ENSG00000163512.14,AZI2
ENSG00000166710.23,B2M
ENSG00000162885.14,B3GALNT2
ENSG00000175711.9,B3GNTL1
ENSG00000108641.20,B9D1
ENSG00000107262.26,BAG1
ENSG00000151929.10,BAG3
ENSG00000266074.11,BAHCC1
ENSG00000030110.14,BAK1
ENSG00000138376.11,BARD1
ENSG00000076108.12,BAZ2A
ENSG00000214413.9,BBIP1
ENSG00000181004.10,BBS12
ENSG00000114439.19,BBX
ENSG00000229953.1,BCAN-AS2
ENSG00000141376.23,BCAS3
ENSG00000083123.15,BCKDHB
ENSG00000142867.14,BCL10
ENSG00000223653.6,BCL10-AS1
ENSG00000127152.18,BCL11B
ENSG00000153094.24,BCL2L11
ENSG00000129473.11,BCL2L2
ENSG00000113916.18,BCL6
ENSG00000116128.12,BCL9
ENSG00000261656.6,BEAN1-AS1
ENSG00000125864.14,BFSP1
ENSG00000134107.5,BHLHE40
ENSG00000257530.1,BICD1-AS1
ENSG00000185963.14,BICD2
ENSG00000225969.3,BICDL3P
ENSG00000112624.13,BICRAL
ENSG00000023445.16,BIRC3
ENSG00000197299.13,BLM
ENSG00000189114.8,BLOC1S3
ENSG00000188428.20,BLOC1S5
ENSG00000259040.5,BLOC1S5-TXNDC5
ENSG00000090013.11,BLVRB
ENSG00000029153.15,BMAL2
ENSG00000104081.14,BMF
ENSG00000164603.12,BMT2
ENSG00000234779.1,BNC2-AS1
ENSG00000145919.11,BOD1
ENSG00000178096.9,BOLA1
ENSG00000172331.12,BPGM
ENSG00000137274.13,BPHL
ENSG00000104331.9,BPNT2
ENSG00000185515.16,BRCC3
ENSG00000235106.10,BRD3OS
ENSG00000113460.13,BRIX1
ENSG00000254999.4,BRK1
ENSG00000162819.12,BROX
ENSG00000160058.19,BSDC1
ENSG00000267751.6,BSG-AS1
ENSG00000064726.10,BTBD1
ENSG00000222009.9,BTBD19
ENSG00000236526.1,BTBD3-AS1
ENSG00000174808.12,BTC
ENSG00000134717.18,BTF3L4
ENSG00000112763.17,BTN2A1
ENSG00000156970.13,BUB1B
ENSG00000154473.18,BUB3
ENSG00000203808.13,BVES-AS1
ENSG00000237489.5,C10orf143
ENSG00000182919.15,C11orf54
ENSG00000180425.11,C11orf71
ENSG00000257057.3,C11orf97
ENSG00000169609.14,C15orf40
ENSG00000155330.10,C16orf87
ENSG00000256806.6,C17orf100
ENSG00000187624.9,C17orf97
ENSG00000177576.12,C18orf32
ENSG00000214212.9,C19orf38
ENSG00000104979.9,C19orf53
ENSG00000131094.4,C1QL1
ENSG00000198912.12,C1orf174
ENSG00000213057.5,C1orf220
ENSG00000164008.17,C1orf50
ENSG00000205930.11,C21orf62-AS1
ENSG00000172375.14,C2CD2L
ENSG00000168014.18,C2CD3
ENSG00000225556.2,C2CD4D
ENSG00000234614.1,C2CD4D-AS1
ENSG00000186132.15,C2orf76
ENSG00000228486.11,C2orf92
ENSG00000154274.15,C4orf19
ENSG00000113583.8,C5orf15
ENSG00000225940.7,C5orf67
ENSG00000204564.12,C6orf136
ENSG00000197261.12,C6orf141
ENSG00000221821.4,C6orf226
ENSG00000288596.2,C8orf44
ENSG00000288602.1,C8orf44-SGK3
ENSG00000241852.11,C8orf58
ENSG00000155621.15,C9orf85
ENSG00000185015.8,CA13
ENSG00000102547.19,CAB39L
ENSG00000160325.15,CACFD1
ENSG00000219188.1,CACYBPP3
ENSG00000164304.16,CAGE1
ENSG00000178033.6,CALHM5
ENSG00000145349.20,CAMK2D
ENSG00000164615.6,CAMLG
ENSG00000130559.19,CAMSAP1
ENSG00000238058.2,CAMSAP1-DT
ENSG00000171735.20,CAMTA1
ENSG00000237436.1,CAMTA1-DT
ENSG00000131236.18,CAP1
ENSG00000112186.13,CAP2
ENSG00000214711.10,CAPN14
ENSG00000162909.18,CAPN2
ENSG00000233263.1,CAPZA1P4
ENSG00000165233.18,CARD19
ENSG00000153048.11,CARHSP1
ENSG00000261481.1,CARHSP1-DT
ENSG00000156017.13,CARNMT1
ENSG00000108349.17,CASC3
ENSG00000147044.23,CASK
ENSG00000106144.20,CASP2
ENSG00000165806.21,CASP7
ENSG00000121691.7,CAT
ENSG00000099338.23,CATSPERG
ENSG00000105974.13,CAV1
ENSG00000105971.15,CAV2
ENSG00000114423.23,CBLB
ENSG00000108468.15,CBX1
ENSG00000094916.16,CBX5
ENSG00000060339.14,CCAR1
ENSG00000159884.12,CCDC107
ENSG00000136710.10,CCDC115
ENSG00000164366.4,CCDC127
ENSG00000163006.12,CCDC138
ENSG00000153237.19,CCDC148
ENSG00000198937.9,CCDC167
ENSG00000242715.8,CCDC169
ENSG00000250709.1,CCDC169-SOHLH2
ENSG00000164989.17,CCDC171
ENSG00000122483.18,CCDC18
ENSG00000165813.20,CCDC186
ENSG00000229140.12,CCDC26
ENSG00000186409.19,CCDC30
ENSG00000128891.17,CCDC32
ENSG00000108091.11,CCDC6
ENSG00000104983.8,CCDC61
ENSG00000179071.5,CCDC89
ENSG00000137500.10,CCDC90B
ENSG00000255234.6,CCDC90B-AS1
ENSG00000188549.13,CCDC9B
ENSG00000108691.10,CCL2
ENSG00000142871.18,CCN1
ENSG00000118523.6,CCN2
ENSG00000157456.8,CCNB2
ENSG00000110092.4,CCND1
ENSG00000113328.19,CCNG1
ENSG00000138764.15,CCNG2
ENSG00000134480.16,CCNH
ENSG00000126353.3,CCR7
ENSG00000107771.17,CCSER2
ENSG00000146731.11,CCT6A
ENSG00000228409.9,CCT6P1
ENSG00000135624.17,CCT7
ENSG00000236137.1,CD101-AS1
ENSG00000120217.14,CD274
ENSG00000169217.9,CD2BP2
ENSG00000026508.21,CD44
ENSG00000255443.1,CD44-AS1
ENSG00000255521.3,CD44-DT
ENSG00000196352.18,CD55
ENSG00000116815.16,CD58
ENSG00000135404.12,CD63
ENSG00000117399.14,CDC20
ENSG00000234694.2,CDC20-DT
ENSG00000164287.13,CDC20B
ENSG00000164045.12,CDC25A
ENSG00000004897.12,CDC27
ENSG00000285752.1,CDC42-AS1
ENSG00000179604.10,CDC42EP4
ENSG00000094804.12,CDC6
ENSG00000097046.13,CDC7
ENSG00000184661.14,CDCA2
ENSG00000111665.12,CDCA3
ENSG00000157211.12,CDCP2
ENSG00000170312.17,CDK1
ENSG00000065883.18,CDK13
ENSG00000259826.1,CDK13-DT
ENSG00000155111.15,CDK19
ENSG00000164885.13,CDK5
ENSG00000176749.9,CDK5R1
ENSG00000145996.11,CDKAL1
ENSG00000168564.6,CDKN2AIP
ENSG00000101290.14,CDS2
ENSG00000153879.9,CEBPG
ENSG00000103888.17,CEMIP
ENSG00000255121.2,CENATAC-DT
ENSG00000145241.11,CENPC
ENSG00000031691.7,CENPQ
ENSG00000151725.12,CENPU
ENSG00000168944.17,CEP120
ENSG00000174799.12,CEP135
ENSG00000103995.14,CEP152
ENSG00000110274.16,CEP164
ENSG00000101639.19,CEP192
ENSG00000266969.1,CEP192-DT
ENSG00000126001.17,CEP250
ENSG00000198707.17,CEP290
ENSG00000213066.14,CEP43
ENSG00000011523.15,CEP68
ENSG00000258890.8,CEP95
ENSG00000147400.10,CETN2
ENSG00000153140.9,CETN3
ENSG00000224786.3,CETN4P
ENSG00000156172.6,CFAP418
ENSG00000166596.15,CFAP52
ENSG00000089101.19,CFAP61
ENSG00000225626.4,CFAP95-DT
ENSG00000100532.13,CGRRF1
ENSG00000106153.13,CHCHD2
ENSG00000106554.13,CHCHD3
ENSG00000163528.13,CHCHD4
ENSG00000159685.11,CHCHD6
ENSG00000170791.18,CHCHD7
ENSG00000141371.13,CHCT1
ENSG00000124177.16,CHD6
ENSG00000089199.10,CHGB
ENSG00000109220.11,CHIC2
ENSG00000255236.3,CHKA-DT
ENSG00000101421.4,CHMP4B
ENSG00000086065.14,CHMP5
ENSG00000169684.13,CHRNA5
ENSG00000147119.4,CHST7
ENSG00000131873.7,CHSY1
ENSG00000159208.16,CIART
ENSG00000079432.9,CIC
ENSG00000112144.16,CILK1
ENSG00000164442.10,CITED2
ENSG00000173207.13,CKS1B
ENSG00000074054.21,CLASP1
ENSG00000265451.1,CLASP1-AS1
ENSG00000236915.3,CLCA4-AS1
ENSG00000175505.11,CLCF1
ENSG00000114859.16,CLCN2
ENSG00000011021.23,CLCN6
ENSG00000080822.17,CLDND1
ENSG00000213719.8,CLIC1
ENSG00000169504.15,CLIC4
ENSG00000130779.22,CLIP1
ENSG00000134852.15,CLOCK
ENSG00000122705.18,CLTA
ENSG00000182712.16,CMC4
ENSG00000162368.15,CMPK1
ENSG00000140931.20,CMTM3
ENSG00000153721.19,CNKSR3
ENSG00000235501.8,CNN3-DT
ENSG00000125107.19,CNOT1
ENSG00000088038.20,CNOT3
ENSG00000080802.21,CNOT4
ENSG00000137161.18,CNPY3
ENSG00000144810.16,COL8A1
ENSG00000188243.14,COMMD6
ENSG00000169019.11,COMMD8
ENSG00000141030.13,COPS3
ENSG00000144524.18,COPS7B
ENSG00000115520.9,COQ10B
ENSG00000251552.1,COQ10BP2
ENSG00000166260.13,COX11
ENSG00000178449.9,COX14
ENSG00000163626.17,COX18
ENSG00000203667.10,COX20
ENSG00000126267.11,COX6B1
ENSG00000268681.1,COX6CP7
ENSG00000047457.14,CP
ENSG00000108582.12,CPD
ENSG00000137449.17,CPEB2
ENSG00000247624.6,CPEB2-DT
ENSG00000107864.15,CPEB3
ENSG00000113742.14,CPEB4
ENSG00000106034.18,CPED1
ENSG00000080819.9,CPOX
ENSG00000187959.9,CPSF4L
ENSG00000169372.13,CRADD
ENSG00000107175.12,CREB3
ENSG00000182158.16,CREB3L2
ENSG00000147571.5,CRH
ENSG00000167193.8,CRK
ENSG00000088766.12,CRLS1
ENSG00000245694.12,CRNDE
ENSG00000005469.12,CROT
ENSG00000259736.1,CRTC3-AS1
ENSG00000009307.17,CSDE1
ENSG00000227431.6,CSE1L-DT
ENSG00000273008.1,CSGALNACT2-DT
ENSG00000151292.19,CSNK1G3
ENSG00000204435.15,CSNK2B
ENSG00000224536.2,CSRP1-AS1
ENSG00000102974.16,CTCF
ENSG00000259804.1,CTCF-DT
ENSG00000137770.14,CTDSPL2
ENSG00000259595.1,CTDSPL2-DT
ENSG00000116761.12,CTH
ENSG00000134030.14,CTIF
ENSG00000119326.15,CTNNAL1
ENSG00000178585.15,CTNNBIP1
ENSG00000132792.19,CTNNBL1
ENSG00000143079.15,CTTNBP2NL
ENSG00000233932.6,CTXN2
ENSG00000036257.14,CUL3
ENSG00000081041.9,CXCL2
ENSG00000103018.18,CYB5B
ENSG00000182224.12,CYB5D1
ENSG00000172115.9,CYCS
ENSG00000083799.18,CYLD
ENSG00000135929.9,CYP27A1
ENSG00000036530.9,CYP46A1
ENSG00000105443.17,CYTH2
ENSG00000100592.16,DAAM1
ENSG00000173406.16,DAB1
ENSG00000197380.11,DACT3
ENSG00000226950.8,DANCR
ENSG00000204209.13,DAXX
ENSG00000155368.18,DBI
ENSG00000003249.15,DBNDD1
ENSG00000105516.11,DBP
ENSG00000138231.14,DBR1
ENSG00000137992.15,DBT
ENSG00000145041.16,DCAF1
ENSG00000172992.13,DCAKD
ENSG00000170959.15,DCDC1
ENSG00000146038.12,DCDC2
ENSG00000175203.17,DCTN2
ENSG00000132912.13,DCTN4
ENSG00000109184.15,DCUN1D4
ENSG00000130311.11,DDA1
ENSG00000153904.21,DDAH1
ENSG00000197312.12,DDI2
ENSG00000165490.13,DDIAS
ENSG00000168209.6,DDIT4
ENSG00000244038.11,DDOST
ENSG00000237775.1,DDR1-DT
ENSG00000088205.13,DDX18
ENSG00000124228.15,DDX27
ENSG00000234006.1,DDX39B-AS1
ENSG00000107625.14,DDX50
ENSG00000278053.5,DDX52
ENSG00000186458.5,DEFB132
ENSG00000146966.13,DENND2A
ENSG00000255159.1,DENND2B-AS1
ENSG00000253210.4,DENND3-AS1
ENSG00000137145.21,DENND4C
ENSG00000234264.1,DEPDC1-AS1
ENSG00000155792.10,DEPTOR
ENSG00000136986.10,DERL1
ENSG00000121644.19,DESI2
ENSG00000116133.13,DHCR24
ENSG00000167536.14,DHRS13
ENSG00000162496.9,DHRS3
ENSG00000134815.19,DHX34
ENSG00000140829.12,DHX38
ENSG00000067596.12,DHX8
ENSG00000131504.18,DIAPH1
ENSG00000285244.1,DINOL
ENSG00000154511.12,DIPK1A
ENSG00000181744.9,DIPK2A
ENSG00000083520.15,DIS3
ENSG00000261318.1,DIS3L-AS1
ENSG00000130826.19,DKC1
ENSG00000107984.10,DKK1
ENSG00000091140.15,DLD
ENSG00000176124.15,DLEU1
ENSG00000227375.6,DLG1-AS1
ENSG00000150672.19,DLG2
ENSG00000177337.10,DLGAP1-AS1
ENSG00000262001.3,DLGAP1-AS2
ENSG00000006377.11,DLX6
ENSG00000231764.11,DLX6-AS1
ENSG00000176399.4,DMRTA1
ENSG00000249494.6,DMXL1-DT
ENSG00000154099.18,DNAAF1
ENSG00000167646.14,DNAAF3
ENSG00000039139.11,DNAH5
ENSG00000152763.17,DNAI4
ENSG00000069345.12,DNAJA2
ENSG00000261173.2,DNAJA2-DT
ENSG00000162616.9,DNAJB4
ENSG00000137094.16,DNAJB5
ENSG00000281491.1,DNAJB5-DT
ENSG00000136770.11,DNAJC1
ENSG00000104129.10,DNAJC17
ENSG00000205981.9,DNAJC19
ENSG00000170946.15,DNAJC24
ENSG00000227540.1,DNAJC9-AS1
ENSG00000079805.19,DNM2
ENSG00000197959.15,DNM3
ENSG00000229525.1,DNPEP-AS1
ENSG00000128512.24,DOCK4
ENSG00000116641.18,DOCK7
ENSG00000159147.18,DONSON
ENSG00000142197.13,DOP1B
ENSG00000011332.22,DPF1
ENSG00000113657.13,DPYSL3
ENSG00000171962.18,DRC3
ENSG00000149295.14,DRD2
ENSG00000230366.9,DSCR9
ENSG00000231441.2,DST-AS1
ENSG00000125868.16,DSTN
ENSG00000104047.15,DTWD1
ENSG00000169570.10,DTWD2
ENSG00000140279.13,DUOX2
ENSG00000120129.6,DUSP1
ENSG00000143507.18,DUSP10
ENSG00000276023.5,DUSP14
ENSG00000077380.16,DYNC1I2
ENSG00000264364.3,DYNLL2
ENSG00000266290.1,DYNLL2-DT
ENSG00000146425.11,DYNLT1
ENSG00000188396.4,DYNLT4
ENSG00000158163.15,DZIP1L
ENSG00000112242.16,E2F3
ENSG00000260493.1,E2F5-DT
ENSG00000147654.16,EBAG9
ENSG00000164330.17,EBF1
ENSG00000234817.2,ECI2-DT
ENSG00000114346.14,ECT2
ENSG00000116406.20,EDEM3
ENSG00000164176.13,EDIL3
ENSG00000250320.7,EDIL3-DT
ENSG00000078401.7,EDN1
ENSG00000107938.18,EDRF1
ENSG00000224023.10,EDRF1-DT
ENSG00000102189.17,EEA1
ENSG00000236297.1,EEF1A1P23
ENSG00000254772.10,EEF1G
ENSG00000118894.15,EEF2KMT
ENSG00000122547.11,EEPD1
ENSG00000176927.16,EFCAB5
ENSG00000169242.12,EFNA1
ENSG00000184349.14,EFNA5
ENSG00000090776.6,EFNB1
ENSG00000132294.15,EFR3A
ENSG00000108883.13,EFTUD2
ENSG00000146648.21,EGFR
ENSG00000120738.8,EGR1
ENSG00000013016.16,EHD3
ENSG00000103966.11,EHD4
ENSG00000113790.11,EHHADH
ENSG00000173812.11,EIF1
ENSG00000144895.12,EIF2A
ENSG00000172071.15,EIF2AK3
ENSG00000128829.12,EIF2AK4
ENSG00000145191.15,EIF2B5
ENSG00000272721.5,EIF2B5-DT
ENSG00000104408.11,EIF3E
ENSG00000130811.12,EIF3G
ENSG00000104131.13,EIF3J
ENSG00000179523.7,EIF3J-DT
ENSG00000149100.13,EIF3M
ENSG00000161960.16,EIF4A1
ENSG00000063046.18,EIF4B
ENSG00000151247.13,EIF4E
ENSG00000148730.7,EIF4EBP2
ENSG00000006744.19,ELAC2
ENSG00000107105.15,ELAVL2
ENSG00000280890.1,ELDR
ENSG00000126767.18,ELK1
ENSG00000105656.13,ELL
ENSG00000118985.16,ELL2
ENSG00000227295.2,ELL2P1
ENSG00000179387.10,ELMOD2
ENSG00000154582.18,ELOC
ENSG00000066322.15,ELOVL1
ENSG00000104412.8,EMC2
ENSG00000125746.18,EML2
ENSG00000158636.17,EMSY
ENSG00000255135.5,EMSY-DT
ENSG00000154380.19,ENAH
ENSG00000149218.5,ENDOD1
ENSG00000151023.17,ENKUR
ENSG00000001561.7,ENPP4
ENSG00000143420.19,ENSA
ENSG00000141979.4,ENSG00000141979
ENSG00000177418.2,ENSG00000177418
ENSG00000178107.2,ENSG00000178107
ENSG00000187229.3,ENSG00000187229
ENSG00000188223.9,ENSG00000188223
ENSG00000196826.7,ENSG00000196826
ENSG00000197332.9,ENSG00000197332
ENSG00000203334.5,ENSG00000203334
ENSG00000204876.5,ENSG00000204876
ENSG00000212273.1,ENSG00000212273
ENSG00000212567.1,ENSG00000212567
ENSG00000213062.5,ENSG00000213062
ENSG00000213994.3,ENSG00000213994
ENSG00000214650.3,ENSG00000214650
ENSG00000222000.7,ENSG00000222000
ENSG00000223446.2,ENSG00000223446
ENSG00000223675.1,ENSG00000223675
ENSG00000223829.6,ENSG00000223829
ENSG00000223969.7,ENSG00000223969
ENSG00000224132.2,ENSG00000224132
ENSG00000224260.6,ENSG00000224260
ENSG00000224738.2,ENSG00000224738
ENSG00000224794.2,ENSG00000224794
ENSG00000224865.8,ENSG00000224865
ENSG00000225146.1,ENSG00000225146
ENSG00000225216.6,ENSG00000225216
ENSG00000225339.4,ENSG00000225339
ENSG00000225528.4,ENSG00000225528
ENSG00000225727.3,ENSG00000225727
ENSG00000225806.8,ENSG00000225806
ENSG00000226115.1,ENSG00000226115
ENSG00000226193.1,ENSG00000226193
ENSG00000226334.1,ENSG00000226334
ENSG00000226345.1,ENSG00000226345
ENSG00000226432.3,ENSG00000226432
ENSG00000226455.1,ENSG00000226455
ENSG00000226465.5,ENSG00000226465
ENSG00000226548.1,ENSG00000226548
ENSG00000226594.1,ENSG00000226594
ENSG00000226756.1,ENSG00000226756
ENSG00000226945.1,ENSG00000226945
ENSG00000227200.1,ENSG00000227200
ENSG00000227496.3,ENSG00000227496
ENSG00000227598.1,ENSG00000227598
ENSG00000227687.1,ENSG00000227687
ENSG00000227857.2,ENSG00000227857
ENSG00000227914.3,ENSG00000227914
ENSG00000228008.1,ENSG00000228008
ENSG00000228015.1,ENSG00000228015
ENSG00000228176.1,ENSG00000228176
ENSG00000228395.3,ENSG00000228395
ENSG00000228634.1,ENSG00000228634
ENSG00000228830.1,ENSG00000228830
ENSG00000228919.5,ENSG00000228919
ENSG00000228974.5,ENSG00000228974
ENSG00000229021.2,ENSG00000229021
ENSG00000229116.3,ENSG00000229116
ENSG00000229339.1,ENSG00000229339
ENSG00000229751.1,ENSG00000229751
ENSG00000229839.6,ENSG00000229839
ENSG00000229848.1,ENSG00000229848
ENSG00000230381.2,ENSG00000230381
ENSG00000230404.1,ENSG00000230404
ENSG00000230479.1,ENSG00000230479
ENSG00000230536.1,ENSG00000230536
ENSG00000230607.3,ENSG00000230607
ENSG00000230773.9,ENSG00000230773
ENSG00000230815.1,ENSG00000230815
ENSG00000231062.1,ENSG00000231062
ENSG00000231119.2,ENSG00000231119
ENSG00000231128.7,ENSG00000231128
ENSG00000231476.1,ENSG00000231476
ENSG00000231547.1,ENSG00000231547
ENSG00000231563.3,ENSG00000231563
ENSG00000231769.4,ENSG00000231769
ENSG00000231856.4,ENSG00000231856
ENSG00000232359.1,ENSG00000232359
ENSG00000232536.1,ENSG00000232536
ENSG00000232599.1,ENSG00000232599
ENSG00000232716.2,ENSG00000232716
ENSG00000232891.1,ENSG00000232891
ENSG00000233096.1,ENSG00000233096
ENSG00000233219.1,ENSG00000233219
ENSG00000233242.3,ENSG00000233242
ENSG00000233293.1,ENSG00000233293
ENSG00000233427.1,ENSG00000233427
ENSG00000233760.3,ENSG00000233760
ENSG00000233862.8,ENSG00000233862
ENSG00000234134.1,ENSG00000234134
ENSG00000234361.1,ENSG00000234361
ENSG00000234457.1,ENSG00000234457
ENSG00000234477.1,ENSG00000234477
ENSG00000234535.1,ENSG00000234535
ENSG00000234698.1,ENSG00000234698
ENSG00000234784.2,ENSG00000234784
ENSG00000234936.1,ENSG00000234936
ENSG00000234967.2,ENSG00000234967
ENSG00000235204.1,ENSG00000235204
ENSG00000235586.1,ENSG00000235586
ENSG00000235852.1,ENSG00000235852
ENSG00000236098.1,ENSG00000236098
ENSG00000236206.2,ENSG00000236206
ENSG00000236209.1,ENSG00000236209
ENSG00000236724.1,ENSG00000236724
ENSG00000237158.1,ENSG00000237158
ENSG00000237422.3,ENSG00000237422
ENSG00000237813.4,ENSG00000237813
ENSG00000237870.6,ENSG00000237870
ENSG00000238031.1,ENSG00000238031
ENSG00000238232.1,ENSG00000238232
ENSG00000238279.3,ENSG00000238279
ENSG00000239137.1,ENSG00000239137
ENSG00000239462.2,ENSG00000239462
ENSG00000240478.1,ENSG00000240478
ENSG00000240687.4,ENSG00000240687
ENSG00000240980.1,ENSG00000240980
ENSG00000241489.8,ENSG00000241489
ENSG00000242012.1,ENSG00000242012
ENSG00000242154.1,ENSG00000242154
ENSG00000242162.1,ENSG00000242162
ENSG00000242407.1,ENSG00000242407
ENSG00000242667.1,ENSG00000242667
ENSG00000242757.1,ENSG00000242757
ENSG00000242880.2,ENSG00000242880
ENSG00000243384.1,ENSG00000243384
ENSG00000243777.1,ENSG00000243777
ENSG00000244619.2,ENSG00000244619
ENSG00000247033.1,ENSG00000247033
ENSG00000247121.8,ENSG00000247121
ENSG00000247372.2,ENSG00000247372
ENSG00000247416.5,ENSG00000247416
ENSG00000248560.1,ENSG00000248560
ENSG00000248787.2,ENSG00000248787
ENSG00000248802.1,ENSG00000248802
ENSG00000248839.1,ENSG00000248839
ENSG00000249207.2,ENSG00000249207
ENSG00000249240.2,ENSG00000249240
ENSG00000249417.1,ENSG00000249417
ENSG00000250001.1,ENSG00000250001
ENSG00000250041.3,ENSG00000250041
ENSG00000250234.1,ENSG00000250234
ENSG00000250240.6,ENSG00000250240
ENSG00000250264.1,ENSG00000250264
ENSG00000250379.1,ENSG00000250379
ENSG00000251010.1,ENSG00000251010
ENSG00000251131.3,ENSG00000251131
ENSG00000251161.4,ENSG00000251161
ENSG00000251264.1,ENSG00000251264
ENSG00000251314.2,ENSG00000251314
ENSG00000251537.4,ENSG00000251537
ENSG00000251665.1,ENSG00000251665
ENSG00000251675.1,ENSG00000251675
ENSG00000253196.3,ENSG00000253196
ENSG00000253227.2,ENSG00000253227
ENSG00000253256.1,ENSG00000253256
ENSG00000253330.1,ENSG00000253330
ENSG00000253339.4,ENSG00000253339
ENSG00000253553.9,ENSG00000253553
ENSG00000253593.2,ENSG00000253593
ENSG00000253596.1,ENSG00000253596
ENSG00000253681.1,ENSG00000253681
ENSG00000253720.2,ENSG00000253720
ENSG00000253730.1,ENSG00000253730
ENSG00000253917.4,ENSG00000253917
ENSG00000253965.3,ENSG00000253965
ENSG00000254021.1,ENSG00000254021
ENSG00000254028.1,ENSG00000254028
ENSG00000254136.1,ENSG00000254136
ENSG00000254186.3,ENSG00000254186
ENSG00000254205.1,ENSG00000254205
ENSG00000254325.2,ENSG00000254325
ENSG00000254328.1,ENSG00000254328
ENSG00000254365.1,ENSG00000254365
ENSG00000254366.7,ENSG00000254366
ENSG00000254372.1,ENSG00000254372
ENSG00000254477.2,ENSG00000254477
ENSG00000254710.2,ENSG00000254710
ENSG00000254814.1,ENSG00000254814
ENSG00000254821.1,ENSG00000254821
ENSG00000254847.1,ENSG00000254847
ENSG00000254919.1,ENSG00000254919
ENSG00000255046.1,ENSG00000255046
ENSG00000255224.2,ENSG00000255224
ENSG00000255306.1,ENSG00000255306
ENSG00000255325.2,ENSG00000255325
ENSG00000255381.1,ENSG00000255381
ENSG00000255384.1,ENSG00000255384
ENSG00000255508.7,ENSG00000255508
ENSG00000255535.2,ENSG00000255535
ENSG00000255558.1,ENSG00000255558
ENSG00000255647.3,ENSG00000255647
ENSG00000255663.1,ENSG00000255663
ENSG00000255680.1,ENSG00000255680
ENSG00000255968.1,ENSG00000255968
ENSG00000256083.1,ENSG00000256083
ENSG00000256469.1,ENSG00000256469
ENSG00000256514.1,ENSG00000256514
ENSG00000256646.8,ENSG00000256646
ENSG00000256923.1,ENSG00000256923
ENSG00000257176.3,ENSG00000257176
ENSG00000257355.1,ENSG00000257355
ENSG00000257826.1,ENSG00000257826
ENSG00000257830.1,ENSG00000257830
ENSG00000258082.2,ENSG00000258082
ENSG00000258677.2,ENSG00000258677
ENSG00000258860.1,ENSG00000258860
ENSG00000258922.1,ENSG00000258922
ENSG00000259060.7,ENSG00000259060
ENSG00000259064.2,ENSG00000259064
ENSG00000259132.1,ENSG00000259132
ENSG00000259171.1,ENSG00000259171
ENSG00000259202.1,ENSG00000259202
ENSG00000259216.2,ENSG00000259216
ENSG00000259316.12,ENSG00000259316
ENSG00000259529.2,ENSG00000259529
ENSG00000259539.1,ENSG00000259539
ENSG00000259584.1,ENSG00000259584
ENSG00000259602.1,ENSG00000259602
ENSG00000259742.1,ENSG00000259742
ENSG00000259932.1,ENSG00000259932
ENSG00000260000.3,ENSG00000260000
ENSG00000260017.1,ENSG00000260017
ENSG00000260035.1,ENSG00000260035
ENSG00000260042.1,ENSG00000260042
ENSG00000260100.1,ENSG00000260100
ENSG00000260198.1,ENSG00000260198
ENSG00000260274.2,ENSG00000260274
ENSG00000260342.2,ENSG00000260342
ENSG00000260422.1,ENSG00000260422
ENSG00000260464.1,ENSG00000260464
ENSG00000260500.1,ENSG00000260500
ENSG00000260604.3,ENSG00000260604
ENSG00000260608.1,ENSG00000260608
ENSG00000260651.1,ENSG00000260651
ENSG00000260755.1,ENSG00000260755
ENSG00000260774.1,ENSG00000260774
ENSG00000260814.2,ENSG00000260814
ENSG00000260850.4,ENSG00000260850
ENSG00000260877.3,ENSG00000260877
ENSG00000260879.1,ENSG00000260879
ENSG00000261065.1,ENSG00000261065
ENSG00000261071.2,ENSG00000261071
ENSG00000261211.2,ENSG00000261211
ENSG00000261242.1,ENSG00000261242
ENSG00000261407.2,ENSG00000261407
ENSG00000261447.1,ENSG00000261447
ENSG00000261449.1,ENSG00000261449
ENSG00000261543.1,ENSG00000261543
ENSG00000261553.5,ENSG00000261553
ENSG00000261687.1,ENSG00000261687
ENSG00000262429.1,ENSG00000262429
ENSG00000262777.1,ENSG00000262777
ENSG00000262879.7,ENSG00000262879
ENSG00000263020.6,ENSG00000263020
ENSG00000263154.1,ENSG00000263154
ENSG00000263370.1,ENSG00000263370
ENSG00000263680.2,ENSG00000263680
ENSG00000263682.1,ENSG00000263682
ENSG00000263727.1,ENSG00000263727
ENSG00000263847.1,ENSG00000263847
ENSG00000263916.1,ENSG00000263916
ENSG00000264023.1,ENSG00000264023
ENSG00000264290.1,ENSG00000264290
ENSG00000264300.1,ENSG00000264300
ENSG00000264458.1,ENSG00000264458
ENSG00000264545.2,ENSG00000264545
ENSG00000264765.1,ENSG00000264765
ENSG00000264772.6,ENSG00000264772
ENSG00000264914.1,ENSG00000264914
ENSG00000265073.1,ENSG00000265073
ENSG00000265342.1,ENSG00000265342
ENSG00000265496.5,ENSG00000265496
ENSG00000265784.1,ENSG00000265784
ENSG00000265840.1,ENSG00000265840
ENSG00000266086.3,ENSG00000266086
ENSG00000266102.1,ENSG00000266102
ENSG00000266114.1,ENSG00000266114
ENSG00000266313.2,ENSG00000266313
ENSG00000266401.4,ENSG00000266401
ENSG00000266513.1,ENSG00000266513
ENSG00000266928.1,ENSG00000266928
ENSG00000266947.3,ENSG00000266947
ENSG00000267011.5,ENSG00000267011
ENSG00000267016.1,ENSG00000267016
ENSG00000267042.1,ENSG00000267042
ENSG00000267054.1,ENSG00000267054
ENSG00000267059.2,ENSG00000267059
ENSG00000267070.1,ENSG00000267070
ENSG00000267095.1,ENSG00000267095
ENSG00000267120.3,ENSG00000267120
ENSG00000267179.1,ENSG00000267179
ENSG00000267211.1,ENSG00000267211
ENSG00000267277.2,ENSG00000267277
ENSG00000267282.1,ENSG00000267282
ENSG00000267288.2,ENSG00000267288
ENSG00000267314.1,ENSG00000267314
ENSG00000267375.1,ENSG00000267375
ENSG00000267506.7,ENSG00000267506
ENSG00000267529.3,ENSG00000267529
ENSG00000267543.1,ENSG00000267543
ENSG00000267571.1,ENSG00000267571
ENSG00000267582.1,ENSG00000267582
ENSG00000267604.1,ENSG00000267604
ENSG00000267633.1,ENSG00000267633
ENSG00000267694.1,ENSG00000267694
ENSG00000267729.1,ENSG00000267729
ENSG00000267740.5,ENSG00000267740
ENSG00000267783.3,ENSG00000267783
ENSG00000267919.1,ENSG00000267919
ENSG00000268093.1,ENSG00000268093
ENSG00000268133.1,ENSG00000268133
ENSG00000268205.1,ENSG00000268205
ENSG00000268362.6,ENSG00000268362
ENSG00000268583.2,ENSG00000268583
ENSG00000268603.2,ENSG00000268603
ENSG00000268649.5,ENSG00000268649
ENSG00000268650.3,ENSG00000268650
ENSG00000268744.1,ENSG00000268744
ENSG00000268790.5,ENSG00000268790
ENSG00000269246.2,ENSG00000269246
ENSG00000269400.1,ENSG00000269400
ENSG00000269506.2,ENSG00000269506
ENSG00000269635.1,ENSG00000269635
ENSG00000269652.1,ENSG00000269652
ENSG00000269921.1,ENSG00000269921
ENSG00000269927.1,ENSG00000269927
ENSG00000269968.1,ENSG00000269968
ENSG00000269971.1,ENSG00000269971
ENSG00000270019.2,ENSG00000270019
ENSG00000270021.1,ENSG00000270021
ENSG00000270087.7,ENSG00000270087
ENSG00000270103.3,ENSG00000270103
ENSG00000270115.1,ENSG00000270115
ENSG00000270361.1,ENSG00000270361
ENSG00000270487.1,ENSG00000270487
ENSG00000270659.2,ENSG00000270659
ENSG00000270708.1,ENSG00000270708
ENSG00000270777.1,ENSG00000270777
ENSG00000270829.1,ENSG00000270829
ENSG00000270866.1,ENSG00000270866
ENSG00000270896.1,ENSG00000270896
ENSG00000270951.1,ENSG00000270951
ENSG00000271044.1,ENSG00000271044
ENSG00000271343.1,ENSG00000271343
ENSG00000271367.1,ENSG00000271367
ENSG00000271427.1,ENSG00000271427
ENSG00000271483.1,ENSG00000271483
ENSG00000271551.2,ENSG00000271551
ENSG00000271581.1,ENSG00000271581
ENSG00000271680.1,ENSG00000271680
ENSG00000271741.1,ENSG00000271741
ENSG00000271811.1,ENSG00000271811
ENSG00000271897.1,ENSG00000271897
ENSG00000272008.1,ENSG00000272008
ENSG00000272050.1,ENSG00000272050
ENSG00000272155.1,ENSG00000272155
ENSG00000272158.1,ENSG00000272158
ENSG00000272248.1,ENSG00000272248
ENSG00000272341.1,ENSG00000272341
ENSG00000272368.2,ENSG00000272368
ENSG00000272371.1,ENSG00000272371
ENSG00000272386.1,ENSG00000272386
ENSG00000272442.2,ENSG00000272442
ENSG00000272476.1,ENSG00000272476
ENSG00000272482.2,ENSG00000272482
ENSG00000272502.1,ENSG00000272502
ENSG00000272572.1,ENSG00000272572
ENSG00000272668.2,ENSG00000272668
ENSG00000272691.1,ENSG00000272691
ENSG00000272703.1,ENSG00000272703
ENSG00000272715.1,ENSG00000272715
ENSG00000272822.2,ENSG00000272822
ENSG00000272915.1,ENSG00000272915
ENSG00000272969.1,ENSG00000272969
ENSG00000272970.5,ENSG00000272970
ENSG00000272980.5,ENSG00000272980
ENSG00000272991.1,ENSG00000272991
ENSG00000273064.1,ENSG00000273064
ENSG00000273102.2,ENSG00000273102
ENSG00000273179.1,ENSG00000273179
ENSG00000273181.1,ENSG00000273181
ENSG00000273184.1,ENSG00000273184
ENSG00000273210.1,ENSG00000273210
ENSG00000273217.1,ENSG00000273217
ENSG00000273293.1,ENSG00000273293
ENSG00000273320.2,ENSG00000273320
ENSG00000273335.1,ENSG00000273335
ENSG00000273416.1,ENSG00000273416
ENSG00000273451.1,ENSG00000273451
ENSG00000273481.1,ENSG00000273481
ENSG00000273537.1,ENSG00000273537
ENSG00000273571.1,ENSG00000273571
ENSG00000273623.1,ENSG00000273623
ENSG00000273797.1,ENSG00000273797
ENSG00000273855.1,ENSG00000273855
ENSG00000274213.2,ENSG00000274213
ENSG00000274528.1,ENSG00000274528
ENSG00000274565.1,ENSG00000274565
ENSG00000274709.1,ENSG00000274709
ENSG00000274760.1,ENSG00000274760
ENSG00000274895.1,ENSG00000274895
ENSG00000275484.1,ENSG00000275484
ENSG00000275674.1,ENSG00000275674
ENSG00000275693.1,ENSG00000275693
ENSG00000275740.1,ENSG00000275740
ENSG00000275765.6,ENSG00000275765
ENSG00000275834.1,ENSG00000275834
ENSG00000275964.2,ENSG00000275964
ENSG00000276089.1,ENSG00000276089
ENSG00000276100.1,ENSG00000276100
ENSG00000276185.1,ENSG00000276185
ENSG00000276223.1,ENSG00000276223
ENSG00000276651.1,ENSG00000276651
ENSG00000276690.1,ENSG00000276690
ENSG00000276744.1,ENSG00000276744
ENSG00000276831.1,ENSG00000276831
ENSG00000277342.1,ENSG00000277342
ENSG00000277382.1,ENSG00000277382
ENSG00000277408.1,ENSG00000277408
ENSG00000277444.1,ENSG00000277444
ENSG00000277450.1,ENSG00000277450
ENSG00000277559.1,ENSG00000277559
ENSG00000277688.1,ENSG00000277688
ENSG00000277749.1,ENSG00000277749
ENSG00000277763.1,ENSG00000277763
ENSG00000277922.1,ENSG00000277922
ENSG00000277938.1,ENSG00000277938
ENSG00000278026.1,ENSG00000278026
ENSG00000278095.1,ENSG00000278095
ENSG00000278324.1,ENSG00000278324
ENSG00000278876.1,ENSG00000278876
ENSG00000278969.1,ENSG00000278969
ENSG00000279019.1,ENSG00000279019
ENSG00000279029.1,ENSG00000279029
ENSG00000279070.2,ENSG00000279070
ENSG00000279093.1,ENSG00000279093
ENSG00000279137.1,ENSG00000279137
ENSG00000279152.1,ENSG00000279152
ENSG00000279232.2,ENSG00000279232
ENSG00000279322.1,ENSG00000279322
ENSG00000279340.1,ENSG00000279340
ENSG00000279356.1,ENSG00000279356
ENSG00000279407.1,ENSG00000279407
ENSG00000279491.2,ENSG00000279491
ENSG00000279534.1,ENSG00000279534
ENSG00000279536.1,ENSG00000279536
ENSG00000279539.1,ENSG00000279539
ENSG00000279584.1,ENSG00000279584
ENSG00000279673.2,ENSG00000279673
ENSG00000279679.1,ENSG00000279679
ENSG00000279742.1,ENSG00000279742
ENSG00000279753.1,ENSG00000279753
ENSG00000279762.3,ENSG00000279762
ENSG00000280046.1,ENSG00000280046
ENSG00000280138.1,ENSG00000280138
ENSG00000280155.1,ENSG00000280155
ENSG00000280177.1,ENSG00000280177
ENSG00000280186.1,ENSG00000280186
ENSG00000280245.1,ENSG00000280245
ENSG00000280247.1,ENSG00000280247
ENSG00000280326.1,ENSG00000280326
ENSG00000280381.1,ENSG00000280381
ENSG00000280440.1,ENSG00000280440
ENSG00000280571.2,ENSG00000280571
ENSG00000280893.1,ENSG00000280893
ENSG00000281010.1,ENSG00000281010
ENSG00000281311.1,ENSG00000281311
ENSG00000281333.2,ENSG00000281333
ENSG00000282057.1,ENSG00000282057
ENSG00000282381.2,ENSG00000282381
ENSG00000282478.1,ENSG00000282478
ENSG00000282840.1,ENSG00000282840
ENSG00000282904.2,ENSG00000282904
ENSG00000282936.2,ENSG00000282936
ENSG00000283010.1,ENSG00000283010
ENSG00000283128.3,ENSG00000283128
ENSG00000283228.1,ENSG00000283228
ENSG00000283286.2,ENSG00000283286
ENSG00000283538.3,ENSG00000283538
ENSG00000283563.1,ENSG00000283563
ENSG00000283580.4,ENSG00000283580
ENSG00000283602.1,ENSG00000283602
ENSG00000283765.1,ENSG00000283765
ENSG00000284048.2,ENSG00000284048
ENSG00000284057.1,ENSG00000284057
ENSG00000284263.1,ENSG00000284263
ENSG00000284300.1,ENSG00000284300
ENSG00000284328.1,ENSG00000284328
ENSG00000284461.2,ENSG00000284461
ENSG00000284699.1,ENSG00000284699
ENSG00000284738.2,ENSG00000284738
ENSG00000284762.1,ENSG00000284762
ENSG00000284895.1,ENSG00000284895
ENSG00000284989.1,ENSG00000284989
ENSG00000285016.1,ENSG00000285016
ENSG00000285082.3,ENSG00000285082
ENSG00000285159.1,ENSG00000285159
ENSG00000285163.1,ENSG00000285163
ENSG00000285338.1,ENSG00000285338
ENSG00000285542.1,ENSG00000285542
ENSG00000285565.1,ENSG00000285565
ENSG00000285579.1,ENSG00000285579
ENSG00000285597.1,ENSG00000285597
ENSG00000285641.1,ENSG00000285641
ENSG00000285655.1,ENSG00000285655
ENSG00000285664.2,ENSG00000285664
ENSG00000285685.1,ENSG00000285685
ENSG00000285705.1,ENSG00000285705
ENSG00000285709.1,ENSG00000285709
ENSG00000285726.1,ENSG00000285726
ENSG00000285728.3,ENSG00000285728
ENSG00000285744.1,ENSG00000285744
ENSG00000285750.1,ENSG00000285750
ENSG00000285772.1,ENSG00000285772
ENSG00000285786.1,ENSG00000285786
ENSG00000285840.2,ENSG00000285840
ENSG00000285884.3,ENSG00000285884
ENSG00000285911.1,ENSG00000285911
ENSG00000285920.2,ENSG00000285920
ENSG00000285922.1,ENSG00000285922
ENSG00000285938.1,ENSG00000285938
ENSG00000285953.2,ENSG00000285953
ENSG00000285971.1,ENSG00000285971
ENSG00000286001.1,ENSG00000286001
ENSG00000286043.1,ENSG00000286043
ENSG00000286048.1,ENSG00000286048
ENSG00000286081.2,ENSG00000286081
ENSG00000286093.1,ENSG00000286093
ENSG00000286098.1,ENSG00000286098
ENSG00000286100.1,ENSG00000286100
ENSG00000286112.1,ENSG00000286112
ENSG00000286113.2,ENSG00000286113
ENSG00000286138.3,ENSG00000286138
ENSG00000286153.2,ENSG00000286153
ENSG00000286165.1,ENSG00000286165
ENSG00000286189.1,ENSG00000286189
ENSG00000286264.2,ENSG00000286264
ENSG00000286311.1,ENSG00000286311
ENSG00000286337.1,ENSG00000286337
ENSG00000286373.1,ENSG00000286373
ENSG00000286401.1,ENSG00000286401
ENSG00000286415.1,ENSG00000286415
ENSG00000286427.1,ENSG00000286427
ENSG00000286561.1,ENSG00000286561
ENSG00000286577.1,ENSG00000286577
ENSG00000286626.2,ENSG00000286626
ENSG00000286652.1,ENSG00000286652
ENSG00000286669.1,ENSG00000286669
ENSG00000286675.1,ENSG00000286675
ENSG00000286682.1,ENSG00000286682
ENSG00000286692.1,ENSG00000286692
ENSG00000286714.1,ENSG00000286714
ENSG00000286718.2,ENSG00000286718
ENSG00000286732.1,ENSG00000286732
ENSG00000286742.1,ENSG00000286742
ENSG00000286753.3,ENSG00000286753
ENSG00000286756.3,ENSG00000286756
ENSG00000286763.1,ENSG00000286763
ENSG00000286770.1,ENSG00000286770
ENSG00000286805.1,ENSG00000286805
ENSG00000286826.1,ENSG00000286826
ENSG00000286828.1,ENSG00000286828
ENSG00000286871.1,ENSG00000286871
ENSG00000286897.1,ENSG00000286897
ENSG00000286913.1,ENSG00000286913
ENSG00000286918.1,ENSG00000286918
ENSG00000286943.1,ENSG00000286943
ENSG00000286958.1,ENSG00000286958
ENSG00000286994.1,ENSG00000286994
ENSG00000287011.1,ENSG00000287011
ENSG00000287012.1,ENSG00000287012
ENSG00000287035.1,ENSG00000287035
ENSG00000287044.1,ENSG00000287044
ENSG00000287045.2,ENSG00000287045
ENSG00000287070.1,ENSG00000287070
ENSG00000287085.1,ENSG00000287085
ENSG00000287095.1,ENSG00000287095
ENSG00000287099.1,ENSG00000287099
ENSG00000287105.1,ENSG00000287105
ENSG00000287113.1,ENSG00000287113
ENSG00000287114.1,ENSG00000287114
ENSG00000287180.1,ENSG00000287180
ENSG00000287193.1,ENSG00000287193
ENSG00000287234.1,ENSG00000287234
ENSG00000287244.1,ENSG00000287244
ENSG00000287249.1,ENSG00000287249
ENSG00000287260.2,ENSG00000287260
ENSG00000287296.1,ENSG00000287296
ENSG00000287333.1,ENSG00000287333
ENSG00000287335.2,ENSG00000287335
ENSG00000287339.1,ENSG00000287339
ENSG00000287380.1,ENSG00000287380
ENSG00000287382.1,ENSG00000287382
ENSG00000287387.1,ENSG00000287387
ENSG00000287423.1,ENSG00000287423
ENSG00000287509.1,ENSG00000287509
ENSG00000287534.1,ENSG00000287534
ENSG00000287559.1,ENSG00000287559
ENSG00000287574.1,ENSG00000287574
ENSG00000287587.1,ENSG00000287587
ENSG00000287600.1,ENSG00000287600
ENSG00000287601.1,ENSG00000287601
ENSG00000287636.2,ENSG00000287636
ENSG00000287654.1,ENSG00000287654
ENSG00000287657.1,ENSG00000287657
ENSG00000287709.3,ENSG00000287709
ENSG00000287726.1,ENSG00000287726
ENSG00000287759.1,ENSG00000287759
ENSG00000287762.1,ENSG00000287762
ENSG00000287791.1,ENSG00000287791
ENSG00000287811.3,ENSG00000287811
ENSG00000287825.3,ENSG00000287825
ENSG00000287836.1,ENSG00000287836
ENSG00000287843.1,ENSG00000287843
ENSG00000287866.1,ENSG00000287866
ENSG00000287910.1,ENSG00000287910
ENSG00000287914.1,ENSG00000287914
ENSG00000287975.1,ENSG00000287975
ENSG00000288009.1,ENSG00000288009
ENSG00000288028.1,ENSG00000288028
ENSG00000288048.1,ENSG00000288048
ENSG00000288055.1,ENSG00000288055
ENSG00000288061.3,ENSG00000288061
ENSG00000288208.1,ENSG00000288208
ENSG00000288258.1,ENSG00000288258
ENSG00000288473.1,ENSG00000288473
ENSG00000288520.1,ENSG00000288520
ENSG00000288529.1,ENSG00000288529
ENSG00000288550.3,ENSG00000288550
ENSG00000288577.1,ENSG00000288577
ENSG00000288579.1,ENSG00000288579
ENSG00000288587.1,ENSG00000288587
ENSG00000288597.1,ENSG00000288597
ENSG00000288606.1,ENSG00000288606
ENSG00000288634.1,ENSG00000288634
ENSG00000288640.1,ENSG00000288640
ENSG00000288716.1,ENSG00000288716
ENSG00000288718.1,ENSG00000288718
ENSG00000288728.2,ENSG00000288728
ENSG00000288736.2,ENSG00000288736
ENSG00000288741.1,ENSG00000288741
ENSG00000288748.1,ENSG00000288748
ENSG00000288755.1,ENSG00000288755
ENSG00000288761.2,ENSG00000288761
ENSG00000288762.1,ENSG00000288762
ENSG00000288766.1,ENSG00000288766
ENSG00000288799.1,ENSG00000288799
ENSG00000288812.1,ENSG00000288812
ENSG00000288814.1,ENSG00000288814
ENSG00000288827.1,ENSG00000288827
ENSG00000288835.1,ENSG00000288835
ENSG00000288842.1,ENSG00000288842
ENSG00000288848.2,ENSG00000288848
ENSG00000288850.1,ENSG00000288850
ENSG00000288852.1,ENSG00000288852
ENSG00000288858.2,ENSG00000288858
ENSG00000288877.2,ENSG00000288877
ENSG00000288880.2,ENSG00000288880
ENSG00000288896.2,ENSG00000288896
ENSG00000288900.1,ENSG00000288900
ENSG00000288907.2,ENSG00000288907
ENSG00000288909.2,ENSG00000288909
ENSG00000288916.1,ENSG00000288916
ENSG00000288929.2,ENSG00000288929
ENSG00000288932.2,ENSG00000288932
ENSG00000288936.1,ENSG00000288936
ENSG00000288939.1,ENSG00000288939
ENSG00000288955.1,ENSG00000288955
ENSG00000288957.2,ENSG00000288957
ENSG00000288958.1,ENSG00000288958
ENSG00000288961.2,ENSG00000288961
ENSG00000288963.1,ENSG00000288963
ENSG00000288976.1,ENSG00000288976
ENSG00000288986.1,ENSG00000288986
ENSG00000288998.2,ENSG00000288998
ENSG00000289000.1,ENSG00000289000
ENSG00000289005.2,ENSG00000289005
ENSG00000289008.1,ENSG00000289008
ENSG00000289009.2,ENSG00000289009
ENSG00000289017.1,ENSG00000289017
ENSG00000289027.1,ENSG00000289027
ENSG00000289041.1,ENSG00000289041
ENSG00000289044.2,ENSG00000289044
ENSG00000289050.2,ENSG00000289050
ENSG00000289051.1,ENSG00000289051
ENSG00000289055.2,ENSG00000289055
ENSG00000289059.1,ENSG00000289059
ENSG00000289108.1,ENSG00000289108
ENSG00000289110.1,ENSG00000289110
ENSG00000289115.1,ENSG00000289115
ENSG00000289117.2,ENSG00000289117
ENSG00000289141.2,ENSG00000289141
ENSG00000289147.2,ENSG00000289147
ENSG00000289154.2,ENSG00000289154
ENSG00000289156.2,ENSG00000289156
ENSG00000289165.2,ENSG00000289165
ENSG00000289189.2,ENSG00000289189
ENSG00000289198.1,ENSG00000289198
ENSG00000289201.1,ENSG00000289201
ENSG00000289213.2,ENSG00000289213
ENSG00000289221.1,ENSG00000289221
ENSG00000289222.2,ENSG00000289222
ENSG00000289223.1,ENSG00000289223
ENSG00000289238.2,ENSG00000289238
ENSG00000289256.2,ENSG00000289256
ENSG00000289259.2,ENSG00000289259
ENSG00000289267.1,ENSG00000289267
ENSG00000289276.1,ENSG00000289276
ENSG00000289293.1,ENSG00000289293
ENSG00000289301.2,ENSG00000289301
ENSG00000289317.2,ENSG00000289317
ENSG00000289329.1,ENSG00000289329
ENSG00000289331.2,ENSG00000289331
ENSG00000289378.1,ENSG00000289378
ENSG00000289390.1,ENSG00000289390
ENSG00000289393.1,ENSG00000289393
ENSG00000289394.1,ENSG00000289394
ENSG00000289407.1,ENSG00000289407
ENSG00000289412.2,ENSG00000289412
ENSG00000289432.2,ENSG00000289432
ENSG00000289435.1,ENSG00000289435
ENSG00000289453.2,ENSG00000289453
ENSG00000289457.2,ENSG00000289457
ENSG00000289462.1,ENSG00000289462
ENSG00000289467.2,ENSG00000289467
ENSG00000289478.1,ENSG00000289478
ENSG00000289485.1,ENSG00000289485
ENSG00000289486.2,ENSG00000289486
ENSG00000289494.2,ENSG00000289494
ENSG00000289497.2,ENSG00000289497
ENSG00000289506.2,ENSG00000289506
ENSG00000289518.1,ENSG00000289518
ENSG00000289540.1,ENSG00000289540
ENSG00000289544.1,ENSG00000289544
ENSG00000289551.2,ENSG00000289551
ENSG00000289553.1,ENSG00000289553
ENSG00000289562.2,ENSG00000289562
ENSG00000289588.1,ENSG00000289588
ENSG00000289600.1,ENSG00000289600
ENSG00000289612.1,ENSG00000289612
ENSG00000289631.1,ENSG00000289631
ENSG00000289653.1,ENSG00000289653
ENSG00000289699.1,ENSG00000289699
ENSG00000289704.1,ENSG00000289704
ENSG00000289726.1,ENSG00000289726
ENSG00000289767.1,ENSG00000289767
ENSG00000289829.1,ENSG00000289829
ENSG00000289831.1,ENSG00000289831
ENSG00000289845.1,ENSG00000289845
ENSG00000289852.1,ENSG00000289852
ENSG00000289854.1,ENSG00000289854
ENSG00000289863.1,ENSG00000289863
ENSG00000289883.1,ENSG00000289883
ENSG00000289885.1,ENSG00000289885
ENSG00000289912.1,ENSG00000289912
ENSG00000289914.1,ENSG00000289914
ENSG00000289919.1,ENSG00000289919
ENSG00000289943.1,ENSG00000289943
ENSG00000289945.1,ENSG00000289945
ENSG00000289954.1,ENSG00000289954
ENSG00000289970.1,ENSG00000289970
ENSG00000289975.1,ENSG00000289975
ENSG00000289981.1,ENSG00000289981
ENSG00000289993.1,ENSG00000289993
ENSG00000289994.1,ENSG00000289994
ENSG00000290008.1,ENSG00000290008
ENSG00000290009.1,ENSG00000290009
ENSG00000290013.1,ENSG00000290013
ENSG00000290021.1,ENSG00000290021
ENSG00000290039.1,ENSG00000290039
ENSG00000290041.1,ENSG00000290041
ENSG00000290042.1,ENSG00000290042
ENSG00000290044.1,ENSG00000290044
ENSG00000290051.1,ENSG00000290051
ENSG00000290055.1,ENSG00000290055
ENSG00000290082.1,ENSG00000290082
ENSG00000290093.1,ENSG00000290093
ENSG00000290105.1,ENSG00000290105
ENSG00000290108.1,ENSG00000290108
ENSG00000290114.1,ENSG00000290114
ENSG00000290126.1,ENSG00000290126
ENSG00000290319.1,ENSG00000290319
ENSG00000291054.1,ENSG00000291054
ENSG00000291124.1,ENSG00000291124
ENSG00000291177.1,ENSG00000291177
ENSG00000291212.1,ENSG00000291212
ENSG00000291316.1,ENSG00000291316
ENSG00000120533.13,ENY2
ENSG00000241769.7,EOLA1-DT
ENSG00000100393.15,EP300
ENSG00000129595.14,EPB41L4A
ENSG00000120616.16,EPC1
ENSG00000227959.2,EPHA2-AS1
ENSG00000145242.14,EPHA5
ENSG00000182580.3,EPHB3
ENSG00000164307.13,ERAP1
ENSG00000141736.14,ERBB2
ENSG00000175595.16,ERCC4
ENSG00000049167.16,ERCC8
ENSG00000133935.7,ERG28
ENSG00000280303.2,ERICD
ENSG00000164010.15,ERMAP
ENSG00000023318.9,ERP44
ENSG00000116285.13,ERRFI1
ENSG00000105379.10,ETFB
ENSG00000171503.13,ETFDH
ENSG00000105755.8,ETHE1
ENSG00000006468.15,ETV1
ENSG00000117036.12,ETV3
ENSG00000072840.13,EVC
ENSG00000173040.13,EVC2
ENSG00000142459.9,EVI5L
ENSG00000178997.12,EXD1
ENSG00000090989.18,EXOC1
ENSG00000112685.14,EXOC2
ENSG00000070367.16,EXOC5
ENSG00000110723.12,EXPH5
ENSG00000158161.16,EYA3
ENSG00000117525.14,F3
ENSG00000185010.15,F8
ENSG00000259630.2,FABP5P9
ENSG00000164434.12,FABP7
ENSG00000125898.13,FAM110A
ENSG00000166801.17,FAM111A
ENSG00000245571.7,FAM111A-DT
ENSG00000121104.8,FAM117A
ENSG00000188938.17,FAM120AOS
ENSG00000148541.13,FAM13C
ENSG00000268350.8,FAM156A
ENSG00000114023.16,FAM162A
ENSG00000054965.11,FAM168A
ENSG00000113391.19,FAM172A
ENSG00000185442.13,FAM174B
ENSG00000237765.8,FAM200B
ENSG00000124098.10,FAM210B
ENSG00000166262.16,FAM227B
ENSG00000219626.9,FAM228B
ENSG00000203778.8,FAM229B
ENSG00000189157.14,FAM47E
ENSG00000189319.14,FAM53B
ENSG00000120709.11,FAM53C
ENSG00000009780.16,FAM76A
ENSG00000157470.12,FAM81A
ENSG00000101447.15,FAM83D
ENSG00000253893.2,FAM85B
ENSG00000291049.1,FAM86B3P
ENSG00000173295.11,FAM86B3P
ENSG00000244026.9,FAM86DP
ENSG00000291223.1,FAM86DP
ENSG00000251669.7,FAM86EP
ENSG00000290374.1,FAM86EP
ENSG00000291071.1,FAM86JP
ENSG00000171084.18,FAM86JP
ENSG00000119812.20,FAM98A
ENSG00000181544.16,FANCB
ENSG00000233409.1,FANK1-AS1
ENSG00000116120.11,FARSB
ENSG00000026103.25,FAS
ENSG00000138399.18,FASTKD1
ENSG00000196159.14,FAT4
ENSG00000149806.11,FAU
ENSG00000166147.15,FBN1
ENSG00000259705.1,FBN1-DT
ENSG00000099364.18,FBXL19
ENSG00000260852.1,FBXL19-AS1
ENSG00000118564.15,FBXL5
ENSG00000269190.6,FBXO17
ENSG00000204923.4,FBXO48
ENSG00000072803.18,FBXW11
ENSG00000272081.1,FCHO2-DT
ENSG00000161513.12,FDXR
ENSG00000145780.8,FEM1C
ENSG00000149557.14,FEZ1
ENSG00000139132.16,FGD4
ENSG00000172456.18,FGGY
ENSG00000224609.8,FGGY-DT
ENSG00000164142.16,FHIP1A
ENSG00000251611.1,FHIP1A-DT
ENSG00000179431.7,FJX1
ENSG00000106080.11,FKBP14
ENSG00000079150.19,FKBP7
ENSG00000160688.19,FLAD1
ENSG00000237975.7,FLG-AS1
ENSG00000177731.16,FLII
ENSG00000254531.3,FLJ20021
ENSG00000183470.9,FLJ40288
ENSG00000242902.1,FLNC-AS1
ENSG00000125848.10,FLRT3
ENSG00000162769.13,FLVCR1
ENSG00000198468.11,FLVCR1-DT
ENSG00000162076.13,FLYWCH2
ENSG00000157827.20,FMNL2
ENSG00000076258.10,FMO4
ENSG00000131781.13,FMO5
ENSG00000075420.13,FNDC3B
ENSG00000217128.13,FNIP1
ENSG00000254502.1,FNTAP1
ENSG00000227071.1,FOCAD-AS1
ENSG00000075426.12,FOSL2
ENSG00000170608.3,FOXA3
ENSG00000109101.8,FOXN1
ENSG00000170802.17,FOXN2
ENSG00000118689.15,FOXO3
ENSG00000204060.8,FOXO6
ENSG00000075539.15,FRYL
ENSG00000265817.4,FSBP
ENSG00000134363.12,FST
ENSG00000162613.18,FUBP1
ENSG00000129245.13,FXR2
ENSG00000010810.18,FYN
ENSG00000122068.13,FYTTD1
ENSG00000157240.4,FZD1
ENSG00000180340.7,FZD2
ENSG00000177283.8,FZD8
ENSG00000105325.15,FZR1
ENSG00000138757.15,G3BP2
ENSG00000170296.10,GABARAP
ENSG00000244879.10,GABPB1-AS1
ENSG00000265962.2,GACAT2
ENSG00000116717.13,GADD45A
ENSG00000130222.11,GADD45G
ENSG00000164574.16,GALNT10
ENSG00000214013.10,GANC
ENSG00000111640.15,GAPDH
ENSG00000255966.1,GAPDH-DT
ENSG00000178596.10,GAPDHP29
ENSG00000180447.7,GAS1
ENSG00000226237.4,GAS1RR
ENSG00000234741.10,GAS5
ENSG00000184502.4,GAST
ENSG00000130700.7,GATA5
ENSG00000167491.18,GATAD2A
ENSG00000107862.7,GBF1
ENSG00000154451.15,GBP5
ENSG00000135968.22,GCC2
ENSG00000105607.13,GCDH
ENSG00000140297.13,GCNT3
ENSG00000196505.11,GDAP2
ENSG00000130513.7,GDF15
ENSG00000125965.9,GDF5
ENSG00000164949.8,GEM
ENSG00000092208.19,GEMIN2
ENSG00000198356.12,GET3
ENSG00000164347.18,GFM2
ENSG00000145990.11,GFOD1
ENSG00000006625.18,GGCT
ENSG00000137563.13,GGH
ENSG00000179168.15,GGN
ENSG00000131067.17,GGT7
ENSG00000281189.1,GHET1
ENSG00000165678.22,GHITM
ENSG00000141034.10,GID4
ENSG00000204120.16,GIGYF2
ENSG00000145723.17,GIN1
ENSG00000101003.12,GINS1
ENSG00000147536.12,GINS4
ENSG00000123159.16,GIPC1
ENSG00000137960.6,GIPC2
ENSG00000152661.9,GJA1
ENSG00000198814.14,GK
ENSG00000139278.10,GLIPR1
ENSG00000124767.7,GLO1
ENSG00000173221.14,GLRX
ENSG00000115419.14,GLS
ENSG00000242797.3,GLYCTK-AS1
ENSG00000087338.5,GMCL1
ENSG00000112699.11,GMDS
ENSG00000250903.11,GMDS-DT
ENSG00000144591.20,GMPPA
ENSG00000137198.10,GMPR
ENSG00000204590.13,GNL1
ENSG00000100522.10,GNPNAT1
ENSG00000167110.19,GOLGA2
ENSG00000173905.9,GOLIM4
ENSG00000143457.11,GOLPH3L
ENSG00000170270.5,GON7
ENSG00000213420.8,GPC2
ENSG00000125772.14,GPCPD1
ENSG00000105220.17,GPI
ENSG00000125734.16,GPR108
ENSG00000180998.12,GPR137C
ENSG00000151025.11,GPR158
ENSG00000183840.7,GPR39
ENSG00000164604.14,GPR85
ENSG00000196979.1,GPRACR
ENSG00000013588.9,GPRC5A
ENSG00000230951.1,GPS2P2
ENSG00000213654.10,GPSM3
ENSG00000166123.14,GPT2
ENSG00000269303.1,GRAMD1A-AS1
ENSG00000198873.12,GRK5
ENSG00000228485.1,GRK5-IT1
ENSG00000030582.18,GRN
ENSG00000253618.1,GRPEL2-AS1
ENSG00000204928.3,GRXCR2
ENSG00000167914.12,GSDMA
ENSG00000280832.3,GSEC
ENSG00000105723.13,GSK3A
ENSG00000082701.17,GSK3B
ENSG00000242622.4,GSK3B-DT
ENSG00000235865.2,GSN-AS1
ENSG00000170899.11,GSTA4
ENSG00000100577.19,GSTZ1
ENSG00000140307.11,GTF2A2
ENSG00000213780.11,GTF2H4
ENSG00000172432.19,GTPBP2
ENSG00000197273.4,GUCA2A
ENSG00000061918.14,GUCY1B1
ENSG00000151806.14,GUF1
ENSG00000144366.17,GULP1
ENSG00000104812.15,GYS1
ENSG00000196787.4,H2AC11
ENSG00000274997.2,H2AC12
ENSG00000275221.2,H2AC15
ENSG00000184260.6,H2AC20
ENSG00000184270.6,H2AC21
ENSG00000105968.19,H2AZ2
ENSG00000234183.1,H2AZ2-DT
ENSG00000124635.9,H2BC11
ENSG00000197903.8,H2BC12
ENSG00000233822.6,H2BC15
ENSG00000184678.11,H2BC21
ENSG00000275713.3,H2BC9
ENSG00000272562.2,H3-3A-DT
ENSG00000278828.2,H3C10
ENSG00000277775.2,H3C7
ENSG00000220875.1,H3C9P
ENSG00000278705.3,H4C2
ENSG00000197061.5,H4C3
ENSG00000173805.16,HAP1
ENSG00000145681.11,HAPLN1
ENSG00000140511.12,HAPLN3
ENSG00000182831.12,HAPSTR1
ENSG00000170445.16,HARS1
ENSG00000112855.17,HARS2
ENSG00000170961.7,HAS2
ENSG00000248690.8,HAS2-AS1
ENSG00000214367.10,HAUS3
ENSG00000135077.10,HAVCR2
ENSG00000105856.14,HBP1
ENSG00000228223.3,HCG11
ENSG00000232940.8,HCG25
ENSG00000116478.12,HDAC1
ENSG00000184508.12,HDDC3
ENSG00000143321.19,HDGF
ENSG00000167674.15,HDGFL2
ENSG00000165259.14,HDX
ENSG00000155393.14,HEATR3
ENSG00000259843.2,HEATR3-AS1
ENSG00000126107.15,HECTD3
ENSG00000173706.15,HEG1
ENSG00000148634.16,HERC4
ENSG00000138646.9,HERC5
ENSG00000114315.4,HES1
ENSG00000049860.14,HEXB
ENSG00000224505.4,HEXIM2-AS1
ENSG00000135547.9,HEY2
ENSG00000197568.15,HHLA3
ENSG00000177374.13,HIC1
ENSG00000100644.17,HIF1A
ENSG00000181061.14,HIGD1A
ENSG00000135245.10,HILPDA
ENSG00000240758.2,HILPDA-AS1
ENSG00000172273.13,HINFP
ENSG00000137133.11,HINT2
ENSG00000127946.17,HIP1
ENSG00000214922.9,HLA-F-AS1
ENSG00000071794.16,HLTF
ENSG00000147421.18,HMBOX1
ENSG00000140382.15,HMG20A
ENSG00000230611.1,HMGB1P27
ENSG00000164104.12,HMGB2
ENSG00000118418.16,HMGN3
ENSG00000270362.2,HMGN3-AS1
ENSG00000182952.5,HMGN4
ENSG00000072571.20,HMMR
ENSG00000135486.19,HNRNPA1
ENSG00000248444.1,HNRNPA1P65
ENSG00000197451.12,HNRNPAB
ENSG00000125944.21,HNRNPR
ENSG00000290292.10,HOMEZ
ENSG00000227392.3,HPN-AS1
ENSG00000153976.3,HS3ST3A1
ENSG00000125430.9,HS3ST3B1
ENSG00000149084.13,HSD17B12
ENSG00000230185.7,HSDL2-AS1
ENSG00000025156.13,HSF2
ENSG00000155304.6,HSPA13
ENSG00000204388.7,HSPA1B
ENSG00000224059.1,HSPA8P16
ENSG00000081870.12,HSPB11
ENSG00000115541.11,HSPE1
ENSG00000270757.1,HSPE1-MOB4
ENSG00000186792.17,HYAL3
ENSG00000149428.21,HYOU1
ENSG00000005700.15,IBTK
ENSG00000125968.9,ID1
ENSG00000115738.10,ID2
ENSG00000235092.7,ID2-AS1
ENSG00000172201.12,ID4
ENSG00000119912.18,IDE
ENSG00000138413.14,IDH1
ENSG00000169991.11,IFFO2
ENSG00000126709.16,IFI6
ENSG00000027697.16,IFNGR1
ENSG00000109083.14,IFT20
ENSG00000100360.15,IFT27
ENSG00000118096.10,IFT46
ENSG00000114446.5,IFT57
ENSG00000163453.11,IGFBP7
ENSG00000254073.1,IGLVVII-41-1
ENSG00000163702.21,IL17RC
ENSG00000196083.11,IL1RAP
ENSG00000113525.10,IL5
ENSG00000136244.12,IL6
ENSG00000179428.2,IL6-AS1
ENSG00000257720.1,ILF2P2
ENSG00000136718.10,IMP4
ENSG00000106348.18,IMPDH1
ENSG00000071243.16,ING3
ENSG00000227811.3,INKA2-AS1
ENSG00000114933.16,INO80D
ENSG00000068383.19,INPP5A
ENSG00000186480.13,INSIG1
ENSG00000273117.1,INSIG1-DT
ENSG00000125629.16,INSIG2
ENSG00000204767.4,INSYN2B
ENSG00000149262.19,INTS4
ENSG00000104299.15,INTS9
ENSG00000119509.13,INVS
ENSG00000205339.10,IPO7
ENSG00000166578.10,IQCD
ENSG00000114473.14,IQCG
ENSG00000103599.20,IQCH
ENSG00000259673.6,IQCH-AS1
ENSG00000140575.13,IQGAP1
ENSG00000164675.11,IQUB
ENSG00000184216.15,IRAK1
ENSG00000168264.11,IRF2BP2
ENSG00000177508.12,IRX3
ENSG00000176842.16,IRX5
ENSG00000135070.15,ISCA1
ENSG00000165898.14,ISCA2
ENSG00000159556.10,ISL2
ENSG00000066583.12,ISOC1
ENSG00000260281.6,ITFG1-AS1
ENSG00000111203.13,ITFG2
ENSG00000256150.2,ITFG2-AS1
ENSG00000258325.2,ITFG2-AS1
ENSG00000213949.10,ITGA1
ENSG00000150093.20,ITGB1
ENSG00000086544.4,ITPKC
ENSG00000096433.11,ITPR3
ENSG00000205726.15,ITSN1
ENSG00000101384.12,JAG1
ENSG00000243789.11,JMJD7
ENSG00000168970.22,JMJD7-PLA2G4B
ENSG00000104369.5,JPH1
ENSG00000167476.10,JSRP1
ENSG00000177606.8,JUN
ENSG00000173801.17,JUP
ENSG00000160145.16,KALRN
ENSG00000139620.13,KANSL2
ENSG00000136504.14,KAT7
ENSG00000140854.13,KATNB1
ENSG00000182359.15,KBTBD3
ENSG00000267365.2,KCNJ2-AS1
ENSG00000225652.2,KCNMA1-AS3
ENSG00000243335.10,KCTD7
ENSG00000104756.16,KCTD9
ENSG00000165097.16,KDM1B
ENSG00000066135.13,KDM4A
ENSG00000127663.15,KDM4B
ENSG00000260231.2,KDM7A-DT
ENSG00000128052.10,KDR
ENSG00000121774.18,KHDRBS1
ENSG00000131773.15,KHDRBS3
ENSG00000088247.19,KHSRP
ENSG00000198920.11,KIAA0753
ENSG00000134313.17,KIDINS220
ENSG00000138160.7,KIF11
ENSG00000054523.20,KIF1B
ENSG00000186638.17,KIF24
ENSG00000232192.1,KIF26B-AS1
ENSG00000167702.13,KIFC2
ENSG00000226520.1,KIRREL1-IT1
ENSG00000254762.1,KLC2-AS2
ENSG00000169926.11,KLF13
ENSG00000231160.12,KLF3-AS1
ENSG00000128607.14,KLHDC10
ENSG00000124702.19,KLHDC3
ENSG00000114796.16,KLHL24
ENSG00000167487.12,KLHL26
ENSG00000242522.1,KLHL6-AS1
ENSG00000230658.2,KLHL7-DT
ENSG00000227268.5,KLLN
ENSG00000117009.12,KMO
ENSG00000118058.24,KMT2A
ENSG00000272333.8,KMT2B
ENSG00000239569.5,KMT2E-AS1
ENSG00000133247.14,KMT5C
ENSG00000196911.12,KPNA5
ENSG00000108424.11,KPNB1
ENSG00000263766.6,KPNB1-DT
ENSG00000133703.14,KRAS
ENSG00000001631.17,KRIT1
ENSG00000214417.4,KRT18P13
ENSG00000187686.4,KRT18P59
ENSG00000197079.9,KRT35
ENSG00000171360.4,KRT38
ENSG00000290861.1,KRT42P
ENSG00000205420.11,KRT6A
ENSG00000212724.3,KRTAP2-3
ENSG00000137944.18,KYAT3
ENSG00000154655.16,L3MBTL4
ENSG00000103642.12,LACTB
ENSG00000147592.9,LACTB2
ENSG00000188186.11,LAMTOR4
ENSG00000068697.7,LAPTM4A
ENSG00000223734.3,LAPTM4A-DT
ENSG00000155506.19,LARP1
ENSG00000243438.1,LARP1BP2
ENSG00000232455.2,LARS2-AS1
ENSG00000002834.18,LASP1
ENSG00000135338.14,LCA5
ENSG00000157578.14,LCA5L
ENSG00000178177.17,LCORL
ENSG00000226806.1,LCT-AS1
ENSG00000188501.12,LCTL
ENSG00000226235.1,LEMD1-AS1
ENSG00000224717.1,LEMD1-DT
ENSG00000275183.2,LENG9
ENSG00000116678.20,LEPR
ENSG00000213625.9,LEPROT
ENSG00000100097.12,LGALS1
ENSG00000108679.13,LGALS3BP
ENSG00000205213.14,LGR4
ENSG00000273706.5,LHX1
ENSG00000232530.1,LIF-AS1
ENSG00000205659.12,LIN52
ENSG00000231721.8,LINC-PINT
ENSG00000227702.1,LINC00111
ENSG00000232117.2,LINC00384
ENSG00000236463.1,LINC00427
ENSG00000245526.13,LINC00461
ENSG00000177338.14,LINC00469
ENSG00000146666.5,LINC00525
ENSG00000228221.6,LINC00578
ENSG00000258279.4,LINC00592
ENSG00000257585.1,LINC00609
ENSG00000205181.8,LINC00654
ENSG00000261824.8,LINC00662
ENSG00000266904.8,LINC00663
ENSG00000261683.2,LINC00838
ENSG00000229404.6,LINC00858
ENSG00000243629.2,LINC00880
ENSG00000188825.16,LINC00910
ENSG00000246898.2,LINC00920
ENSG00000291028.1,LINC00933
ENSG00000259728.6,LINC00933
ENSG00000261455.1,LINC01003
ENSG00000228393.6,LINC01004
ENSG00000232065.2,LINC01063
ENSG00000271167.1,LINC01109
ENSG00000254300.1,LINC01111
ENSG00000279873.2,LINC01126
ENSG00000227630.4,LINC01132
ENSG00000234807.8,LINC01135
ENSG00000281912.1,LINC01144
ENSG00000229743.6,LINC01159
ENSG00000250634.6,LINC01182
ENSG00000236751.4,LINC01186
ENSG00000237595.7,LINC01275
ENSG00000280587.3,LINC01348
ENSG00000231768.2,LINC01354
ENSG00000249306.7,LINC01411
ENSG00000232606.3,LINC01412
ENSG00000232645.7,LINC01431
ENSG00000255727.2,LINC01489
ENSG00000203356.2,LINC01562
ENSG00000236819.2,LINC01563
ENSG00000223485.5,LINC01615
ENSG00000250302.3,LINC01618
ENSG00000225595.2,LINC01623
ENSG00000227925.2,LINC01655
ENSG00000275491.1,LINC01730
ENSG00000223382.6,LINC01778
ENSG00000225064.1,LINC01802
ENSG00000230645.2,LINC01818
ENSG00000223466.2,LINC01825
ENSG00000266278.1,LINC01910
ENSG00000271952.3,LINC01954
ENSG00000230401.1,LINC01972
ENSG00000228730.2,LINC02013
ENSG00000272690.6,LINC02018
ENSG00000214146.3,LINC02026
ENSG00000228271.2,LINC02048
ENSG00000223387.6,LINC02068
ENSG00000234634.2,LINC02093
ENSG00000272575.7,LINC02098
ENSG00000260450.2,LINC02134
ENSG00000261703.1,LINC02168
ENSG00000261325.3,LINC02192
ENSG00000245812.5,LINC02202
ENSG00000259473.1,LINC02205
ENSG00000248202.2,LINC02234
ENSG00000251365.6,LINC02236
ENSG00000237638.3,LINC02245
ENSG00000251635.2,LINC02278
ENSG00000248505.2,LINC02380
ENSG00000271538.7,LINC02427
ENSG00000203688.6,LINC02487
ENSG00000231566.4,LINC02595
ENSG00000241288.8,LINC02614
ENSG00000233643.2,LINC02625
ENSG00000254699.1,LINC02695
ENSG00000255133.2,LINC02721
ENSG00000249867.6,LINC02742
ENSG00000224173.2,LINC02831
ENSG00000228189.5,LINC02843
ENSG00000253644.2,LINC02845
ENSG00000203864.3,LINC02868
ENSG00000232874.1,LINC02924
ENSG00000230310.1,LINC02926
ENSG00000235159.2,LINC02939
ENSG00000237807.4,LINC02984
ENSG00000267575.9,LINC02987
ENSG00000232310.10,LINC03002
ENSG00000240859.3,LINC03014
ENSG00000253967.1,LINC03020
ENSG00000253633.2,LINC03047
ENSG00000271601.4,LIX1L
ENSG00000105983.23,LMBR1
ENSG00000071282.12,LMCD1
ENSG00000185621.11,LMLN
ENSG00000251072.2,LMNB1-DT
ENSG00000048540.16,LMO3
ENSG00000245552.9,LNCRNA-IUR
ENSG00000206535.8,LNP1
ENSG00000072201.14,LNX1
ENSG00000102910.14,LONP2
ENSG00000087253.13,LPCAT2
ENSG00000101577.11,LPIN2
ENSG00000270959.2,LPP-AS2
ENSG00000162981.14,LRATD1
ENSG00000168672.4,LRATD2
ENSG00000136141.15,LRCH1
ENSG00000077454.17,LRCH4
ENSG00000198799.12,LRIG2
ENSG00000238198.2,LRIG2-DT
ENSG00000147650.12,LRP12
ENSG00000168702.18,LRP1B
ENSG00000130881.14,LRP3
ENSG00000225675.2,LRP8-DT
ENSG00000128606.13,LRRC17
ENSG00000168904.15,LRRC28
ENSG00000128594.8,LRRC4
ENSG00000116212.15,LRRC42
ENSG00000169683.8,LRRC45
ENSG00000133739.16,LRRCC1
ENSG00000240720.10,LRRD1
ENSG00000204392.11,LSM2
ENSG00000130520.11,LSM4
ENSG00000106355.10,LSM5
ENSG00000160285.15,LSS
ENSG00000168056.18,LTBP3
ENSG00000154589.7,LY96
ENSG00000150551.11,LYPD1
ENSG00000272142.4,LYRM4-AS1
ENSG00000186687.16,LYRM7
ENSG00000173212.5,MAB21L3
ENSG00000181751.10,MACIR
ENSG00000204178.11,MACO1
ENSG00000124688.14,MAD2L1BP
ENSG00000179632.10,MAF1
ENSG00000204103.4,MAFB
ENSG00000177383.5,MAGEF1
ENSG00000187391.22,MAGI2
ENSG00000234456.10,MAGI2-AS3
ENSG00000081026.19,MAGI3
ENSG00000253320.7,MAILR
ENSG00000165072.10,MAMDC2
ENSG00000161021.13,MAML1
ENSG00000198162.12,MAN1A2
ENSG00000111261.14,MANSC1
ENSG00000166963.13,MAP1A
ENSG00000140941.14,MAP1LC3B
ENSG00000169032.11,MAP2K1
ENSG00000095015.6,MAP3K1
ENSG00000173327.8,MAP3K11
ENSG00000073803.14,MAP3K13
ENSG00000006062.18,MAP3K14
ENSG00000143674.11,MAP3K21
ENSG00000198909.8,MAP3K3
ENSG00000142733.18,MAP3K6
ENSG00000231312.8,MAP4K3-DT
ENSG00000164114.19,MAP9
ENSG00000259438.1,MAPK6-DT
ENSG00000166484.20,MAPK7
ENSG00000050748.18,MAPK9
ENSG00000137802.14,MAPKBP1
ENSG00000173926.6,MARCHF3
ENSG00000198060.10,MARCHF5
ENSG00000277443.3,MARCKS
ENSG00000175130.7,MARCKSL1
ENSG00000229666.2,MAST4-AS1
ENSG00000196123.13,MATCAP1
ENSG00000164542.13,MATCAP2
ENSG00000186056.11,MATN1-AS1
ENSG00000280987.4,MATR3
ENSG00000129071.10,MBD4
ENSG00000176055.10,MBLAC2
ENSG00000229619.6,MBNL1-AS1
ENSG00000125505.17,MBOAT7
ENSG00000171444.19,MCC
ENSG00000124370.11,MCEE
ENSG00000112118.20,MCM3
ENSG00000215424.10,MCM3AP-AS1
ENSG00000278719.1,MCM8-AS1
ENSG00000246089.5,MCPH1-DT
ENSG00000156026.15,MCU
ENSG00000137337.16,MDC1
ENSG00000014641.21,MDH1
ENSG00000161920.11,MED11
ENSG00000108510.10,MED13
ENSG00000108590.11,MED31
ENSG00000248309.9,MEF2C-AS1
ENSG00000245864.5,MEF2C-AS2
ENSG00000116604.19,MEF2D
ENSG00000105429.13,MEGF8
ENSG00000117899.11,MESD
ENSG00000105976.16,MET
ENSG00000164024.12,METAP1
ENSG00000010165.20,METTL13
ENSG00000127804.13,METTL16
ENSG00000183496.6,MEX3B
ENSG00000168389.18,MFSD2A
ENSG00000257335.8,MGAM
ENSG00000143198.13,MGST3
ENSG00000258940.2,MIA2-AS1
ENSG00000204520.14,MICA
ENSG00000273340.1,MICE
ENSG00000107745.20,MICU1
ENSG00000238123.1,MID1IP1-AS1
ENSG00000177427.13,MIEF2
ENSG00000271605.6,MILR1
ENSG00000128923.11,MINDY2
ENSG00000245975.2,MINDY2-DT
ENSG00000221630.3,MIR1179
ENSG00000284268.1,MIR1181
ENSG00000283710.1,MIR1204
ENSG00000221656.1,MIR1225
ENSG00000207863.1,MIR125B2
ENSG00000266192.3,MIR1260B
ENSG00000221464.1,MIR1271
ENSG00000284015.1,MIR1281
ENSG00000221763.1,MIR1289-1
ENSG00000284239.1,MIR1539
ENSG00000229989.6,MIR181A1HG
ENSG00000224020.3,MIR181A2HG
ENSG00000284433.1,MIR1914
ENSG00000284442.1,MIR2110
ENSG00000284344.1,MIR2117
ENSG00000267151.5,MIR2117HG
ENSG00000270069.3,MIR222HG
ENSG00000284336.1,MIR2277
ENSG00000186594.16,MIR22HG
ENSG00000284040.1,MIR296
ENSG00000216031.1,MIR298
ENSG00000265565.1,MIR3143
ENSG00000263693.1,MIR3161
ENSG00000263742.1,MIR3165
ENSG00000284324.1,MIR3175
ENSG00000264947.1,MIR3181
ENSG00000283225.1,MIR3199-2
ENSG00000283956.1,MIR3610
ENSG00000284186.1,MIR3615
ENSG00000284503.1,MIR3652
ENSG00000284325.1,MIR3655
ENSG00000265213.1,MIR3684
ENSG00000284288.1,MIR378D2
ENSG00000264448.5,MIR378D2HG
ENSG00000264249.1,MIR3912
ENSG00000265878.2,MIR3914-1
ENSG00000265281.1,MIR3935
ENSG00000265828.1,MIR3939
ENSG00000264349.1,MIR4258
ENSG00000265919.1,MIR4280
ENSG00000245832.7,MIR4300HG
ENSG00000264371.1,MIR4425
ENSG00000283204.1,MIR4434
ENSG00000263932.1,MIR4448
ENSG00000264585.1,MIR4449
ENSG00000263926.1,MIR4462
ENSG00000271899.1,MIR4466
ENSG00000264408.1,MIR4470
ENSG00000266852.2,MIR4482
ENSG00000251856.1,MIR449C
ENSG00000263643.1,MIR4515
ENSG00000283160.1,MIR4521
ENSG00000263583.1,MIR4522
ENSG00000284162.1,MIR4523
ENSG00000263575.1,MIR4665
ENSG00000284265.1,MIR4683
ENSG00000266517.1,MIR4715
ENSG00000265444.1,MIR4733
ENSG00000264107.1,MIR4733HG
ENSG00000284331.1,MIR4741
ENSG00000283749.1,MIR4781
ENSG00000264099.1,MIR4803
ENSG00000265390.1,MIR4999
ENSG00000284035.1,MIR5187
ENSG00000221698.1,MIR548H3
ENSG00000207714.3,MIR584
ENSG00000283923.1,MIR6132
ENSG00000207972.1,MIR638
ENSG00000283822.1,MIR639
ENSG00000275523.1,MIR6508
ENSG00000284250.1,MIR6516
ENSG00000284197.1,MIR658
ENSG00000276830.1,MIR6730
ENSG00000284574.1,MIR6787
ENSG00000283950.1,MIR6791
ENSG00000277264.1,MIR6833
ENSG00000284200.1,MIR6847
ENSG00000273945.1,MIR6853
ENSG00000277402.1,MIR6891
ENSG00000278449.1,MIR6892
ENSG00000284293.1,MIR7113
ENSG00000284286.1,MIR718
ENSG00000211575.3,MIR760
ENSG00000284160.1,MIR7706
ENSG00000277590.1,MIR7845
ENSG00000215973.1,MIR933
ENSG00000215930.1,MIR942
ENSG00000269929.5,MIRLET7A1HG
ENSG00000160124.9,MIX23
ENSG00000125863.20,MKKS
ENSG00000128585.18,MKLN1
ENSG00000236753.7,MKLN1-AS
ENSG00000179455.10,MKRN3
ENSG00000213190.4,MLLT11
ENSG00000169446.6,MMGT1
ENSG00000156103.16,MMP16
ENSG00000146085.8,MMUT
ENSG00000070444.15,MNT
ENSG00000114978.18,MOB1A
ENSG00000103111.15,MON1B
ENSG00000130150.12,MOSPD2
ENSG00000124383.11,MPHOSPH10
ENSG00000008382.16,MPND
ENSG00000082126.18,MPP4
ENSG00000282996.1,MPP7-DT
ENSG00000133030.22,MPRIP
ENSG00000254858.10,MPV17L2
ENSG00000197965.12,MPZL1
ENSG00000011028.14,MRC2
ENSG00000101189.7,MRGBP
ENSG00000106591.4,MRPL32
ENSG00000105364.14,MRPL4
ENSG00000234325.1,MRPS10P2
ENSG00000128626.12,MRPS12
ENSG00000116898.12,MRPS15
ENSG00000182180.14,MRPS16
ENSG00000147586.10,MRPS28
ENSG00000112996.11,MRPS30
ENSG00000251141.6,MRPS30-DT
ENSG00000135972.9,MRPS9
ENSG00000224509.4,MRPS9-AS2
ENSG00000196588.21,MRTFA
ENSG00000170903.12,MSANTD4
ENSG00000204410.16,MSH5
ENSG00000255152.8,MSH5-SAPCD1
ENSG00000198899.2,MT-ATP6
ENSG00000228253.1,MT-ATP8
ENSG00000198804.2,MT-CO1
ENSG00000198712.1,MT-CO2
ENSG00000198938.2,MT-CO3
ENSG00000198727.2,MT-CYB
ENSG00000198888.2,MT-ND1
ENSG00000198763.3,MT-ND2
ENSG00000198840.2,MT-ND3
ENSG00000198886.2,MT-ND4
ENSG00000212907.2,MT-ND4L
ENSG00000198786.2,MT-ND5
ENSG00000198695.2,MT-ND6
ENSG00000211459.2,MT-RNR1
ENSG00000210082.2,MT-RNR2
ENSG00000210127.1,MT-TA
ENSG00000210140.1,MT-TC
ENSG00000210154.1,MT-TD
ENSG00000210194.1,MT-TE
ENSG00000210049.1,MT-TF
ENSG00000210164.1,MT-TG
ENSG00000210176.1,MT-TH
ENSG00000210100.1,MT-TI
ENSG00000210156.1,MT-TK
ENSG00000209082.1,MT-TL1
ENSG00000210191.1,MT-TL2
ENSG00000210112.1,MT-TM
ENSG00000210135.1,MT-TN
ENSG00000210196.2,MT-TP
ENSG00000210107.1,MT-TQ
ENSG00000210174.1,MT-TR
ENSG00000210151.2,MT-TS1
ENSG00000210184.1,MT-TS2
ENSG00000210195.2,MT-TT
ENSG00000210077.1,MT-TV
ENSG00000210117.1,MT-TW
ENSG00000210144.1,MT-TY
ENSG00000099810.21,MTAP
ENSG00000230755.1,MTATP6P23
ENSG00000168502.18,MTCL1
ENSG00000235524.1,MTCO1P23
ENSG00000228930.1,MTCO1P3
ENSG00000235803.1,MTCO2P23
ENSG00000264316.1,MTCO3P13
ENSG00000147649.10,MTDH
ENSG00000156469.9,MTERF3
ENSG00000143033.18,MTF2
ENSG00000242114.6,MTFP1
ENSG00000066855.16,MTFR1
ENSG00000146410.12,MTFR2
ENSG00000150712.11,MTMR12
ENSG00000108389.10,MTMR4
ENSG00000105887.11,MTPN
ENSG00000136997.22,MYC
ENSG00000005810.20,MYCBP2
ENSG00000172936.17,MYD88
ENSG00000180209.12,MYL11
ENSG00000092841.19,MYL6
ENSG00000257809.1,MYL6B-AS1
ENSG00000250174.5,MYLK-AS2
ENSG00000085274.16,MYNN
ENSG00000227542.1,MYO1B-AS1
ENSG00000157483.9,MYO1E
ENSG00000066933.16,MYO9A
ENSG00000138119.17,MYOF
ENSG00000164976.9,MYORG
ENSG00000229647.3,MYOSLID
ENSG00000176182.6,MYPOP
ENSG00000275460.1,Metazoa_SRP
ENSG00000277628.1,Metazoa_SRP
ENSG00000276213.1,Metazoa_SRP
ENSG00000183011.14,NAA38
ENSG00000243477.6,NAA80
ENSG00000173559.15,NABP1
ENSG00000159593.15,NAE1
ENSG00000105835.13,NAMPT
ENSG00000170191.5,NANP
ENSG00000095380.11,NANS
ENSG00000105402.8,NAPA
ENSG00000265458.3,NARF-AS2
ENSG00000137513.11,NARS2
ENSG00000132780.17,NASP
ENSG00000135372.10,NAT10
ENSG00000270607.1,NAV2-AS6
ENSG00000219481.11,NBPF1
ENSG00000162825.18,NBPF20
ENSG00000146918.20,NCAPG2
ENSG00000020129.16,NCDN
ENSG00000144959.11,NCEH1
ENSG00000158092.7,NCK1
ENSG00000084676.16,NCOA1
ENSG00000266412.6,NCOA4
ENSG00000111912.20,NCOA7
ENSG00000101079.21,NDRG3
ENSG00000103034.15,NDRG4
ENSG00000174886.14,NDUFA11
ENSG00000131495.9,NDUFA2
ENSG00000164182.12,NDUFAF2
ENSG00000156170.14,NDUFAF6
ENSG00000224877.4,NDUFAF8
ENSG00000110717.13,NDUFS8
ENSG00000266053.3,NDUFV2-AS1
ENSG00000078114.19,NEBL
ENSG00000130202.10,NECTIN2
ENSG00000154328.16,NEIL2
ENSG00000117650.13,NEK2
ENSG00000231057.5,NEK2-DT
ENSG00000151414.15,NEK7
ENSG00000196712.20,NF1
ENSG00000186575.19,NF2
ENSG00000082641.16,NFE2L1
ENSG00000263412.3,NFE2L1-DT
ENSG00000104825.17,NFKBIB
ENSG00000169599.13,NFU1
ENSG00000170448.12,NFXL1
ENSG00000001167.15,NFYA
ENSG00000145912.10,NHP2
ENSG00000155438.12,NIFK
ENSG00000164190.19,NIPBL
ENSG00000285967.1,NIPBL-DT
ENSG00000185942.13,NKAIN3
ENSG00000197885.11,NKIRAS1
ENSG00000114857.19,NKTR
ENSG00000109705.8,NKX3-2
ENSG00000169760.18,NLGN1
ENSG00000169992.10,NLGN2
ENSG00000087095.13,NLK
ENSG00000123213.23,NLN
ENSG00000239672.8,NME1
ENSG00000011052.21,NME1-NME2
ENSG00000152465.18,NMT2
ENSG00000241225.2,NMTRS-TGA3-1
ENSG00000109255.11,NMU
ENSG00000084092.7,NOA1
ENSG00000142546.14,NOSIP
ENSG00000104967.8,NOVA2
ENSG00000151322.20,NPAS3
ENSG00000149308.17,NPAT
ENSG00000183979.8,NPB
ENSG00000148734.8,NPFFR1
ENSG00000113971.21,NPHP3
ENSG00000274810.4,NPHP3-ACAD11
ENSG00000159899.16,NPR2
ENSG00000181019.13,NQO1
ENSG00000262136.2,NQO1-DT
ENSG00000224846.3,NQO2-AS1
ENSG00000126368.6,NR1D1
ENSG00000131408.15,NR1H2
ENSG00000012504.15,NR1H4
ENSG00000175745.15,NR2F1
ENSG00000134986.14,NREP
ENSG00000158458.21,NRG2
ENSG00000124785.9,NRN1
ENSG00000118257.17,NRP2
ENSG00000164346.10,NSA2
ENSG00000147383.11,NSDHL
ENSG00000185115.6,NSMCE3
ENSG00000178694.10,NSUN3
ENSG00000122643.23,NT5C3A
ENSG00000168268.11,NT5DC2
ENSG00000156795.8,NTAQ1
ENSG00000120526.12,NUDCD1
ENSG00000170584.11,NUDCD2
ENSG00000198585.12,NUDT16
ENSG00000250608.2,NUDT16-DT
ENSG00000164978.18,NUDT2
ENSG00000272325.2,NUDT3
ENSG00000108256.9,NUFIP2
ENSG00000133961.21,NUMB
ENSG00000108559.13,NUP88
ENSG00000102900.13,NUP93
ENSG00000188039.16,NWD1
ENSG00000174792.11,ODAPH
ENSG00000087263.17,OGFOD1
ENSG00000104147.9,OIP5
ENSG00000247556.7,OIP5-AS1
ENSG00000138430.16,OLA1
ENSG00000162600.12,OMA1
ENSG00000198836.11,OPA1
ENSG00000128617.3,OPN1SW
ENSG00000168828.6,OR13J1
ENSG00000229386.4,OR8B9P
ENSG00000091651.9,ORC6
ENSG00000123353.10,ORMDL2
ENSG00000172057.10,ORMDL3
ENSG00000135506.17,OS9
ENSG00000110048.12,OSBP
ENSG00000070882.13,OSBPL3
ENSG00000132823.11,OSER1
ENSG00000223891.7,OSER1-DT
ENSG00000164920.10,OSR2
ENSG00000089723.10,OTUB2
ENSG00000169914.6,OTUD3
ENSG00000155100.11,OTUD6B
ENSG00000187950.9,OVCH1
ENSG00000164830.19,OXR1
ENSG00000253582.1,OXR1-AS1
ENSG00000117385.16,P3H1
ENSG00000122884.13,P4HA1
ENSG00000185624.16,P4HB
ENSG00000156500.16,PABIR3
ENSG00000100836.11,PABPN1
ENSG00000273129.3,PACERR
ENSG00000100266.19,PACSIN2
ENSG00000158006.14,PAFAH2
ENSG00000076641.4,PAG1
ENSG00000128050.9,PAICS
ENSG00000124374.9,PAIP2B
ENSG00000111845.5,PAK1IP1
ENSG00000180370.10,PAK2
ENSG00000105926.16,PALS2
ENSG00000149090.13,PAMR1
ENSG00000232936.6,PANK1-AS1
ENSG00000125779.24,PANK2
ENSG00000229539.2,PANK2-AS1
ENSG00000115421.13,PAPOLG
ENSG00000138801.9,PAPSS1
ENSG00000124171.9,PARD6B
ENSG00000175193.14,PARL
ENSG00000169116.11,PARM1
ENSG00000229474.8,PATL2
ENSG00000159086.15,PAXBP1
ENSG00000214106.9,PAXIP1-AS2
ENSG00000102390.11,PBDC1
ENSG00000167081.18,PBX3
ENSG00000173599.15,PC
ENSG00000114054.14,PCCB
ENSG00000189184.12,PCDH18
ENSG00000240184.7,PCDHGC3
ENSG00000165494.12,PCF11
ENSG00000277258.5,PCGF2
ENSG00000249592.7,PCGF3-AS1
ENSG00000168300.14,PCMTD1
ENSG00000228801.8,PCMTD1-DT
ENSG00000132646.11,PCNA
ENSG00000197136.5,PCNX3
ENSG00000141179.14,PCTP
ENSG00000114209.15,PDCD10
ENSG00000197646.8,PDCD1LG2
ENSG00000170248.15,PDCD6IP
ENSG00000271643.2,PDCD6IP-DT
ENSG00000115539.14,PDCL3
ENSG00000258429.2,PDF
ENSG00000134853.12,PDGFRA
ENSG00000131828.14,PDHA1
ENSG00000155660.11,PDIA4
ENSG00000004799.8,PDK4
ENSG00000249274.1,PDLIM1P4
ENSG00000164494.12,PDSS2
ENSG00000241360.2,PDXP
ENSG00000233360.4,PDXP-DT
ENSG00000173517.11,PEAK1
ENSG00000152684.11,PELO
ENSG00000248898.4,PELO-AS1
ENSG00000133027.18,PEMT
ENSG00000179094.16,PER1
ENSG00000049246.15,PER3
ENSG00000127980.16,PEX1
ENSG00000134686.21,PHC2
ENSG00000109118.14,PHF12
ENSG00000106443.17,PHF14
ENSG00000010318.22,PHF7
ENSG00000092621.13,PHGDH
ENSG00000146247.15,PHIP
ENSG00000164776.11,PHKG1
ENSG00000006576.17,PHTF2
ENSG00000164530.15,PI16
ENSG00000155252.14,PI4K2A
ENSG00000143393.17,PI4KB
ENSG00000083535.16,PIBF1
ENSG00000140451.13,PIF1
ENSG00000173947.14,PIFO
ENSG00000151665.13,PIGF
ENSG00000185808.14,PIGP
ENSG00000121879.6,PIK3CA
ENSG00000229102.1,PIK3CA-DT
ENSG00000145675.16,PIK3R1
ENSG00000117461.15,PIK3R3
ENSG00000115020.17,PIKFYVE
ENSG00000129195.16,PIMREG
ENSG00000127445.14,PIN1
ENSG00000267289.1,PIN1-DT
ENSG00000186111.11,PIP5K1C
ENSG00000154217.16,PITPNC1
ENSG00000107959.17,PITRM1
ENSG00000198961.10,PJA2
ENSG00000171033.13,PKIA
ENSG00000067225.21,PKM
ENSG00000144283.23,PKP4
ENSG00000103066.13,PLA2G15
ENSG00000246740.2,PLA2G4E-AS1
ENSG00000168907.13,PLA2G4F
ENSG00000181690.8,PLAG1
ENSG00000138193.17,PLCE1
ENSG00000107679.15,PLEKHA1
ENSG00000116095.11,PLEKHA3
ENSG00000106086.20,PLEKHA8
ENSG00000175895.5,PLEKHF2
ENSG00000090924.15,PLEKHG2
ENSG00000152527.14,PLEKHH2
ENSG00000068137.15,PLEKHH3
ENSG00000241839.10,PLEKHO2
ENSG00000145632.15,PLK2
ENSG00000173846.13,PLK3
ENSG00000147471.12,PLPBP
ENSG00000067113.17,PLPP1
ENSG00000162407.9,PLPP3
ENSG00000120756.13,PLS1
ENSG00000161381.14,PLXDC1
ENSG00000076356.7,PLXNA2
ENSG00000185664.15,PMEL
ENSG00000100417.12,PMM1
ENSG00000109099.16,PMP22
ENSG00000291092.1,PMS2P3
ENSG00000163344.6,PMVK
ENSG00000176903.5,PNMA1
ENSG00000146278.11,PNRC1
ENSG00000271931.1,PNRC1-DT
ENSG00000143157.12,POGK
ENSG00000140521.18,POLG
ENSG00000261441.1,POLG-DT
ENSG00000291307.1,POLGARF
ENSG00000122008.16,POLK
ENSG00000130997.16,POLN
ENSG00000068654.17,POLR1A
ENSG00000137054.16,POLR1E
ENSG00000047315.17,POLR2B
ENSG00000105258.9,POLR2I
ENSG00000255529.9,POLR2M
ENSG00000186141.10,POLR3C
ENSG00000100413.17,POLR3H
ENSG00000009830.13,POMT2
ENSG00000104356.11,POP1
ENSG00000184486.10,POU3F2
ENSG00000128059.8,PPAT
ENSG00000166794.6,PPIB
ENSG00000171960.12,PPIH
ENSG00000145725.21,PPIP5K2
ENSG00000170836.13,PPM1D
ENSG00000155367.16,PPM1J
ENSG00000163590.14,PPM1L
ENSG00000260572.1,PPM1L-DT
ENSG00000214517.10,PPME1
ENSG00000213639.11,PPP1CB
ENSG00000226833.7,PPP1CB-DT
ENSG00000125503.13,PPP1R12C
ENSG00000272663.1,PPP1R21-DT
ENSG00000160813.7,PPP1R35
ENSG00000132825.7,PPP1R3D
ENSG00000049769.14,PPP1R3F
ENSG00000137713.16,PPP2R1B
ENSG00000068971.14,PPP2R5B
ENSG00000154001.14,PPP2R5E
ENSG00000154845.16,PPP4R1
ENSG00000135617.4,PRADC1
ENSG00000117592.9,PRDX6
ENSG00000255874.4,PRECSIT
ENSG00000101166.16,PRELID3B
ENSG00000226017.2,PRICKLE2-AS3
ENSG00000239911.4,PRKAG2-AS1
ENSG00000005249.14,PRKAR2B
ENSG00000163558.13,PRKCI
ENSG00000130175.10,PRKCSH
ENSG00000236671.9,PRKG1-AS1
ENSG00000113494.17,PRLR
ENSG00000100462.16,PRMT5
ENSG00000164169.13,PRMT9
ENSG00000101000.6,PROCR
ENSG00000230461.10,PROX1-AS1
ENSG00000136875.13,PRPF4
ENSG00000174231.18,PRPF8
ENSG00000135406.15,PRPH
ENSG00000147224.13,PRPS1
ENSG00000068489.13,PRR11
ENSG00000126464.15,PRR12
ENSG00000188368.11,PRR19
ENSG00000204576.12,PRR3
ENSG00000117523.18,PRRC2C
ENSG00000167371.21,PRRT2
ENSG00000253649.5,PRSS51
ENSG00000143363.17,PRUNE1
ENSG00000197746.15,PSAP
ENSG00000135069.14,PSAT1
ENSG00000205155.8,PSENEN
ENSG00000164985.15,PSIP1
ENSG00000106588.12,PSMA2
ENSG00000251234.1,PSMA2P2
ENSG00000257621.9,PSMA3-AS1
ENSG00000143106.13,PSMA5
ENSG00000277791.5,PSMB3
ENSG00000204264.12,PSMB8
ENSG00000013275.8,PSMC4
ENSG00000108671.11,PSMD11
ENSG00000108344.15,PSMD3
ENSG00000099341.13,PSMD8
ENSG00000172775.17,PSME3IP1
ENSG00000183527.12,PSMG1
ENSG00000180822.12,PSMG4
ENSG00000204540.11,PSORS1C1
ENSG00000146733.14,PSPH
ENSG00000132300.19,PTCD3
ENSG00000156471.13,PTDSS1
ENSG00000171862.14,PTEN
ENSG00000171522.6,PTGER4
ENSG00000267060.7,PTGES3L
ENSG00000134247.10,PTGFRN
ENSG00000169398.20,PTK2
ENSG00000159335.18,PTMS
ENSG00000105894.13,PTN
ENSG00000254481.1,PTP4A2P2
ENSG00000127947.16,PTPN12
ENSG00000088179.9,PTPN4
ENSG00000164611.13,PTTG1
ENSG00000172733.12,PURG
ENSG00000170234.13,PWWP2A
ENSG00000101417.12,PXMP4
ENSG00000011478.13,QPCTL
ENSG00000084733.11,RAB10
ENSG00000185236.12,RAB11B
ENSG00000143545.10,RAB13
ENSG00000138069.18,RAB1A
ENSG00000174903.16,RAB1B
ENSG00000112210.12,RAB23
ENSG00000137502.10,RAB30
ENSG00000246067.10,RAB30-DT
ENSG00000109113.20,RAB34
ENSG00000100228.14,RAB36
ENSG00000105649.10,RAB3A
ENSG00000167578.18,RAB4B
ENSG00000171570.11,RAB4B-EGLN2
ENSG00000111540.16,RAB5B
ENSG00000167461.12,RAB8A
ENSG00000166128.13,RAB8B
ENSG00000011454.18,RABGAP1
ENSG00000152061.24,RABGAP1L
ENSG00000164754.16,RAD21
ENSG00000253327.2,RAD21-AS1
ENSG00000197275.14,RAD54B
ENSG00000218358.4,RAET1K
ENSG00000290917.1,RAET1K
ENSG00000017797.13,RALBP1
ENSG00000188559.16,RALGAPA2
ENSG00000273062.1,RALGPS2-AS1
ENSG00000141084.12,RANBP10
ENSG00000164188.9,RANBP3L
ENSG00000181467.5,RAP2B
ENSG00000146282.19,RARS2
ENSG00000145715.15,RASA1
ENSG00000075391.18,RASAL2
ENSG00000224687.2,RASAL2-AS1
ENSG00000152689.18,RASGRP3
ENSG00000161847.15,RAVER1
ENSG00000162437.15,RAVER2
ENSG00000089050.16,RBBP9
ENSG00000176731.12,RBIS
ENSG00000183808.12,RBM12B
ENSG00000253848.1,RBM12B-DT
ENSG00000227963.2,RBM15-AS1
ENSG00000091009.8,RBM27
ENSG00000216895.9,RBM33-DT
ENSG00000127993.16,RBM48
ENSG00000076053.12,RBM7
ENSG00000213516.10,RBMXL1
ENSG00000224977.2,RC3H1-DT
ENSG00000056586.16,RC3H2
ENSG00000121039.10,RDH10
ENSG00000250295.6,RDH10-AS1
ENSG00000278023.7,RDM1
ENSG00000263818.5,RDM1P5
ENSG00000122707.12,RECK
ENSG00000181826.10,RELL1
ENSG00000232912.6,RERE-AS1
ENSG00000135945.10,REV1
ENSG00000277422.1,REXO1L6P
ENSG00000232104.5,RFX3-DT
ENSG00000143390.18,RFX5
ENSG00000143344.16,RGL1
ENSG00000174136.13,RGMB
ENSG00000246763.7,RGMB-AS1
ENSG00000108370.17,RGS9
ENSG00000188672.19,RHCE
ENSG00000106615.10,RHEB
ENSG00000143878.10,RHOB
ENSG00000155366.17,RHOC
ENSG00000107036.12,RIC1
ENSG00000132541.11,RIDA
ENSG00000107201.11,RIGI
ENSG00000205765.10,RIMOC1
ENSG00000117016.10,RIMS3
ENSG00000135249.8,RINT1
ENSG00000124784.9,RIOK1
ENSG00000058729.11,RIOK2
ENSG00000155906.20,RMND1
ENSG00000277027.1,RMRP
ENSG00000283293.1,RN7SK
ENSG00000251983.1,RN7SKP157
ENSG00000222112.1,RN7SKP16
ENSG00000222371.1,RN7SKP202
ENSG00000241709.3,RN7SL265P
ENSG00000243845.3,RN7SL30P
ENSG00000240470.3,RN7SL346P
ENSG00000239542.3,RN7SL399P
ENSG00000239419.3,RN7SL535P
ENSG00000241174.3,RN7SL570P
ENSG00000263882.2,RN7SL774P
ENSG00000244326.3,RN7SL814P
ENSG00000200370.1,RNA5S17
ENSG00000222230.1,RNA5SP158
ENSG00000212628.1,RNA5SP241
ENSG00000199364.1,RNA5SP327
ENSG00000200225.1,RNA5SP382
ENSG00000222378.1,RNA5SP44
ENSG00000201920.1,RNA5SP442
ENSG00000173464.16,RNASE11
ENSG00000258818.4,RNASE4
ENSG00000123091.5,RNF11
ENSG00000265491.5,RNF115
ENSG00000113269.14,RNF130
ENSG00000170881.5,RNF139
ENSG00000245149.6,RNF139-DT
ENSG00000118518.17,RNF146
ENSG00000163961.4,RNF168
ENSG00000168894.10,RNF181
ENSG00000180537.13,RNF182
ENSG00000116514.17,RNF19B
ENSG00000187147.18,RNF220
ENSG00000204308.8,RNF5
ENSG00000189050.16,RNFT1
ENSG00000267302.5,RNFT1-DT
ENSG00000274978.1,RNU11
ENSG00000222222.1,RNU2-17P
ENSG00000277084.1,RNU2-4P
ENSG00000264229.1,RNU4ATAC
ENSG00000200972.1,RNU5A-8P
ENSG00000200156.1,RNU5B-1
ENSG00000252339.1,RNU6-1061P
ENSG00000212348.1,RNU6-1300P
ENSG00000252489.1,RNU6-197P
ENSG00000207357.1,RNU6-2
ENSG00000251794.1,RNU6-237P
ENSG00000253032.1,RNU6-299P
ENSG00000199385.1,RNU6-369P
ENSG00000252279.1,RNU6-406P
ENSG00000207222.1,RNU6-456P
ENSG00000199289.1,RNU6-502P
ENSG00000200877.1,RNU6-560P
ENSG00000222915.1,RNU6-564P
ENSG00000223265.1,RNU6-592P
ENSG00000207058.1,RNU6-784P
ENSG00000212297.1,RNU6-821P
ENSG00000206599.1,RNU6-841P
ENSG00000199448.1,RNU6-845P
ENSG00000272393.1,RNU6-92P
ENSG00000252962.1,RNU6-993P
ENSG00000202308.1,RNU6-996P
ENSG00000251835.1,RNU6ATAC32P
ENSG00000252057.2,RNU7-174P
ENSG00000278099.1,RNVU1-2A
ENSG00000201098.1,RNY1
ENSG00000200138.1,RNY1P10
ENSG00000202354.1,RNY3
ENSG00000116747.13,RO60
ENSG00000185483.13,ROR1
ENSG00000102218.6,RP2
ENSG00000117748.10,RPA2
ENSG00000106399.11,RPA3
ENSG00000103494.16,RPGRIP1L
ENSG00000153574.9,RPIA
ENSG00000063177.13,RPL18
ENSG00000229585.4,RPL21P44
ENSG00000198242.14,RPL23A
ENSG00000224594.2,RPL29P19
ENSG00000235420.7,RPL29P30
ENSG00000240163.1,RPL36AP44
ENSG00000215905.4,RPL36P5
ENSG00000214289.2,RPL39P5
ENSG00000244052.1,RPL5P24
ENSG00000232393.1,RPL5P6
ENSG00000233518.1,RPL7P35
ENSG00000244705.1,RPLP0P10
ENSG00000118705.18,RPN2
ENSG00000148688.14,RPP30
ENSG00000105372.8,RPS19
ENSG00000241907.1,RPS20P4
ENSG00000243920.2,RPS26P24
ENSG00000244159.1,RPS27AP13
ENSG00000185088.14,RPS27L
ENSG00000108443.14,RPS6KB1
ENSG00000234371.6,RPSAP31
ENSG00000116954.8,RRAGC
ENSG00000228436.4,RRAGC-DT
ENSG00000025039.15,RRAGD
ENSG00000126458.4,RRAS
ENSG00000125844.17,RRBP1
ENSG00000048392.13,RRM2B
ENSG00000179041.4,RRS1
ENSG00000081019.14,RSBN1
ENSG00000187257.16,RSBN1L
ENSG00000100218.12,RSPH14
ENSG00000111834.13,RSPH4A
ENSG00000159579.14,RSPRY1
ENSG00000148484.18,RSU1
ENSG00000134590.14,RTL8C
ENSG00000115310.19,RTN4
ENSG00000145016.17,RUBCN
ENSG00000018189.13,RUFY3
ENSG00000198863.8,RUNDC1
ENSG00000108309.14,RUNDC3A
ENSG00000124813.23,RUNX2
ENSG00000183207.14,RUVBL2
ENSG00000204231.11,RXRB
ENSG00000259446.6,RYR3-DT
ENSG00000163191.6,S100A11
ENSG00000160307.10,S100B
ENSG00000213694.7,S1PR3
ENSG00000020577.14,SAMD4A
ENSG00000179134.16,SAMD4B
ENSG00000164105.4,SAP30
ENSG00000272870.4,SAP30-DT
ENSG00000164576.12,SAP30L
ENSG00000079332.15,SAR1A
ENSG00000205323.9,SARNP
ENSG00000133812.18,SBF2
ENSG00000126461.15,SCAF1
ENSG00000156304.15,SCAF4
ENSG00000173611.18,SCAI
ENSG00000252481.1,SCARNA13
ENSG00000275143.1,SCARNA16
ENSG00000238754.1,SCARNA18B
ENSG00000184178.17,SCFD2
ENSG00000104112.9,SCG3
ENSG00000151967.18,SCHIP1
ENSG00000142186.18,SCYL1
ENSG00000169439.12,SDC2
ENSG00000214161.3,SDC4P
ENSG00000073578.18,SDHA
ENSG00000140612.14,SEC11A
ENSG00000129657.16,SEC14L1
ENSG00000265808.4,SEC22B
ENSG00000093183.14,SEC22C
ENSG00000234707.5,SEC61G-DT
ENSG00000085415.16,SEH1L
ENSG00000131871.15,SELENOS
ENSG00000135622.13,SEMA4F
ENSG00000092421.17,SEMA6A
ENSG00000161956.13,SENP3
ENSG00000264672.6,SEPTIN4-AS1
ENSG00000122545.22,SEPTIN7
ENSG00000228878.10,SEPTIN7-DT
ENSG00000142864.15,SERBP1
ENSG00000132824.14,SERINC3
ENSG00000164300.17,SERINC5
ENSG00000120742.11,SERP1
ENSG00000167711.14,SERPINF2
ENSG00000163536.13,SERPINI1
ENSG00000179833.4,SERTAD2
ENSG00000203706.9,SERTAD4-AS1
ENSG00000149212.12,SESN3
ENSG00000139718.12,SETD1B
ENSG00000136169.17,SETDB2
ENSG00000168066.22,SF1
ENSG00000269038.1,SF1-DT
ENSG00000115128.7,SF3B6
ENSG00000156398.13,SFXN2
ENSG00000127990.19,SGCE
ENSG00000104205.16,SGK3
ENSG00000198964.14,SGMS1
ENSG00000226200.7,SGMS1-AS1
ENSG00000104969.11,SGTA
ENSG00000185437.16,SH3BGR
ENSG00000198478.8,SH3BGRL2
ENSG00000130147.16,SH3BP4
ENSG00000097033.15,SH3GLB1
ENSG00000156463.18,SH3RF2
ENSG00000169247.14,SH3TC2
ENSG00000250072.8,SH3TC2-DT
ENSG00000160691.19,SHC1
ENSG00000148082.10,SHC3
ENSG00000185634.12,SHC4
ENSG00000138606.20,SHF
ENSG00000164690.8,SHH
ENSG00000145642.12,SHISAL2B
ENSG00000160410.15,SHKBP1
ENSG00000253251.3,SHLD3
ENSG00000108061.13,SHOC2
ENSG00000168779.21,SHOX2
ENSG00000146414.17,SHPRH
ENSG00000158352.18,SHROOM4
ENSG00000181788.4,SIAH2
ENSG00000052723.12,SIKE1
ENSG00000184990.13,SIVA1
ENSG00000177045.11,SIX5
ENSG00000182628.13,SKA2
ENSG00000136603.15,SKIL
ENSG00000074803.21,SLC12A1
ENSG00000226419.8,SLC16A1-AS1
ENSG00000174327.7,SLC16A13
ENSG00000117479.15,SLC19A2
ENSG00000255004.1,SLC1A2-AS1
ENSG00000144136.11,SLC20A1
ENSG00000237753.2,SLC20A1-DT
ENSG00000163393.13,SLC22A15
ENSG00000197208.6,SLC22A4
ENSG00000148339.13,SLC25A25
ENSG00000171612.7,SLC25A33
ENSG00000224459.2,SLC25A34-AS1
ENSG00000114120.14,SLC25A36
ENSG00000181035.14,SLC25A42
ENSG00000091137.14,SLC26A4
ENSG00000143554.14,SLC27A3
ENSG00000259520.6,SLC28A2-AS1
ENSG00000117394.24,SLC2A1
ENSG00000227533.7,SLC2A1-DT
ENSG00000146411.6,SLC2A12
ENSG00000136856.18,SLC2A8
ENSG00000250413.1,SLC2A9-AS1
ENSG00000170385.10,SLC30A1
ENSG00000205060.11,SLC35B4
ENSG00000259224.3,SLC35G6
ENSG00000180773.15,SLC36A4
ENSG00000168003.19,SLC3A2
ENSG00000131389.18,SLC6A6
ENSG00000109062.12,SLC9A3R1
ENSG00000198689.13,SLC9A6
ENSG00000065923.10,SLC9A7
ENSG00000232803.1,SLCO4A1-AS1
ENSG00000246528.4,SLCO5A1-AS1
ENSG00000119906.13,SLF2
ENSG00000172123.13,SLFN12
ENSG00000166750.10,SLFN5
ENSG00000145147.20,SLIT2
ENSG00000164609.10,SLU7
ENSG00000149346.15,SLX4IP
ENSG00000137834.15,SMAD6
ENSG00000153147.6,SMARCA5
ENSG00000108604.18,SMARCD2
ENSG00000073584.20,SMARCE1
ENSG00000176994.11,SMCR8
ENSG00000184785.6,SMIM10
ENSG00000163683.12,SMIM14
ENSG00000255458.9,SMIM14-DT
ENSG00000186577.14,SMIM29
ENSG00000214046.9,SMIM7
ENSG00000135632.12,SMYD5
ENSG00000019549.13,SNAI2
ENSG00000092531.10,SNAP23
ENSG00000164975.16,SNAPC3
ENSG00000255717.9,SNHG1
ENSG00000247092.9,SNHG10
ENSG00000260260.3,SNHG19
ENSG00000266402.5,SNHG25
ENSG00000175061.20,SNHG29
ENSG00000229267.3,SNHG31
ENSG00000281398.4,SNHG4
ENSG00000206903.1,SNORA24B
ENSG00000212588.1,SNORA26
ENSG00000209582.1,SNORA48
ENSG00000277887.1,SNORA50C
ENSG00000201157.1,SNORA62
ENSG00000199753.1,SNORD104
ENSG00000200463.1,SNORD118
ENSG00000209042.1,SNORD12C
ENSG00000278527.1,SNORD22
ENSG00000275043.1,SNORD25
ENSG00000276788.1,SNORD26
ENSG00000275996.1,SNORD27
ENSG00000274544.1,SNORD28
ENSG00000238423.1,SNORD42B
ENSG00000277370.1,SNORD49A
ENSG00000277108.1,SNORD49B
ENSG00000206630.1,SNORD60
ENSG00000277512.1,SNORD65
ENSG00000265236.1,SNORD84
ENSG00000060688.13,SNRNP40
ENSG00000168566.13,SNRNP48
ENSG00000104852.15,SNRNP70
ENSG00000223550.1,SNRPBP1
ENSG00000168807.17,SNTB2
ENSG00000002919.15,SNX11
ENSG00000178996.14,SNX18
ENSG00000143376.14,SNX27
ENSG00000226609.2,SNX30-DT
ENSG00000285427.1,SOD2-OT1
ENSG00000159140.23,SON
ENSG00000140263.15,SORD
ENSG00000181449.4,SOX2
ENSG00000242808.12,SOX2-OT
ENSG00000124766.7,SOX4
ENSG00000125398.8,SOX9
ENSG00000167182.16,SP2
ENSG00000264920.4,SP2-DT
ENSG00000164651.18,SP8
ENSG00000235387.5,SPAAR
ENSG00000091640.8,SPAG7
ENSG00000008294.22,SPAG9
ENSG00000113140.11,SPARC
ENSG00000120664.11,SPART-AS1
ENSG00000021574.14,SPAST
ENSG00000122432.19,SPATA1
ENSG00000132122.12,SPATA6
ENSG00000261033.1,SPECC1-DT
ENSG00000179743.4,SPEN-AS1
ENSG00000104133.16,SPG11
ENSG00000121067.19,SPOP
ENSG00000188766.13,SPRED3
ENSG00000111412.6,SPRING1
ENSG00000231185.9,SPRY4-AS1
ENSG00000115306.16,SPTBN1
ENSG00000238018.2,SPTBN1-AS2
ENSG00000160460.17,SPTBN4
ENSG00000100596.8,SPTLC2
ENSG00000172296.13,SPTLC3
ENSG00000249700.9,SRD5A3-AS1
ENSG00000112658.8,SRF
ENSG00000227929.4,SRGAP3-AS3
ENSG00000235830.2,SRGAP3-AS4
ENSG00000215448.3,SRMP1
ENSG00000140319.11,SRP14
ENSG00000248508.10,SRP14-DT
ENSG00000174780.17,SRP72
ENSG00000143742.14,SRP9
ENSG00000102359.9,SRPX2
ENSG00000136450.13,SRSF1
ENSG00000154548.9,SRSF12
ENSG00000116350.18,SRSF4
ENSG00000141298.19,SSH2
ENSG00000165120.5,SSMEM1
ENSG00000225259.4,ST13P6
ENSG00000008513.16,ST3GAL1
ENSG00000261220.3,ST3GAL1-DT
ENSG00000110080.20,ST3GAL4
ENSG00000227199.1,ST7-AS1
ENSG00000066923.18,STAG3
ENSG00000260589.1,STAM-DT
ENSG00000178078.12,STAP2
ENSG00000010270.14,STARD3NL
ENSG00000164211.13,STARD4
ENSG00000159433.12,STARD9
ENSG00000168610.16,STAT3
ENSG00000113739.11,STC2
ENSG00000105889.16,STEAP1B
ENSG00000072786.13,STK10
ENSG00000104375.17,STK3
ENSG00000250343.1,STK32A-AS1
ENSG00000112079.9,STK38
ENSG00000196182.11,STK40
ENSG00000067221.14,STOML1
ENSG00000243244.7,STON1
ENSG00000068781.21,STON1-GTF2A1L
ENSG00000001460.18,STPG1
ENSG00000117758.14,STX12
ENSG00000248221.1,STX18-IT1
ENSG00000170310.15,STX8
ENSG00000116266.11,STXBP3
ENSG00000166263.13,STXBP4
ENSG00000164506.16,STXBP5
ENSG00000227203.3,SUB1P1
ENSG00000107882.12,SUFU
ENSG00000228976.1,SUMO2P8
ENSG00000139531.13,SUOX
ENSG00000196284.17,SUPT3H
ENSG00000185518.12,SV2B
ENSG00000177868.12,SVBP
ENSG00000173928.4,SWSAP1
ENSG00000116668.13,SWT1
ENSG00000248050.1,SYBU-AS1
ENSG00000125755.19,SYMPK
ENSG00000105467.9,SYNGR4
ENSG00000233496.1,SYNJ2-IT1
ENSG00000275066.5,SYNRG
ENSG00000265683.1,SYPL1P2
ENSG00000162298.19,SYVN1
ENSG00000013810.21,TACC3
ENSG00000115353.11,TACR1
ENSG00000120656.14,TAF12
ENSG00000270647.7,TAF15
ENSG00000267369.1,TAF5LP1
ENSG00000115183.15,TANC1
ENSG00000170921.16,TANC2
ENSG00000224467.1,TANK-AS1
ENSG00000160551.12,TAOK1
ENSG00000135090.14,TAOK3
ENSG00000204267.19,TAP2
ENSG00000113407.14,TARS1
ENSG00000249572.3,TARS1-DT
ENSG00000185418.16,TARS3
ENSG00000221855.1,TAS2R41
ENSG00000260886.2,TAT-AS1
ENSG00000169221.14,TBC1D10B
ENSG00000104946.14,TBC1D17
ENSG00000156787.17,TBC1D31
ENSG00000136111.14,TBC1D4
ENSG00000124659.7,TBCC
ENSG00000113838.13,TBCCD1
ENSG00000285053.1,TBCE
ENSG00000106638.18,TBL2
ENSG00000198420.10,TCAF1
ENSG00000116205.14,TCEANC2
ENSG00000070814.22,TCOF1
ENSG00000124678.20,TCP11
ENSG00000119977.22,TCTN3
ENSG00000111802.14,TDP2
ENSG00000203288.6,TDRKH-AS1
ENSG00000167858.13,TEKT1
ENSG00000009694.14,TENM1
ENSG00000112941.14,TENT4A
ENSG00000112773.16,TENT5A
ENSG00000183508.5,TENT5C
ENSG00000236866.5,TENT5C-DT
ENSG00000159648.13,TEPP
ENSG00000167302.11,TEPSIN
ENSG00000147601.15,TERF1
ENSG00000107140.16,TESK1
ENSG00000070759.17,TESK2
ENSG00000138336.9,TET1
ENSG00000108064.11,TFAM
ENSG00000285278.1,TFAP2A-AS2
ENSG00000029639.11,TFB1M
ENSG00000068323.17,TFE3
ENSG00000072274.14,TFRC
ENSG00000092969.12,TGFB2
ENSG00000163513.19,TGFBR2
ENSG00000129028.9,THAP10
ENSG00000168286.3,THAP11
ENSG00000173451.7,THAP2
ENSG00000041988.16,THAP3
ENSG00000174796.12,THAP6
ENSG00000168152.13,THAP9
ENSG00000137801.11,THBS1
ENSG00000249693.3,THEGL
ENSG00000185875.13,THNSL1
ENSG00000090534.20,THPO
ENSG00000151923.18,TIAL1
ENSG00000237594.2,TIAM1-AS1
ENSG00000164296.7,TIGD6
ENSG00000104980.8,TIMM44
ENSG00000075131.10,TIPIN
ENSG00000160606.11,TLCD1
ENSG00000233926.2,TLE1-DT
ENSG00000140332.18,TLE3
ENSG00000106829.21,TLE4
ENSG00000095587.9,TLL2
ENSG00000137076.22,TLN1
ENSG00000136869.16,TLR4
ENSG00000169908.12,TM4SF1
ENSG00000240541.3,TM4SF1-AS1
ENSG00000169903.7,TM4SF4
ENSG00000230927.3,TMBIM7P
ENSG00000133069.17,TMCC2
ENSG00000215367.11,TMED11P
ENSG00000158604.15,TMED4
ENSG00000117500.13,TMED5
ENSG00000251201.8,TMED7-TICAM2
ENSG00000184840.12,TMED9
ENSG00000106460.20,TMEM106B
ENSG00000256944.1,TMEM109-DT
ENSG00000171204.13,TMEM126B
ENSG00000166575.17,TMEM135
ENSG00000231840.2,TMEM139-AS1
ENSG00000161558.11,TMEM143
ENSG00000178233.18,TMEM151B
ENSG00000130748.7,TMEM160
ENSG00000134851.13,TMEM165
ENSG00000205269.6,TMEM170B
ENSG00000002933.9,TMEM176A
ENSG00000151353.15,TMEM18
ENSG00000233296.2,TMEM18-DT
ENSG00000150433.10,TMEM218
ENSG00000106771.13,TMEM245
ENSG00000205544.4,TMEM256
ENSG00000262481.5,TMEM256-PLSCR3
ENSG00000226726.1,TMEM256P2
ENSG00000182087.14,TMEM259
ENSG00000291317.1,TMEM276
ENSG00000072954.7,TMEM38A
ENSG00000170876.8,TMEM43
ENSG00000145014.18,TMEM44
ENSG00000126106.14,TMEM53
ENSG00000116209.12,TMEM59
ENSG00000135211.6,TMEM60
ENSG00000164983.9,TMEM65
ENSG00000175606.11,TMEM70
ENSG00000165071.15,TMEM71
ENSG00000103978.17,TMEM87A
ENSG00000153214.11,TMEM87B
ENSG00000109084.14,TMEM97
ENSG00000121933.19,TMIGD3
ENSG00000166682.13,TMPRSS5
ENSG00000034510.6,TMSB10
ENSG00000158427.15,TMSB15B
ENSG00000231728.5,TMSB15B-AS1
ENSG00000179104.9,TMTC2
ENSG00000139324.12,TMTC3
ENSG00000168591.16,TMUB2
ENSG00000125827.9,TMX4
ENSG00000041982.17,TNC
ENSG00000185215.11,TNFAIP2
ENSG00000145779.8,TNFAIP8
ENSG00000146072.6,TNFRSF21
ENSG00000121858.11,TNFSF10
ENSG00000154310.17,TNIK
ENSG00000174292.13,TNK1
ENSG00000100354.21,TNRC6B
ENSG00000261202.2,TNRC6B-DT
ENSG00000229980.5,TOB1-AS1
ENSG00000198718.13,TOGARAM1
ENSG00000175662.18,TOM1L2
ENSG00000130204.13,TOMM40
ENSG00000158882.15,TOMM40L
ENSG00000154174.8,TOMM70
ENSG00000198900.7,TOP1
ENSG00000131747.15,TOP2A
ENSG00000177302.15,TOP3A
ENSG00000160404.18,TOR2A
ENSG00000167912.8,TOX-DT
ENSG00000141510.18,TP53
ENSG00000067369.14,TP53BP1
ENSG00000172315.6,TP53RK
ENSG00000271784.1,TP53RK-DT
ENSG00000182165.20,TP53TG1
ENSG00000186815.13,TPCN1
ENSG00000141933.9,TPGS1
ENSG00000137364.5,TPMT
ENSG00000234076.2,TPRG1-AS1
ENSG00000133112.17,TPT1
ENSG00000136527.19,TRA2B
ENSG00000186854.11,TRABD2A
ENSG00000076604.16,TRAF4
ENSG00000131653.14,TRAF7
ENSG00000113597.18,TRAPPC13
ENSG00000256060.3,TRAPPC2B
ENSG00000007255.10,TRAPPC6A
ENSG00000276405.1,TRBV13
ENSG00000211749.1,TRBV23-1
ENSG00000211753.4,TRBV28
ENSG00000211728.2,TRBV5-6
ENSG00000283063.1,TRBV6-2
ENSG00000211724.3,TRBV6-6
ENSG00000211707.3,TRBV7-1
ENSG00000243889.1,TRBV8-1
ENSG00000213689.14,TREX1
ENSG00000249978.1,TRGV7
ENSG00000211695.2,TRGV9
ENSG00000173334.4,TRIB1
ENSG00000071575.12,TRIB2
ENSG00000154370.16,TRIM11
ENSG00000122779.18,TRIM24
ENSG00000204713.11,TRIM27
ENSG00000119401.11,TRIM32
ENSG00000108395.14,TRIM37
ENSG00000167333.13,TRIM68
ENSG00000185880.13,TRIM69
ENSG00000125733.18,TRIP10
ENSG00000136932.15,TRMO
ENSG00000121486.12,TRMT1L
ENSG00000144935.17,TRPC1
ENSG00000149743.14,TRPT1
ENSG00000170892.13,TSEN34
ENSG00000102904.15,TSNAXIP1
ENSG00000108219.16,TSPAN14
ENSG00000005379.17,TSPOAP1
ENSG00000128881.18,TTBK2
ENSG00000143643.13,TTC13
ENSG00000011295.16,TTC19
ENSG00000103852.13,TTC23
ENSG00000182670.14,TTC3
ENSG00000113638.14,TTC33
ENSG00000155158.20,TTC39B
ENSG00000214198.8,TTC41P
ENSG00000174521.8,TTC9B
ENSG00000116830.12,TTF2
ENSG00000114999.8,TTL
ENSG00000137941.17,TTLL7
ENSG00000196230.14,TUBB
ENSG00000229298.1,TUBB8P1
ENSG00000108423.15,TUBD1
ENSG00000074935.14,TUBE1
ENSG00000131462.9,TUBG1
ENSG00000037042.9,TUBG2
ENSG00000275835.5,TUBGCP5
ENSG00000143367.17,TUFT1
ENSG00000149016.16,TUT1
ENSG00000223584.1,TVP23CP1
ENSG00000128791.12,TWSG1
ENSG00000264964.2,TWSG1-DT
ENSG00000136810.13,TXN
ENSG00000117862.13,TXNDC12
ENSG00000087301.9,TXNDC16
ENSG00000265972.6,TXNIP
ENSG00000176890.16,TYMS
ENSG00000176912.7,TYMSOS
ENSG00000161265.15,U2AF1L4
ENSG00000212551.2,U3
ENSG00000212195.2,U3
ENSG00000283372.1,U6
ENSG00000137831.15,UACA
ENSG00000117143.14,UAP1
ENSG00000259788.1,UAP1-DT
ENSG00000033178.13,UBA6
ENSG00000248049.8,UBA6-DT
ENSG00000154127.10,UBASH3B
ENSG00000250384.1,UBE2CP3
ENSG00000236153.1,UBE2E3-DT
ENSG00000132388.13,UBE2G1
ENSG00000160714.10,UBE2Q1
ENSG00000189136.10,UBE2Q2P1
ENSG00000291027.1,UBE2Q2P1
ENSG00000077152.12,UBE2T
ENSG00000104343.21,UBE2W
ENSG00000159202.18,UBE2Z
ENSG00000130939.20,UBE4B
ENSG00000122042.10,UBL3
ENSG00000138629.16,UBL7
ENSG00000247240.10,UBL7-DT
ENSG00000188021.9,UBQLN2
ENSG00000024048.11,UBR2
ENSG00000246263.4,UBR5-DT
ENSG00000168246.6,UBTD2
ENSG00000108312.16,UBTF
ENSG00000163960.12,UBXN7
ENSG00000118939.18,UCHL3
ENSG00000198276.16,UCKL1
ENSG00000145040.4,UCN2
ENSG00000249348.2,UGDH-AS1
ENSG00000169764.16,UGP2
ENSG00000087206.17,UIMC1
ENSG00000131019.11,ULBP3
ENSG00000168038.11,ULK4
ENSG00000198722.15,UNC13B
ENSG00000107731.12,UNC5B
ENSG00000132478.10,UNK
ENSG00000127540.12,UQCR11
ENSG00000173660.12,UQCRH
ENSG00000164405.11,UQCRQ
ENSG00000176542.10,USF3
ENSG00000138768.15,USO1
ENSG00000058056.10,USP13
ENSG00000155313.16,USP25
ENSG00000140455.17,USP3
ENSG00000135913.11,USP37
ENSG00000109189.13,USP46
ENSG00000248866.1,USP46-DT
ENSG00000111667.14,USP5
ENSG00000111962.8,UST
ENSG00000236591.1,UST-AS2
ENSG00000147679.12,UTP23
ENSG00000108651.10,UTP6
ENSG00000188958.10,UTS2B
ENSG00000198382.9,UVRAG
ENSG00000139190.17,VAMP1
ENSG00000173218.15,VANGL1
ENSG00000124164.16,VAPB
ENSG00000116035.4,VAX2
ENSG00000165280.18,VCP
ENSG00000175073.8,VCPIP1
ENSG00000165637.14,VDAC2
ENSG00000236404.12,VLDLR-AS1
ENSG00000187650.4,VMAC
ENSG00000112303.14,VNN2
ENSG00000128218.8,VPREB3
ENSG00000197969.14,VPS13A
ENSG00000129003.19,VPS13C
ENSG00000259251.2,VPS13C-DT
ENSG00000122958.15,VPS26A
ENSG00000069329.18,VPS35
ENSG00000132612.16,VPS4A
ENSG00000004766.17,VPS50
ENSG00000156931.16,VPS8
ENSG00000116874.12,WARS2
ENSG00000231365.7,WARS2-AS1
ENSG00000158195.11,WASF2
ENSG00000239779.7,WBP1
ENSG00000166272.18,WBP1L
ENSG00000139668.9,WDFY2
ENSG00000227165.10,WDR11-DT
ENSG00000138442.11,WDR12
ENSG00000157796.18,WDR19
ENSG00000065183.16,WDR3
ENSG00000136918.8,WDR38
ENSG00000075702.19,WDR62
ENSG00000167716.19,WDR81
ENSG00000214102.7,WEE2
ENSG00000070540.13,WIPI1
ENSG00000141499.18,WRAP53
ENSG00000165392.11,WRN
ENSG00000109046.15,WSB1
ENSG00000123124.14,WWP1
ENSG00000132530.17,XAF1
ENSG00000254357.1,XKR4-AS1
ENSG00000158156.9,XKR8
ENSG00000221947.8,XKR9
ENSG00000136936.11,XPA
ENSG00000228242.6,XPC-AS1
ENSG00000108039.18,XPNPEP1
ENSG00000082898.19,XPO1
ENSG00000143324.14,XPR1
ENSG00000126215.14,XRCC3
ENSG00000173950.16,XXYLT1
ENSG00000065978.19,YBX1
ENSG00000163872.16,YEATS2
ENSG00000105248.16,YJU2
ENSG00000104957.14,YJU2B
ENSG00000175155.11,YPEL2
ENSG00000119801.13,YPEL5
ENSG00000083896.13,YTHDC1
ENSG00000166913.13,YWHAB
ENSG00000170027.7,YWHAG
ENSG00000134308.14,YWHAQ
ENSG00000164924.18,YWHAZ
ENSG00000201405.1,Y_RNA
ENSG00000206858.1,Y_RNA
ENSG00000201867.1,Y_RNA
ENSG00000207132.1,Y_RNA
ENSG00000200390.1,Y_RNA
ENSG00000207305.1,Y_RNA
ENSG00000201501.1,Y_RNA
ENSG00000251799.1,Y_RNA
ENSG00000206814.1,Y_RNA
ENSG00000200334.1,Y_RNA
ENSG00000199290.1,Y_RNA
ENSG00000201354.1,Y_RNA
ENSG00000277604.1,Y_RNA
ENSG00000207329.1,Y_RNA
ENSG00000207371.1,Y_RNA
ENSG00000250802.7,ZBED3-AS1
ENSG00000100426.7,ZBED4
ENSG00000236287.8,ZBED5
ENSG00000247271.9,ZBED5-AS1
ENSG00000246350.1,ZBED9-AS1
ENSG00000205189.12,ZBTB10
ENSG00000179456.12,ZBTB18
ENSG00000181722.18,ZBTB20
ENSG00000185670.9,ZBTB3
ENSG00000185278.16,ZBTB37
ENSG00000174282.12,ZBTB4
ENSG00000114853.15,ZBTB47
ENSG00000168795.5,ZBTB5
ENSG00000165424.7,ZCCHC24
ENSG00000147905.18,ZCCHC7
ENSG00000078487.18,ZCWPW1
ENSG00000206559.8,ZCWPW2
ENSG00000160446.19,ZDHHC12
ENSG00000223478.2,ZDHHC12-DT
ENSG00000175048.17,ZDHHC14
ENSG00000156599.11,ZDHHC5
ENSG00000086666.19,ZFAND6
ENSG00000091656.19,ZFHX4
ENSG00000152518.8,ZFP36L2
ENSG00000169946.14,ZFPM2
ENSG00000100711.14,ZFYVE21
ENSG00000259305.6,ZHX1-C8orf76
ENSG00000198315.11,ZKSCAN8
ENSG00000197056.11,ZMYM1
ENSG00000121741.17,ZMYM2
ENSG00000132950.19,ZMYM5
ENSG00000163867.17,ZMYM6
ENSG00000103994.18,ZNF106
ENSG00000131849.14,ZNF132
ENSG00000269473.1,ZNF132-DT
ENSG00000154957.14,ZNF18
ENSG00000096654.16,ZNF184
ENSG00000165512.5,ZNF22
ENSG00000165511.6,ZNF22-AS1
ENSG00000167380.17,ZNF226
ENSG00000198169.9,ZNF251
ENSG00000213096.11,ZNF254
ENSG00000198839.10,ZNF277
ENSG00000198026.8,ZNF335
ENSG00000130684.14,ZNF337
ENSG00000213742.8,ZNF337-AS1
ENSG00000196693.15,ZNF33B
ENSG00000230753.6,ZNF341-AS1
ENSG00000160908.15,ZNF394
ENSG00000133250.14,ZNF414
ENSG00000083817.9,ZNF416
ENSG00000131116.12,ZNF428
ENSG00000219665.8,ZNF433-AS1
ENSG00000125945.15,ZNF436
ENSG00000249087.9,ZNF436-AS1
ENSG00000197857.16,ZNF44
ENSG00000171295.13,ZNF440
ENSG00000197044.11,ZNF441
ENSG00000197714.9,ZNF460
ENSG00000267871.6,ZNF460-AS1
ENSG00000148143.13,ZNF462
ENSG00000196263.8,ZNF471
ENSG00000165655.17,ZNF503
ENSG00000168813.17,ZNF507
ENSG00000275763.3,ZNF516-DT
ENSG00000171443.7,ZNF524
ENSG00000189164.15,ZNF527
ENSG00000178229.8,ZNF543
ENSG00000152433.15,ZNF547
ENSG00000167785.9,ZNF558
ENSG00000249709.8,ZNF564
ENSG00000168916.16,ZNF608
ENSG00000213020.10,ZNF611
ENSG00000224547.1,ZNF619P1
ENSG00000197566.10,ZNF624
ENSG00000121864.10,ZNF639
ENSG00000122482.22,ZNF644
ENSG00000167395.10,ZNF646
ENSG00000248714.7,ZNF652-AS1
ENSG00000143373.18,ZNF687
ENSG00000232671.8,ZNF687-AS1
ENSG00000164011.18,ZNF691
ENSG00000228192.10,ZNF691-DT
ENSG00000143067.5,ZNF697
ENSG00000196757.8,ZNF700
ENSG00000164684.13,ZNF704
ENSG00000186230.7,ZNF749
ENSG00000204946.10,ZNF783
ENSG00000197362.15,ZNF786
ENSG00000198556.14,ZNF789
ENSG00000197863.9,ZNF790
ENSG00000196466.10,ZNF799
ENSG00000198482.14,ZNF808
ENSG00000180257.14,ZNF816
ENSG00000221874.4,ZNF816-ZNF321P
ENSG00000197933.13,ZNF823
ENSG00000152475.7,ZNF837
ENSG00000106479.11,ZNF862
ENSG00000261221.4,ZNF865
ENSG00000257446.4,ZNF878
ENSG00000213793.6,ZNF888
ENSG00000269646.1,ZNF888-AS1
ENSG00000117174.11,ZNHIT6
ENSG00000180233.11,ZNRF2
ENSG00000177993.3,ZNRF3-AS1
ENSG00000121903.15,ZSCAN20
ENSG00000168612.5,ZSWIM1
ENSG00000132801.7,ZSWIM3
ENSG00000132003.10,ZSWIM4
ENSG00000130449.6,ZSWIM6
ENSG00000214941.8,ZSWIM7
ENSG00000214655.11,ZSWIM8
ENSG00000159840.16,ZYX
