"gene_id","gene_name","log2FC_expr","regulation","YAF_1","YAF_2","YAF_3","GFP_1","GFP_2","GFP_3","YAF_avg","GFP_avg","log2FC_binding"
"ENSG00000007216","SLC13A2",5.2835875244014,"Upregulated",19.9877552115298,32.1492778359586,29.0094862225689,57.9023359464907,45.8109270647374,62.4348982273306,27.0488397566858,55.3827204128529,-1.03114798343181
"ENSG00000007314","SCN4A",6.76856683496698,"Upregulated",24.6463802301884,61.989738194566,51.0935531931374,90.1917821383867,45.3925153069444,92.9223317075367,45.9098905392973,76.1688763842893,-0.729150421528814
"ENSG00000010282","HHATL",4.5688603793278,"Upregulated",17.1843067425287,25.0891917596889,23.4458994081428,39.4841777928944,18.9291733305354,30.847464534492,21.9064659701202,29.7536052193073,-0.439977685917722
"ENSG00000012124","CD22",2.00324821505001,"Upregulated",48.7897288083106,44.2852587473534,47.7232718486147,53.5157949468507,25.6326199349413,59.2686577963939,46.9327531347596,46.139024226062,0.0245548318255745
"ENSG00000043462","LCP2",3.00863338111831,"Upregulated",26.2884966496092,21.1999196257085,18.9289652395923,18.7230882560549,23.5158529771587,20.4815768282464,22.1391271716367,20.90683935382,0.0822410537272165
"ENSG00000049089","COL9A2",1.12563194887955,"Upregulated",13.082502795472,21.7076144079829,20.0440741440035,30.2115341910881,29.1996222037487,21.1599689167121,18.2780637824862,26.8570417705163,-0.552677406030249
"ENSG00000062038","CDH3",2.19655013358796,"Upregulated",25.5726796884497,18.8245962722451,22.2279783221001,17.6083456522493,17.4749030804995,23.1615745189943,22.208418094265,19.4149410839144,0.19300910742966
"ENSG00000069122","ADGRF5",6.41948190758228,"Upregulated",8.03434865015099,12.1676423078881,12.667183004826,13.2448783027992,10.8175407734609,15.8752660289996,10.956391320955,13.3125617017532,-0.278704224499556
"ENSG00000085117","CD82",2.87914202389699,"Upregulated",16.7913146967238,30.3028019983834,32.2969844805169,30.3981776063301,22.8506005934307,35.4610883487122,26.4637003918747,29.5699555161577,-0.159546631984144
"ENSG00000088340","FER1L4",1.51886468634416,"Upregulated",12.6893671183359,17.4931759956208,15.8114610680882,15.4779737597784,14.8438890997607,11.5624201376281,15.3313347273483,13.9614276657224,0.134119773062063
"ENSG00000090530","P3H2",2.11364610242148,"Upregulated",27.4443910336494,18.1485689295319,22.5193008028458,11.9812040059953,20.0303555178326,16.1313572649686,22.704086922009,16.0476389295989,0.49796917288484
"ENSG00000100558","PLEK2",1.72233250386787,"Upregulated",10.5452917591731,9.55638283112565,6.26815540582762,8.59525177136872,9.26366111403936,10.7338943168195,8.78994333204211,9.53093573407585,-0.115501753199526
"ENSG00000104419","NDRG1",2.26498318434522,"Upregulated",22.0391878754485,23.2089685471643,30.9311726158208,13.2576258318466,12.9806842280244,12.9608369570512,25.3931096794779,13.0663823389741,0.953248367788568
"ENSG00000104611","SH2D4A",1.46969768122729,"Upregulated",17.0871536313563,14.2834493263341,18.8312385645509,22.4549292879847,23.9834835235278,24.320897590816,16.7339471740804,23.5864368007762,-0.492687692135141
"ENSG00000106351","AGFG2",2.11728620762355,"Upregulated",52.7867720265319,62.834878757184,86.7183849602415,78.5066343650625,60.3942699438179,116.523768396939,67.4466785813191,85.1415575686063,-0.335672124067094
"ENSG00000106789","CORO2A",2.97544431065461,"Upregulated",34.3434343285657,31.0875186457166,23.4565423559819,38.2039412345587,29.5629781775854,37.9076150414857,29.6291651100881,35.2248448178766,-0.24880427448085
"ENSG00000108370","RGS9",1.13183338217201,"Upregulated",37.4533777351423,27.7265708911522,31.4800231646924,18.7064237457183,27.1173428689085,25.2328337778166,32.2199905969956,23.6855334641478,0.442342395798588
"ENSG00000112139","MDGA1",1.23510477934964,"Upregulated",20.3341728884833,28.6602538267902,24.947825560282,43.2240547609432,35.5322515314276,46.9308471155578,24.6474174251852,41.8957178026428,-0.762964250197449
"ENSG00000112195","TREML2",5.59649310504083,"Upregulated",12.1020411420159,14.1961600515488,18.2190844660782,19.6469088627742,19.7768892857336,23.0056236961184,14.839095219881,20.8098072815421,-0.485086990622873
"ENSG00000112414","ADGRG6",1.68085593670689,"Upregulated",17.1210171979407,23.0123574903226,28.917930842051,16.2075084025497,17.1649074642919,23.2340718255205,23.0171018434381,18.8688292307873,0.285329903285782
"ENSG00000113645","WWC1",2.29487151517644,"Upregulated",35.2680077299229,28.1311359520544,27.6124943535502,20.0686272499038,13.695774393631,24.167774887097,30.3372126785092,19.3107255102106,0.648982206153691
"ENSG00000115255","REEP6",2.19976413719656,"Upregulated",9.25097762118094,31.414611419984,28.1834433253218,63.1156383729996,38.8178124502691,81.0578298864157,22.9496774554956,60.9970935698948,-1.40635718918128
"ENSG00000115257","PCSK4",1.23117641147224,"Upregulated",12.4708977350752,36.5666103833864,32.0030824808847,64.729734522601,47.1778278384728,82.6156429423661,27.0135301997821,64.84106843448,-1.26011815530653
"ENSG00000115556","PLCD4",1.10556142500919,"Upregulated",45.909982910434,27.210125419134,46.2276140226351,36.4361511636663,29.6928013080045,39.1182302077611,39.782574117401,35.0823942264773,0.180904863559103
"ENSG00000124107","SLPI",5.68546102656026,"Upregulated",18.1461771655891,17.3052800730802,18.0151989621537,18.8528168269039,26.4450382819681,20.5452682164611,17.8222187336077,21.9477077751111,-0.298879420388806
"ENSG00000124143","ARHGAP40",5.3426807748457,"Upregulated",13.0718192509983,27.4325588174875,22.6313073796195,21.1363616383191,16.016558646361,19.7076341882348,21.0452284827018,18.9535181576383,0.15027473903686
"ENSG00000125148","MT2A",2.05704975925516,"Upregulated",42.5901182055473,39.0000139269819,44.131626628836,30.9801785599472,28.2612920860027,41.4389645059903,41.9072529204551,33.5601450506467,0.319597049700133
"ENSG00000125910","S1PR4",3.91017261620112,"Upregulated",28.736394989696,37.4497209543894,33.1888534312613,49.6070711152236,28.6456296413056,58.5732584968209,33.1249897917823,45.6086530844501,-0.460198550843838
"ENSG00000128510","CPA4",4.8560763398608,"Upregulated",59.2349837134744,37.9999279441505,51.8272768127716,12.7029397386493,17.0829127477972,12.0128698437912,49.6873961567988,13.9329074434126,1.82696661716913
"ENSG00000129422","MTUS1",2.39205263185934,"Upregulated",18.0009965472751,7.11875251970143,9.51262196229429,9.61483806289814,9.69447509620501,12.9851577668673,11.5441236764236,10.7648236419901,0.0999373111795835
"ENSG00000130270","ATP8B3",1.24842845049112,"Upregulated",31.2068174555898,70.9150240588695,73.5267150632797,94.6995948787428,50.4182806868179,125.51998681854,58.5495188592463,90.2126207947004,-0.622808339209964
"ENSG00000133055","MYBPH",6.23072143033462,"Upregulated",25.491404699277,29.9398536241408,27.0447129883148,41.0693867760045,28.1620703503705,47.7830149911647,27.4919904372442,39.0048240391799,-0.503097057977011
"ENSG00000134061","CD180",1.75258728398756,"Upregulated",15.3915829826485,18.9154000595996,17.6923850199632,10.9813257323371,11.4754045861108,19.2751339659001,17.3331226874038,13.910621428116,0.315310067059353
"ENSG00000134955","SLC37A2",2.02449796435938,"Upregulated",22.7756034202576,23.3371234400231,17.6229047188392,35.796193207431,27.638798411168,33.8759624419674,21.2452105263733,32.4369846868555,-0.608168165884384
"ENSG00000135424","ITGA7",1.12030092000571,"Upregulated",32.1407331522689,27.4041996628551,33.7632890939713,27.7739773448557,14.793481721374,19.9454234726727,31.1027406363651,20.8376275129675,0.575574774474559
"ENSG00000135480","KRT7",1.15445159046603,"Upregulated",18.4462134134078,26.2071245923827,31.6170063682224,29.1293571567952,25.6133503820747,37.0594792941521,25.423448124671,30.6007289443407,-0.266449665603299
"ENSG00000137709","POU2F3",3.02738299224472,"Upregulated",34.1663905937225,27.3786983245458,33.5686855007862,53.6211685599952,46.0607791218399,60.5413568200184,31.7045914730182,53.4077681672845,-0.750513299386643
"ENSG00000137975","CLCA2",3.69895041630164,"Upregulated",13.5589698569797,10.6716830420589,12.855132137537,5.46509703736246,15.5393789662492,12.9948340009559,12.3619283455252,11.3331033348559,0.124310273298475
"ENSG00000138100","TRIM54",2.65342743723196,"Upregulated",16.6252298075141,24.2612022898918,22.9048629554835,42.0425073914398,32.7775746290596,37.6114572268813,21.2637650176298,37.4771797491269,-0.8146908722805
"ENSG00000138131","LOXL4",1.4720208163927,"Upregulated",30.1404109186596,42.2850922989546,37.3549826759126,37.9432954835264,16.1529260612804,43.4725645102304,36.5934952978423,32.5229286850124,0.169638033253649
"ENSG00000140416","TPM1",2.07753311953388,"Upregulated",10.1686723419598,28.1076614026981,22.473079316113,38.4804045224594,27.9430434187436,33.9102963047777,20.2498043535903,33.4445814153269,-0.721064816944172
"ENSG00000140451","PIF1",1.09272935509443,"Upregulated",29.2623451058612,21.7237711477603,25.5236163798289,31.8394196812184,23.4248454788375,36.9146870421736,25.5032442111501,30.7263174007431,-0.2678359242466
"ENSG00000140481","CCDC33",1.0795463477534,"Upregulated",35.4752312314052,47.5193585368341,48.0354624458506,36.4057558408955,23.0247440056261,38.6571851917821,43.6766840713633,32.6958950127679,0.416647432319809
"ENSG00000140798","ABCC12",6.39030113622451,"Upregulated",14.1383790969849,30.6810972013848,35.9768185022073,31.5107682221108,25.3578734383171,32.1401430923962,26.932098266859,29.669594917608,-0.139166090497039
"ENSG00000142224","IL19",3.59431602348765,"Upregulated",35.9453998992548,26.8923281319121,26.2958889157273,26.6923084115541,29.8392341907736,23.1627892649399,29.7112056489647,26.5647772890892,0.160919444832034
"ENSG00000142910","TINAGL1",4.5268022134883,"Upregulated",41.7868838481384,63.1064652450814,56.5037888288498,59.6963061634292,35.8837665915489,47.5465131869986,53.7990459740232,47.7088619806589,0.172981672287375
"ENSG00000143318","CASQ1",1.98239461262911,"Upregulated",19.0432714097547,21.6612779327801,28.6652268417611,35.7928192516168,27.343508616382,34.3686258350562,23.1232587280986,32.5016512343517,-0.489374609184048
"ENSG00000143554","SLC27A3",1.00264322485028,"Upregulated",25.6636741606312,35.072573463122,35.8849462897091,53.8312789760374,38.4225586002988,55.6043416256467,32.2070646378208,49.2860597339943,-0.612254192042988
"ENSG00000144488","ESPNL",5.08113838203695,"Upregulated",21.016729131341,30.7921997786574,25.2944435790528,36.9128226282351,20.2004119921476,30.0850481666257,25.7011241630171,29.0660942623361,-0.176858276945197
"ENSG00000144583","MARCHF4",2.66634625580499,"Upregulated",15.6098028357853,17.8524140910717,19.635557503941,17.5911180790265,17.6010848503785,16.2734476490134,17.6992581435993,17.1552168594728,0.0447845069308404
"ENSG00000145569","OTULINL",2.29493939833777,"Upregulated",13.0682987416784,19.8514446638366,17.2049502570455,22.479538697572,17.9122681534374,31.918818419077,16.7082312208535,24.1035417566954,-0.526050262079314
"ENSG00000146215","CRIP3",2.34791842952232,"Upregulated",14.6111605834523,13.23420697109,15.0145410564897,24.1782759346597,26.1169628869486,27.9858289370461,14.2866362036774,26.0936892528848,-0.864489961259684
"ENSG00000147394","ZNF185",2.46415852994171,"Upregulated",13.7972505633692,21.6060082891531,19.4818758339698,34.5772836080817,13.811772834101,29.1326005339623,18.2950448954974,25.8405523253817,-0.495892000331808
"ENSG00000149968","MMP3",5.33829587831756,"Upregulated",29.1050006014109,13.780216580321,15.3526761910495,8.06267329524545,9.93927808338776,11.2616012842968,19.4126311242605,9.75451755431001,0.98555117872946
"ENSG00000151651","ADAM8",4.22863361005656,"Upregulated",11.5645959873039,27.1376737949674,19.3711157942487,45.2415226163008,21.6040483629577,42.8079164819284,19.3577951921733,36.5511624870623,-0.913510713650323
"ENSG00000152475","ZNF837",1.10840367075274,"Upregulated",14.1446505723023,12.451385947854,13.5899238079152,20.4924620496995,18.273324322932,19.330681506225,13.3953201093572,19.3654892929522,-0.528459411371152
"ENSG00000153406","NMRAL1",1.47075462377461,"Upregulated",16.398849773407,14.9134603636164,17.753422764977,8.5525705105339,11.2479499943976,6.25929630328627,16.3552443006668,8.68660560273926,0.905169601988856
"ENSG00000154133","ROBO4",3.43289249317135,"Upregulated",28.2736995836903,22.7446479685763,31.0461049059604,19.7440822740396,25.7490632964328,22.0324715062192,27.3548174860757,22.5085390255638,0.280191553108327
"ENSG00000156711","MAPK13",2.71205979985823,"Upregulated",40.8703970997892,42.7353381578587,31.5722038144559,24.5278820482963,25.4634065753535,31.5418113145912,38.3926463573679,27.1776999794137,0.496860856090472
"ENSG00000158125","XDH",2.57603029077084,"Upregulated",13.8186217964147,15.7441081673698,15.7015180561978,9.24009647929307,14.3765274482114,6.71163385583643,15.0880826733274,10.1094192611136,0.57303895289289
"ENSG00000158716","DUSP23",6.7294067892775,"Upregulated",26.8392277935313,21.4002993788038,22.5313355365986,12.6566836414012,13.4885295477921,15.700980274605,23.5902875696445,13.9487311545994,0.75385587533749
"ENSG00000160179","ABCG1",1.41498239818602,"Upregulated",17.7056013181969,11.3329178197043,18.0490458956787,6.74624341626962,27.3932818038123,9.60712912140621,15.6958550111933,14.5822181138294,0.105476091020297
"ENSG00000161381","PLXDC1",5.00833773845989,"Upregulated",21.5304578945358,27.7813405304871,31.1195925700665,26.0269594557077,22.4570021754378,30.931983101486,26.8104636650298,26.4719815775438,0.0182614294032809
"ENSG00000161618","ALDH16A1",1.06392391558295,"Upregulated",29.748292301061,27.8266473011451,20.774102951448,33.374728349664,19.8066603176191,35.37832258519,26.1163475178847,29.5199037508244,-0.176100250476663
"ENSG00000161896","IP6K3",3.36751578004777,"Upregulated",15.1297208240032,39.603162825357,36.9714917817375,88.9802896414346,44.2739100600111,79.3549593425379,30.5681251436992,70.8697196813279,-1.21046363594575
"ENSG00000162631","NTNG1",2.98907733580534,"Upregulated",31.5389109752983,23.386804612684,29.3034179713159,24.5557248754935,17.2935870524977,20.9392934013252,28.0763778530994,20.9295351097721,0.422069203926346
"ENSG00000163602","RYBP",1.54073173683161,"Upregulated",18.7981259237597,14.431361031099,16.8025502019069,15.4636567657193,26.0624049891026,16.7870954510238,16.6773457189219,19.4377190686152,-0.219747559229675
"ENSG00000163687","DNASE1L3",2.9178555676162,"Upregulated",11.4152553710673,18.575030391756,20.3679723115344,12.2343071044823,17.704398344257,16.5243050660714,16.7860860247859,15.4876701716036,0.115429658797043
"ENSG00000164674","SYTL3",1.10268422401074,"Upregulated",21.7370148855097,15.4508547311435,19.4293690247824,12.7234313658306,7.3828460611403,15.044792262786,18.8724128804785,11.717023229919,0.683036511176098
"ENSG00000164867","NOS3",3.21616895035727,"Upregulated",23.2724567419345,33.5755132773757,28.3836347841481,66.0012687806658,45.3715811897086,69.8762441485998,28.4105349344861,60.4163647063247,-1.08583021728545
"ENSG00000165376","CLDN2",1.4050377892662,"Upregulated",13.0092184411155,15.6817591223293,13.5912900072463,13.9026586642632,17.0901078209918,13.3219842926986,14.0940891902304,14.7715835926512,-0.0672680033567214
"ENSG00000165953","SERPINA12",5.43227392070092,"Upregulated",18.0510849848671,13.6700875155437,16.639182472908,19.4528851546347,23.1389110984841,18.2455679321289,16.1201183244396,20.2791213950826,-0.329307510007153
"ENSG00000166589","CDH16",6.00115004021757,"Upregulated",26.4813738362034,40.1745908863937,39.3728192924451,70.5426222975137,47.8295711737413,61.7079976864947,35.3429280050141,60.0267303859165,-0.762508716282145
"ENSG00000167414","GNG8",4.82391805506853,"Upregulated",21.7708610461818,43.8590388906447,37.7812976620414,91.8756022983127,55.5346810086568,82.194320545275,34.4703991996226,76.5348679507482,-1.1484636874271
"ENSG00000167536","DHRS13",1.14128959159636,"Upregulated",68.9788253525208,83.4366359924659,76.8289457766009,102.068284630775,52.9994012067951,118.183912561053,76.4148023738625,91.0838661328746,-0.253039704573462
"ENSG00000167646","DNAAF3",1.64861138823561,"Upregulated",38.3646940374246,36.5549496972808,44.2509120597559,48.253300744837,50.5779504145786,78.1514713666797,39.7235185981538,58.9942408420318,-0.569396840575395
"ENSG00000167772","ANGPTL4",1.98238038402594,"Upregulated",54.8449861584156,68.3018521429861,85.1381130773116,93.6832200749605,66.9294444712309,121.414860164765,69.4283171262378,94.0091749036522,-0.436734710472373
"ENSG00000168079","SCARA5",6.56405039187501,"Upregulated",16.2372822086016,19.1458944184748,18.8096509353997,25.8343758114303,21.5602897621967,21.9787983729612,18.0642758541587,23.1244879821961,-0.354542938917583
"ENSG00000169020","ATP5ME",1.05337269345597,"Upregulated",11.7959247092406,15.6743331349322,15.1017064710076,32.9286992936067,18.0926079891496,42.8812548924336,14.1906547717268,31.3008540583966,-1.13573177929326
"ENSG00000169067","ACTBL2",5.15287654295248,"Upregulated",24.5916015393492,19.3391793392739,22.3264735194872,9.65221776179969,16.2370947011312,11.5508649868843,22.0857514660368,12.4800591499384,0.818494714705759
"ENSG00000171102","OBP2B",7.12007237184503,"Upregulated",6.31330043563376,20.0016422088276,17.4871336047973,40.7828032413943,25.0844042238135,44.9824756389655,14.6006920830862,36.9498943680577,-1.33358535306778
"ENSG00000171227","TMEM37",3.83414720404757,"Upregulated",28.2480428774885,29.0207129234125,35.4594280478188,38.2201981728681,34.1022186139797,36.7346034872121,30.9093946162399,36.3523400913533,-0.233306071575631
"ENSG00000171310","CHST11",1.69561487297918,"Upregulated",22.5128098691885,20.3236089838613,25.7089270394533,20.9982007343274,10.4041372778186,17.8844829833508,22.8484486308344,16.4289403318322,0.473402390746006
"ENSG00000171345","KRT19",3.8975383882102,"Upregulated",53.0333016403544,34.3717764875428,49.2741569419308,37.8935126265789,25.0914363378932,34.6854785392274,45.559745023276,32.5568091678998,0.483538968261838
"ENSG00000171346","KRT15",1.44864234266385,"Upregulated",26.6453227735748,31.7083579373156,33.7560948128123,27.3357084894303,21.0853498670869,38.239689581924,30.7032585079009,28.8869159794804,0.0876811256588185
"ENSG00000171360","KRT38",7.58550207267739,"Upregulated",31.6405728802843,19.8466474843921,18.6652613071644,21.0487515065405,27.2118360076705,19.7680538444683,23.3841605572802,22.6762137862264,0.0441600853549918
"ENSG00000172006","ZNF554",1.16316711143656,"Upregulated",6.4093553807873,13.1839940496486,10.9484847752671,19.4780563116074,8.10822775959969,24.8824896799095,10.180611401901,17.4895912503722,-0.774795891516448
"ENSG00000173237","C11orf86",3.58337971024626,"Upregulated",40.6758949592258,33.6976826501805,35.1797149688149,30.2769473530352,24.1693030558055,27.750475735997,36.5177641927404,27.3989087149459,0.413169338857895
"ENSG00000173706","HEG1",1.35917679140208,"Upregulated",15.5215080518163,24.6732168847668,22.8322954201818,19.387316485038,13.281258026699,16.0474243900355,21.0090067855883,16.2386663005908,0.369568475661892
"ENSG00000173918","C1QTNF1",1.41369227466158,"Upregulated",35.9094937193725,23.0191720553807,22.9273517406092,41.8939661838241,35.6961924413355,39.3447002606412,27.2853391717875,38.9782862952669,-0.512963453531428
"ENSG00000174792","ODAPH",2.62784666851042,"Upregulated",37.0939894841642,41.0611710463917,38.4320767170477,20.5702789320043,33.3864114621983,34.412672406075,38.8624124158679,29.4564542667592,0.398609799515008
"ENSG00000175602","CCDC85B",1.41749426774554,"Upregulated",7.14325582024492,17.2236579002873,17.7292964149404,27.3014162419126,15.6447873789038,28.9057569343413,14.0320700451575,23.9506535183859,-0.767103291247898
"ENSG00000175832","ETV4",2.47680159360868,"Upregulated",52.0656415082514,62.9957946176571,74.5790972864279,40.1670006913719,35.5150362009643,46.9143647107543,63.2135111374455,40.8654672010302,0.62810513591001
"ENSG00000176438","SYNE3",1.33677501729238,"Upregulated",15.1138897687197,17.2686347662112,14.6068130292211,25.0948024808287,25.3980926964151,27.3860580126445,15.663112521384,25.9596510632961,-0.725265334724522
"ENSG00000178732","GP5",2.19245839265459,"Upregulated",39.4807065953227,14.4826716702235,23.5598735972199,13.4067237612448,28.0128583845339,10.3307837704559,25.8410839542554,17.2501219720782,0.580292959153304
"ENSG00000179023","KLHDC7A",2.99261274618498,"Upregulated",24.2612929255576,33.4715943405737,34.9257774753955,39.9815164015028,33.6949125432713,49.5468583000849,30.8862215805089,41.0744290816197,-0.410121800604742
"ENSG00000179776","CDH5",1.97003602479496,"Upregulated",18.0059776317615,42.778429801494,40.5297977974225,57.1202241347088,34.9813141313374,59.2642590408483,33.7714017435593,50.4552657689648,-0.577793676181021
"ENSG00000181036","FCRL6",6.33843775938974,"Upregulated",31.961216177406,23.4833579838024,25.316106800292,21.1347652730243,22.6738934318225,19.5750602326065,26.9202269871668,21.1279063124844,0.348077707607109
"ENSG00000181449","SOX2",2.36457830253416,"Upregulated",36.3520496297257,62.9173307775968,67.6974675947256,38.2220197182841,28.0924865026027,44.4284243913073,55.6556160006827,36.9143102040647,0.591033985352242
"ENSG00000181634","TNFSF15",3.73248052957318,"Upregulated",16.0778254592229,21.1389165557108,17.0202285843891,10.7665548592129,11.4549430938933,14.8351353139846,18.0789901997743,12.3522110890303,0.545870124840629
"ENSG00000181652","ATG9B",2.23679948168006,"Upregulated",25.612221823819,30.7106796766804,28.7677887125253,44.7537187845038,41.5159880268958,49.7194219833356,28.3635634043416,45.3297095982451,-0.674519796499471
"ENSG00000182578","CSF1R",1.18646674736669,"Upregulated",28.6997757116218,35.7713395849187,37.7689790193615,44.9995107852088,24.4457088010994,41.8922606819895,34.080031438634,37.1124934227659,-0.122633337471005
"ENSG00000182866","LCK",3.22487256786653,"Upregulated",18.3755058585792,34.3061466244561,33.2100286276444,37.2947927391806,35.8916880846024,48.0628255186258,28.6305603702266,40.4164354474696,-0.495921122444364
"ENSG00000182931","WFDC10B",4.69396533775129,"Upregulated",11.5002445946721,11.9098206406985,13.0789969639756,11.5123526070799,13.7338777817402,10.5411871753487,12.1630207331154,11.9291391880563,0.0277809937588891
"ENSG00000183114","FAM43B",4.19539693482424,"Upregulated",28.7545032488539,28.2318186972914,28.7232596309021,50.1425271067784,32.2189098448288,44.5487383994381,28.5698605256824,42.3033917836818,-0.564644782302259
"ENSG00000183401","CCDC159",1.21682538503359,"Upregulated",21.7407434537297,20.6312133774091,25.1395614493278,28.7909651241519,26.4317941213476,30.3113937532902,22.5038394268222,28.5113843329299,-0.340021456972883
"ENSG00000183778","B3GALT5",3.47636344816027,"Upregulated",23.5722930695329,9.63301178327252,10.3659328026156,8.45387815418451,10.9194018868131,8.86852000276726,14.5237458851404,9.41393334792164,0.620199082897396
"ENSG00000183971","NPW",2.34886904796958,"Upregulated",7.38170109828313,16.9760401393952,21.3354384902396,21.8573041571812,10.0685989833304,25.3583431845513,15.231059909306,19.094748775021,-0.324254237172099
"ENSG00000184697","CLDN6",1.46665334010518,"Upregulated",9.69816703127142,15.8359028239335,14.9159713545624,18.3696201718206,11.3421521354863,19.5714954189352,13.4833470699225,16.4277559087474,-0.283051835341866
"ENSG00000185847","LINC01405",3.68663828903954,"Upregulated",23.1389904519946,22.5591779380902,18.7572915827491,10.7630345689738,15.173625583234,13.3331432786325,21.485153324278,13.0899344769468,0.710601942833395
"ENSG00000186056","MATN1-AS1",1.69390964594888,"Upregulated",25.7488837127028,57.0031925907584,40.3322886978517,45.2352557895889,31.5959510961433,85.1189849289981,41.0281216671043,53.9833972715767,-0.395060592914285
"ENSG00000186191","BPIFB4",8.32244195493647,"Upregulated",11.6462261693888,20.587702279551,21.8822109576698,26.8176798931388,28.5216518923179,26.3193502886041,18.0387131355365,27.2195606913536,-0.59086217831758
"ENSG00000186854","TRABD2A",3.77971004767746,"Upregulated",18.4721609971696,19.2577780022178,17.3286061777788,14.0690419456755,10.5674338629169,14.8987511008978,18.3528483923887,13.1784089698301,0.474761236616075
"ENSG00000186862","PDZD7",1.08094659224543,"Upregulated",31.4693677890759,33.3647047303758,28.867730298234,36.9109844771209,15.8639146352098,36.6186295249523,31.2339342725619,29.7978428790943,0.0676845269852013
"ENSG00000187720","THSD4",2.31680011233963,"Upregulated",18.4337849514406,12.4750329646491,14.3366843127999,6.65387225852293,23.8226757560458,8.74740536818429,15.0818340762965,13.0746511275843,0.204581330400696
"ENSG00000188396","DYNLT4",2.19024179916523,"Upregulated",22.4006360335784,21.5941564609911,27.9234358160777,29.8490635407443,22.7020842751111,35.6967717688363,23.9727427702157,29.4159731948972,-0.294095383658518
"ENSG00000188707","ZBED10P",5.74505677835463,"Upregulated",33.0117554474278,19.9041740761863,21.9939996325502,16.8704194793089,12.9594890033448,18.7567263376267,24.9699763853881,16.1955449400935,0.621483039112243
"ENSG00000189316","ENSG00000189316",4.90411940161115,"Upregulated",8.89758960184242,19.908973348038,22.5692034076313,28.3319366513154,24.6471026816838,29.2860325657495,17.1252554525039,27.4216906329163,-0.676043717811862
"ENSG00000196155","PLEKHG4",1.07714284699192,"Upregulated",29.7386248687498,33.3088604127048,47.0661073155519,39.0529173640352,24.6992070499044,48.5945038211346,36.7045308656689,37.448876078358,-0.02888634339522
"ENSG00000197405","C5AR1",2.16149458854383,"Upregulated",12.9041058636374,15.9452488555192,26.4297388868454,23.0953172191898,26.7357458919287,22.58778226246,18.426364535334,24.1396151245262,-0.38778698567318
"ENSG00000197506","SLC28A3",3.72255315925925,"Upregulated",11.5526822854395,7.73751571024214,8.82110838661131,8.71641100437269,22.3246844185973,10.094814544657,9.37043546076431,13.711969989209,-0.54441643561025
"ENSG00000197747","S100A10",1.0006811949275,"Upregulated",26.2750280166781,25.8251790185859,32.8162864594333,23.2116105627153,15.307063372773,22.1232303054639,28.3054978315658,20.2139680803174,0.483698108066988
"ENSG00000198326","TMEM239",4.0329465041939,"Upregulated",24.1376187048356,43.0133799007366,47.2800162593021,70.5746315630471,43.1389232445589,57.2218277783573,38.1436716216247,56.9784608619878,-0.577725395292606
"ENSG00000198520","ARMH1",1.45114807176465,"Upregulated",23.5000810812333,43.6304659269657,41.7746741274993,36.6472115960098,24.1307946234634,43.2290571232637,36.3017403785661,34.6690211142456,0.0662049777193186
"ENSG00000198959","TGM2",4.67322116228845,"Upregulated",32.3317462377476,36.6335139204178,34.8733731476036,33.52847754351,24.5182441048015,30.5682474922795,34.6128777685897,29.5383230468637,0.228007151046242
"ENSG00000203697","CAPN8",4.67484686169775,"Upregulated",13.3868548506871,9.11644555263373,9.38836302140663,18.3271888168297,14.6679205280471,19.8525199621496,10.6305544749092,17.6158764356755,-0.723318214166939
"ENSG00000204542","C6orf15",5.74370631285008,"Upregulated",15.8037055399683,23.0473398742758,29.7888577934706,28.689307414337,21.3406166322939,27.5745810195444,22.8799677359049,25.8681683553918,-0.176367485801705
"ENSG00000204876","ENSG00000204876",2.5216099178958,"Upregulated",34.3683881654342,38.3253933157876,42.7735952709996,57.2443526918119,39.4770877910726,68.5624812421852,38.4891255840738,55.0946405750232,-0.516333834161853
"ENSG00000205537","ENSG00000205537",2.92550902522218,"Upregulated",27.4711269720243,21.5433148790187,27.7335747052293,21.1634992229527,17.3586011472202,23.1580962159094,25.5826721854241,20.5600655286941,0.313950487174062
"ENSG00000214530","STARD10",1.15029955807416,"Upregulated",20.1528010135409,13.6406734028777,14.7269779675537,16.6118268906361,9.74301482256382,15.9757151318824,16.1734841279908,14.1101856150274,0.195597763528681
"ENSG00000214691","LINC01913",3.76541341371732,"Upregulated",12.3593666426562,4.97720119094765,8.25649642996621,7.01332523370231,8.65893863103329,5.934216696769,8.53102142119,7.2021601871682,0.241207984946015
"ENSG00000221038","RNU6ATAC7P",2.93451121484797,"Upregulated",24.6353893497565,30.561680789265,31.9892483302034,27.5945023496946,31.3605896666646,34.2141056662541,29.0621061564083,31.0563992275378,-0.0954335912167659
"ENSG00000221866","PLXNA4",1.13871462226156,"Upregulated",24.2791971909065,24.2667430658619,30.1292101485389,18.4357865524816,19.1353252315521,22.0104471981525,26.2250501351024,19.8605196607288,0.399286997908458
"ENSG00000223949","ROR1-AS1",1.56488118790022,"Upregulated",10.7502703890204,10.7248883625987,16.6911875968888,7.92761692563996,9.63454621045486,8.0139348424398,12.7221154495026,8.52536599284487,0.571976723977778
"ENSG00000223991","ENSG00000223991",4.39530832144223,"Upregulated",14.6928027908818,20.152169134687,14.0904636670903,30.9403925379738,13.3198766067902,34.2812366884861,16.3118118642197,26.1805019444167,-0.679258309482282
"ENSG00000224414","ENSG00000224414",3.52409361205865,"Upregulated",11.6103169144811,9.53948527492171,8.73166208325977,5.02173345468261,2.81665113957032,7.20033263697208,9.96048809088752,5.01290574374167,0.976484964751397
"ENSG00000224671","ENSG00000224671",2.5625471197862,"Upregulated",20.4841765251793,26.5870815622046,33.0476806224403,30.136705860757,21.4991009482448,29.2686128798087,26.7063129032747,26.9681398962702,-0.014022953689884
"ENSG00000225556","C2CD4D",2.16230709040976,"Upregulated",31.1174135452616,20.5351423928232,28.3710583333046,29.8576842014478,34.971595345205,30.9335861477521,26.6745380904631,31.9209552314683,-0.258154660104841
"ENSG00000226496","LINC00323",3.52421350034608,"Upregulated",12.7688631702073,22.2652555360244,27.8759159236995,23.9045680098355,28.0022377731107,27.100711231801,20.9700115433104,26.3358390049157,-0.327304010298463
"ENSG00000226548","ENSG00000226548",1.80975033517322,"Upregulated",34.3977354031707,22.0554243859242,25.0119495869341,12.6363090707644,23.1378062504033,13.3628649533685,27.1550364586763,16.3789934248454,0.725894728115383
"ENSG00000226604","PAPPA-AS2",1.52130191860594,"Upregulated",29.7812387072804,27.9924985681148,44.426477691328,16.314964197576,16.4637603642028,16.7434818416226,34.066738322241,16.5074021344671,1.04076611676239
"ENSG00000226973","ENSG00000226973",4.88798647268023,"Upregulated",32.5695846057729,44.1197113575282,46.7552799621186,20.9921241074499,14.2185614061356,26.6416030761443,41.1481919751399,20.6174295299099,0.993485868469303
"ENSG00000227297","ENSG00000227297",2.49967380790974,"Upregulated",44.4752373446118,60.5325453892732,53.892873733972,57.8422906028813,45.3773474051402,52.4016266291655,52.9668854892857,51.8737548790623,0.0300285877991249
"ENSG00000227392","HPN-AS1",1.41978056995137,"Upregulated",29.7222732429919,16.8766161460768,25.6372526672908,20.0840072859624,22.8110250159546,26.3192736702847,24.0787140187865,23.0714353240673,0.0613901019089385
"ENSG00000227467","LINC01537",5.67991731497504,"Upregulated",14.0184265571771,14.6842133598009,14.8743359545299,24.5483446460962,21.7655772713098,26.5205472587854,14.525658623836,24.2781563920638,-0.737087431969463
"ENSG00000227630","LINC01132",3.61976898039699,"Upregulated",31.0474955507966,27.7726348769867,29.5771716702886,13.9407768335938,7.22294221080101,15.6614319638173,29.465767366024,12.2750503360707,1.2564933286503
"ENSG00000227963","RBM15-AS1",1.6453247730743,"Upregulated",25.5596448687688,21.7148294387457,34.0866985602199,29.4966849912326,22.6280976797928,42.3481231438262,27.1203909559115,31.4909686049505,-0.214824384113846
"ENSG00000228420","LINC01768",2.1914407906436,"Upregulated",31.2683720572575,26.7737737337054,32.944559407455,26.0290509864341,24.6034459765804,19.2199961118561,30.3289017328059,23.2841643582902,0.379910389309356
"ENSG00000228768","MIR365BHG",5.85253094636557,"Upregulated",28.9913859717986,27.1561497289201,31.4864196050912,40.228875379785,25.1493457317352,31.0013806083623,29.21131843527,32.1265339066275,-0.136791166576807
"ENSG00000228917","NECTIN4-AS1",5.79122876799898,"Upregulated",37.9688823712461,39.2199378199718,37.0174618908914,33.660670787508,22.911979229339,35.2846294805739,38.0687606940364,30.619093165807,0.313256716257746
"ENSG00000229021","ENSG00000229021",2.56891106511824,"Upregulated",23.3581469450985,23.5858038813544,23.5107872174667,29.4802350484981,16.5862775292661,31.7082996303553,23.4849126813065,25.9249374027065,-0.142030433870607
"ENSG00000229964","ENSG00000229964",4.42925701721063,"Upregulated",49.4314673244953,64.8935208361724,73.1576460537158,53.4906728278313,48.3450060508412,71.358486527176,62.4942114047945,57.7313884686162,0.114176505523638
"ENSG00000230176","LINC01433",1.29117856138245,"Upregulated",15.6184091604938,13.4793858284174,10.9346895292015,12.492092327825,6.90518699629793,13.766430798897,13.3441615060376,11.0545700410066,0.269344873914797
"ENSG00000230882","ENSG00000230882",1.94635310211252,"Upregulated",15.7779365697423,10.1185536065388,12.6584592412461,6.42404409592802,5.3562633055344,8.71904052803593,12.8516498058424,6.83311597649945,0.901560083756542
"ENSG00000231638","LUARIS",2.60692144795834,"Upregulated",13.6147977041035,15.8831681850864,16.0092078708572,7.29208031563255,12.6466075604475,9.24877837758798,15.1690579200157,9.72915541788934,0.635471690888846
"ENSG00000231924","PSG1",1.78089036413343,"Upregulated",16.7484025017304,11.6644043870726,15.1369004792908,22.5596295292653,22.1080826902028,25.6678827050889,14.5165691226979,23.4451983081857,-0.687828159584647
"ENSG00000232401","LINC00112",3.41301796731646,"Upregulated",20.8963284055392,25.434288777445,25.7461311885615,32.5330270489981,19.7436759362008,25.5243194767329,24.0255827905152,25.9336741539773,-0.10981514153941
"ENSG00000232774","LINC03033",2.32911218702208,"Upregulated",31.8803518490186,21.7093354349823,29.3562567784236,13.4939387047432,21.3332714419473,13.8846036505699,27.6486480208082,16.2372712657535,0.764250444357877
"ENSG00000232803","SLCO4A1-AS1",2.92576802586839,"Upregulated",49.3558571203335,100.809414417513,85.1264083628752,126.023421819093,63.8563703592851,130.430005752501,78.4305599669072,106.769932643626,-0.444529925160264
"ENSG00000233077","LINC01271",1.66880355954204,"Upregulated",30.4376138107625,54.0813746272769,44.1814608317761,36.5590753312659,19.1347346305847,44.4884737916467,42.9001497566052,33.3940945844991,0.360434930955734
"ENSG00000233625","ENSG00000233625",5.4431011996602,"Upregulated",20.3520138704871,18.5651885960783,16.1029376282411,13.2061989169295,16.1592548012733,20.9922307155115,18.3400466982688,16.7858948112381,0.127023677161593
"ENSG00000233858","LINC02599",1.17279256206602,"Upregulated",63.2798696139964,57.5824236493882,64.2126598899104,31.7393006497023,41.200008275533,29.4641479926087,61.6916510510983,34.1344856392813,0.851961585634389
"ENSG00000234614","C2CD4D-AS1",2.50334857961172,"Upregulated",32.710198775021,25.5776928332673,30.5934029024603,36.7092606744596,35.6265934299637,36.880391837291,29.6270981702495,36.4054153139048,-0.296331852708708
"ENSG00000234949","RAB17-DT",2.6754609596164,"Upregulated",20.0886671810181,30.3419928220701,20.1603843922295,30.3724610880586,15.7222818809796,39.9055203302017,23.5303481317726,28.66675443308,-0.283761576473807
"ENSG00000234997","LINC02966",1.42012374677971,"Upregulated",4.5602391308813,13.429626493901,16.6325366453036,14.2262755595658,8.56174285786274,16.1576471924782,11.5408007566953,12.9818885366356,-0.168380524291606
"ENSG00000235979","ENSG00000235979",3.78900462857466,"Upregulated",30.3265854606771,15.7184135970654,21.7672433212313,27.6644251996279,30.0553029443397,29.9580981128959,22.6040807929913,29.2259420856212,-0.369225826687692
"ENSG00000236384","LINC00479",3.52982306176394,"Upregulated",23.2793463432699,20.7430566678316,19.0757043216992,23.9882390099928,24.5570549653924,21.9992602411306,21.0327024442669,23.5148514055053,-0.160217186956661
"ENSG00000236389","ENSG00000236389",5.1784937749572,"Upregulated",10.1456791965167,8.7294989110149,12.8473280038241,7.99098260989112,14.6766270625759,9.53535853964942,10.5741687037852,10.7343227373722,-0.0214852539516054
"ENSG00000236473","KRT43P",3.87618535524646,"Upregulated",23.678217542276,20.47998450902,18.7157293158855,19.8482148578401,22.9137040243761,19.8048314202216,20.9579771223939,20.855583434146,0.00703216565205306
"ENSG00000237638","LINC02245",1.05961825055932,"Upregulated",40.8115312526303,36.2269491431105,36.2018146455288,36.603075126255,35.6003860399734,42.1901544369592,37.7467650137565,38.1312052010625,-0.014580690602504
"ENSG00000239282","CASTOR1",1.4581676687313,"Upregulated",31.7382145008297,42.3106890125435,45.5049523857018,54.1159501409334,30.5844415309327,56.0104200387823,39.8512852996917,46.9036039035495,-0.234529458859027
"ENSG00000240541","TM4SF1-AS1",2.10776692862742,"Upregulated",32.2090870830856,16.6893833184868,23.4908189080656,14.5271227306997,12.3752870736779,14.1875441923909,24.1297631032127,13.6966513322561,0.81246215513455
"ENSG00000241456","ENSG00000241456",2.53509100125465,"Upregulated",40.7293953291714,53.1560447432778,52.9978243986766,71.9482046636901,58.6602675230607,69.9065111891151,48.9610881570419,66.8383277919553,-0.448253278342358
"ENSG00000243384","ENSG00000243384",1.48720998486442,"Upregulated",16.9336864091072,23.4649316354496,24.1049729525033,16.7471271266599,17.1380315201472,23.9958736039045,21.50119699902,19.2936774169039,0.155524867148389
"ENSG00000249639","ENSG00000249639",6.62394247838664,"Upregulated",30.7074181485323,36.6725558876991,39.6639793525308,35.1041565815608,35.1943722079245,41.0573346008689,35.6813177962541,37.1186211301181,-0.0568180860081496
"ENSG00000250001","ENSG00000250001",1.9837275134436,"Upregulated",37.013857981673,17.7387267605131,23.8145238147463,7.10381980395317,17.957912396367,10.4361560292104,26.1890361856441,11.8326294098435,1.13954926796608
"ENSG00000250072","SH3TC2-DT",2.42281675555556,"Upregulated",65.6616582346685,62.9557803406798,69.4052280221187,44.8864296613807,34.8313436624648,55.3005351097811,66.007555532489,45.0061028112088,0.551492527051793
"ENSG00000250174","MYLK-AS2",2.22023237557302,"Upregulated",32.8275202841443,31.9215884354437,38.3656692498981,14.9117118393243,9.83771552649491,20.3014763810133,34.3715926564954,15.0169679156108,1.18923915548439
"ENSG00000250274","ENSG00000250274",3.68833237937533,"Upregulated",31.2959321327507,25.5442398343198,28.516673631431,18.2235603388399,28.4286988292905,18.635355078111,28.4522818661672,21.7625380820805,0.385145151594824
"ENSG00000250548","LINC01303",1.28236274589445,"Upregulated",26.858148820461,21.1011463096569,25.9789432055127,13.288935368931,17.1394613268375,12.0481832822164,24.6460794452102,14.1588599926616,0.795341333410355
"ENSG00000250634","LINC01182",1.61407014971487,"Upregulated",25.0993614902963,22.2337891456693,32.7637362317269,40.5998406242102,18.3007679631836,25.9866079888036,26.6989622892308,28.2957388587324,-0.0834973136033133
"ENSG00000251179","TMEM92-AS1",2.14964865560388,"Upregulated",14.2236288704124,12.5674278057499,14.8620243757963,9.6656676931366,17.0135304966034,14.089183085146,13.8843603506529,13.589460424962,0.0307486825975369
"ENSG00000251234","PSMA2P2",1.09086304715165,"Upregulated",28.8355680863966,19.0516599564426,20.412201993821,10.326322806604,19.9541070102812,12.9863670034124,22.7664766788867,14.4222656067659,0.654967544426085
"ENSG00000253111","ENSG00000253111",2.66397878497337,"Upregulated",15.3618635571521,15.6183708532265,22.8113992849243,11.4977827241475,9.688557827563,13.8354795912038,17.930544565101,11.6739400476381,0.614845783586386
"ENSG00000253543","ENSG00000253543",4.07533462022426,"Upregulated",14.5096842346071,12.4978045190219,12.0625451903143,5.7618157693318,6.45532633165518,5.09205062402056,13.0233446479811,5.76973090833585,1.1607691845138
"ENSG00000253666","ENSG00000253666",4.58255492966914,"Upregulated",23.604007488773,19.175999995735,23.3076276341321,17.6109865887064,15.4181278854345,16.5908852641647,22.0292117062133,16.5399999127685,0.411296633998677
"ENSG00000254364","ENSG00000254364",6.29778995949568,"Upregulated",17.8508406011171,38.3113099774744,37.3939850614885,37.1663342422682,29.0106956247977,30.9267621019522,31.1853785466933,32.3679306563394,-0.0535268769228912
"ENSG00000254486","LINC02547",1.92617419185009,"Upregulated",26.1042176326116,16.0428891820976,17.6746676684545,6.38217379783209,13.2290984309953,5.74754628882958,19.9405914943879,8.45293950588565,1.22843284893827
"ENSG00000254626","ENSG00000254626",3.50197170098439,"Upregulated",26.3704816695132,23.3436716269639,23.6286216705618,14.4898225547892,15.1372105664836,13.6753062874843,24.4475916556796,14.4341131362524,0.756138448155382
"ENSG00000254632","ENSG00000254632",5.39698064364556,"Upregulated",25.3000681267397,42.8606151693008,34.8505390933004,43.9681330049088,25.2859546877258,37.6191032601201,34.3370741297803,35.6243969842516,-0.0529470867895258
"ENSG00000255092","ENSG00000255092",3.15751113403046,"Upregulated",10.3274346648533,17.8009389421214,18.739458481116,22.2058674656384,24.1436963685147,24.1798915044934,15.6226106960302,23.5098184462155,-0.586546154624118
"ENSG00000255250","ENSG00000255250",4.93633077996359,"Upregulated",39.2781492581604,20.2419906820703,30.4780601814108,8.48482102563239,12.6593015523518,7.68183283609094,29.9994000405472,9.6086518046917,1.63239185628359
"ENSG00000255462","ENSG00000255462",3.48527360981556,"Upregulated",23.6556006011864,21.1587099432289,22.9027153577915,17.2635175452701,21.52274003193,20.6140363797729,22.5723419674023,19.8000979856577,0.188157889290778
"ENSG00000255491","ENSG00000255491",3.23146887563542,"Upregulated",25.8976713183679,24.7880095181527,26.3446842621808,23.3884514645598,27.0516136787556,26.2332553981425,25.6767883662338,25.5577735138193,0.00667653956935849
"ENSG00000256443","ENSG00000256443",5.61921255908681,"Upregulated",15.7681928524431,15.0995279641429,18.0880818743751,44.3152876982168,21.723224957784,36.6846264047282,16.318600896987,34.2410463535763,-1.06460280436297
"ENSG00000258137","GPR84-AS1",3.38875968669686,"Upregulated",19.1221737561759,24.6506082859214,27.1173585431095,14.1880821097282,19.9505391120911,15.3909848290969,23.6300468617356,16.5098686836387,0.514674282039028
"ENSG00000259064","ENSG00000259064",4.73524858345558,"Upregulated",49.4225713652889,18.2567191185573,25.474170995241,10.0744189573573,17.8712922604311,15.9216010960099,31.0511538263624,14.6224374379328,1.08126905819323
"ENSG00000259265","ENSG00000259265",4.99356198354624,"Upregulated",31.1083985353244,24.8758539243178,29.0154753007672,13.3861157316715,15.3811616197639,12.9125238597393,28.3332425868031,13.8932670703915,1.02284580210845
"ENSG00000259354","ENSG00000259354",2.15113915927105,"Upregulated",20.0504740209091,22.488260386899,22.6778524175729,22.5263240500469,22.1793469272045,27.2655618567925,21.738862275127,23.9904109446813,-0.141561304825308
"ENSG00000260823","ENSG00000260823",1.11373041476565,"Upregulated",34.8771607234478,29.4199904963517,37.4884998990064,23.3245459483827,33.6272672944028,23.9781902115921,33.9285503729353,26.9766678181258,0.329695488333375
"ENSG00000261210","CLEC19A",2.84166195091057,"Upregulated",20.5379580693512,18.5198752415919,18.2195913206447,13.3927336747057,16.8046065172307,17.6603871418769,19.0924748771959,15.9525757779378,0.257735950505601
"ENSG00000261305","ENSG00000261305",4.52021295466695,"Upregulated",21.1457754189138,52.4468411276163,45.1557247826667,79.9385138640758,27.1502708149376,85.0951023936272,39.5827804430656,64.0612956908802,-0.693190162063254
"ENSG00000262884","ENSG00000262884",3.43476114972991,"Upregulated",32.9269932872158,36.3482030929568,36.1232482999715,53.8955619830481,42.0626297935921,56.4997886213389,35.1328148933813,50.8193267993264,-0.531293603367781
"ENSG00000263818","RDM1P5",2.53275580213956,"Upregulated",34.0825564364592,19.5305066727137,20.9973793499297,22.5963183881263,23.0618556314393,26.3799317575894,24.8701474863675,24.0127019257184,0.0504110227712278
"ENSG00000264243","ENSG00000264243",4.8954304605691,"Upregulated",10.3461395607275,16.4208883245786,16.5424949456249,15.9370226676099,19.5701278882956,19.9272381262804,14.4365076103103,18.4781295607287,-0.353924554999281
"ENSG00000264301","LINC01444",1.10949199825106,"Upregulated",23.7919453789946,13.8409209573033,25.2119244472036,17.1680657333413,12.5566568331737,14.2720391624021,20.9482635945005,14.6655872429724,0.511462485970188
"ENSG00000264672","SEPTIN4-AS1",2.39819055801166,"Upregulated",46.9668589121891,42.7005366491526,42.384279642875,47.3954487307505,37.938532844307,66.3356184999595,44.0172250680722,50.556533358339,-0.199406301058278
"ENSG00000264739","ENSG00000264739",3.7736653025549,"Upregulated",22.0169365639738,32.584492342957,30.8845379259789,47.8829122802853,31.6208329270052,46.4212379139082,28.4953222776366,41.9749943737329,-0.557183913410656
"ENSG00000265096","C1QTNF1-AS1",1.87159235630762,"Upregulated",27.1216406199065,54.9624627745201,52.4556657223662,75.596508886756,52.3559318452046,84.3067052335155,44.8465897055976,70.7530486551587,-0.656618274253416
"ENSG00000266261","ENSG00000266261",1.17718354079722,"Upregulated",62.4164075148854,62.2977623356258,70.3226528442424,46.947417289308,27.0152416285127,51.1774886352006,65.0122742315846,41.7133825176738,0.638964773876056
"ENSG00000266509","MIR3934",1.42673295784898,"Upregulated",35.9231149859414,48.1203696510782,51.4835883255129,67.1363297861253,47.6629022375311,69.9107996178506,45.1756909875108,61.570010547169,-0.445832433620349
"ENSG00000266877","ENSG00000266877",4.99552151061005,"Upregulated",44.7655530908356,52.4106777587841,65.6328896916642,51.6220960828286,33.6417797221535,60.6029253685532,54.2697068470947,48.6222670578451,0.15822178564742
"ENSG00000266955","ENSG00000266955",1.20357366870105,"Upregulated",15.8814863130336,30.7664226313769,30.9763336654367,30.5639499265717,20.5155486687582,32.3621192695918,25.8747475366157,27.8138726216406,-0.103872563274135
"ENSG00000266995","ENSG00000266995",1.78058345165307,"Upregulated",22.9424636340377,14.1749256465265,21.7131385365311,7.0315489941749,14.7825344854526,8.1476732305118,19.6101759390318,9.98725223671311,0.966407415939683
"ENSG00000267073","ENSG00000267073",6.63743786837583,"Upregulated",15.0082491027026,52.0042746982139,41.8239053860624,99.7200761731745,48.920430061248,101.614009186074,36.278809728993,83.418171806832,-1.19899179148697
"ENSG00000267288","ENSG00000267288",1.1137600597384,"Upregulated",31.1811992174151,42.223193253719,43.1323328778833,33.4314545250159,21.7836490990828,32.5427315911731,38.8455751163391,29.2526117384239,0.407970545506652
"ENSG00000267305","ENSG00000267305",3.08546993494252,"Upregulated",53.4613365773801,16.2944321590241,16.4200461489139,4.7167202453129,11.3985089589568,9.05426704341715,28.7252716284394,8.38983208256228,1.76352627824271
"ENSG00000267665","ENSG00000267665",4.01174952415349,"Upregulated",42.0897674575085,16.6408115925291,19.7203113052363,15.1572028310299,27.587497066049,8.02189845126122,26.1502967850913,16.9221994494467,0.624916273307751
"ENSG00000268401","ENSG00000268401",1.18916516045521,"Upregulated",16.4892095343487,16.2730236051024,12.3968443005052,13.5051995163827,13.7814212952341,11.5485898841891,15.0530258133188,12.9450702319353,0.216101193904015
"ENSG00000268621","IGFL2-AS1",6.78055524882581,"Upregulated",22.7376394580912,17.8361575752497,23.3424811921622,16.6206646141253,21.3597776627207,18.4437341251184,21.3054260751677,18.8080588006548,0.178975296338609
"ENSG00000268655","ENSG00000268655",1.38907917284204,"Upregulated",18.8254701820287,23.8106136139896,30.7754489241644,41.4603156663221,39.3857426876957,39.0163404808536,24.4705109067276,39.9541329449571,-0.705023256654568
"ENSG00000269927","ENSG00000269927",2.26454826757282,"Upregulated",11.9894094250156,12.3271279992671,15.8818758189057,7.60096052265356,6.01789648784805,13.3245642292607,13.3994710810628,8.9811404132541,0.571957494331925
"ENSG00000270002","ENSG00000270002",5.09565777383021,"Upregulated",24.2560185025136,25.7351887551698,28.876296249398,10.3971059742443,10.754470915921,15.8767409799668,26.2891678356938,12.3427726233774,1.08463785991494
"ENSG00000275491","LINC01730",1.22607996861064,"Upregulated",23.0846500973145,26.8641418336287,32.7457154387921,28.790780905046,16.112618835741,26.3420688278302,27.5648357899118,23.7484895228724,0.21415546637026
"ENSG00000276851","ENSG00000276851",2.38482852842875,"Upregulated",20.7248600918726,25.7775549994106,26.9174372975918,24.9934365150433,21.943356225833,23.3998323010235,24.473284129625,23.4455416806333,0.061636768340476
"ENSG00000279431","ENSG00000279431",1.9970727993955,"Upregulated",17.9496185100003,31.4514808104177,30.792982848095,30.9857577024504,19.3028379823052,30.4527825987807,26.7313607228377,26.9137927611788,-0.00977598862923192
"ENSG00000279548","ENSG00000279548",1.30121867786421,"Upregulated",15.4883978326494,16.5762104441941,25.4298206192476,13.4266913298104,18.4119292495444,18.2322905323971,19.1648096320304,16.6903037039173,0.198339603814149
"ENSG00000280445","ENSG00000280445",5.68655235932351,"Upregulated",23.4138491198051,12.4987450783264,18.2192318368314,19.5179058872991,15.62786862282,18.7923631680444,18.0439420116543,17.9793792260545,0.00514279232614005
"ENSG00000280693","SH3PXD2A-AS1",2.38069051363501,"Upregulated",32.0018593677576,34.5345435202371,34.5305904265373,29.6639141056636,16.303929557634,27.2020656198815,33.6889977715107,24.3899697610597,0.464362566264317
"ENSG00000285527","ENSG00000285527",1.33898487330096,"Upregulated",26.7892277219839,26.968468872421,32.8825217039898,27.9758799531697,23.8953304271388,24.1291666393558,28.8800727661316,25.3334590065547,0.188333532284504
"ENSG00000285555","ENSG00000285555",4.7479439380562,"Upregulated",18.344886163403,15.283404648841,17.449432839309,9.80840287132551,6.74535607099533,14.267529956743,17.025907883851,10.2737629663546,0.72324116012994
"ENSG00000285888","ENSG00000285888",3.2393079149105,"Upregulated",19.5272904720571,18.4106272873846,16.6184848884946,23.5432203374073,28.3588478003402,24.4500920578764,18.1854675493121,25.450720065208,-0.482666433407923
"ENSG00000286034","ENSG00000286034",2.43313284964853,"Upregulated",40.6199602607758,30.8896012828705,41.2786540267644,13.6416253782809,17.6241258402025,14.0957776241338,37.5960718568036,15.1205096142057,1.30839753029999
"ENSG00000286428","ENSG00000286428",4.57822671516693,"Upregulated",21.4161888798078,42.2822631917101,40.0323801427557,78.3482197321982,41.4135787500159,76.1089308564946,34.5769440714245,65.2902431129029,-0.91509862134854
"ENSG00000286538","ENSG00000286538",5.12128835903304,"Upregulated",11.8049929684468,23.1292425083077,23.3824640878817,40.2116313421426,28.6246602723946,40.3855312351689,19.4388998548787,36.4072742832353,-0.901834719770611
"ENSG00000286657","ENSG00000286657",3.84689473173528,"Upregulated",30.4709541204866,40.2307700564253,34.9405806751939,45.4138536489528,33.3046500426531,42.7886269992048,35.2141016173686,40.5023768969369,-0.201319791312734
"ENSG00000286694","ENSG00000286694",2.32920361308628,"Upregulated",19.8556745186448,12.718310033083,9.18411125261572,8.20110437658525,13.5052879590255,7.96056284892316,13.9193652681145,9.88898506151129,0.489011027841332
"ENSG00000287099","ENSG00000287099",1.011395459218,"Upregulated",17.9060657635087,18.2432656816074,23.9514094812622,10.1433898946014,20.6922764351609,18.831387985528,20.0335803087928,16.5556847717634,0.273589076926545
"ENSG00000287498","ENSG00000287498",5.10394262922303,"Upregulated",31.4114067420802,22.5273457318544,23.5307988225015,15.3504648908188,20.3033269494772,25.8317759511595,25.8231837654787,20.4951892638185,0.331935530017003
"ENSG00000287609","ENSG00000287609",1.19902500332733,"Upregulated",33.1539979100227,10.6074591097624,10.5575495064259,7.21727209595534,7.54630995246599,10.0283087649766,18.106335508737,8.26396360446598,1.12218188300128
"ENSG00000287629","ENSG00000287629",1.18183323034449,"Upregulated",36.7003899959226,16.2358972544747,21.919291354582,22.5790410374032,14.1358624406656,24.6473082496662,24.9518595349931,20.4540705759117,0.285493558049505
"ENSG00000288757","ENSG00000288757",2.7475123809102,"Upregulated",40.8826003863436,32.3486484155573,45.8692784196829,44.83025616126,35.8173592851712,43.414066942003,39.7001757405279,41.3538941294781,-0.0587328320357502
"ENSG00000288877","ENSG00000288877",1.84942395682096,"Upregulated",46.2596384095068,26.6316346186252,44.2191950902657,35.5251528171783,19.947184830606,29.4176687491977,39.0368227061326,28.296668798994,0.462804938872846
"ENSG00000289407","ENSG00000289407",1.3541566660692,"Upregulated",24.6594584099082,22.6041837619232,19.2989082517712,13.2610898448535,25.7294126490908,14.593604147073,22.1875168078675,17.8613688803391,0.311338580216286
"ENSG00000289607","ENSG00000289607",1.45546339769769,"Upregulated",23.0941028330814,45.0784792078643,39.3985599290545,69.3612505621491,39.2015444158434,75.0898344634009,35.8570473233334,61.2175431471311,-0.770025336427794
"ENSG00000289612","ENSG00000289612",2.38482562458796,"Upregulated",33.230214753728,24.5528915274856,29.2990636916871,25.3158341009243,16.4647086736578,21.4525101670722,29.0273899909669,21.0776843138848,0.459831586508812
"ENSG00000289914","ENSG00000289914",2.33659188417881,"Upregulated",46.7231156332887,28.5489395347374,33.3651986071832,37.1892744446623,39.7166436433792,36.6511612838942,36.2124179250698,37.8523597906452,-0.0637265942190051
"ENSG00000290041","ENSG00000290041",1.91448753995393,"Upregulated",21.5381765250237,20.8395133345935,29.1277657108209,29.3891159169685,20.0459389949249,34.5824073541224,23.8351518568127,28.0058207553386,-0.231737986298838
"ENSG00000290531","ENSG00000290531",1.95528916574064,"Upregulated",17.8341644920607,20.2262087445525,16.4363981882731,18.4390556544987,20.212900181214,20.6481280978193,18.1655904749621,19.7666946445107,-0.121223468973877
"ENSG00000291044","ENSG00000291044",3.02902373566057,"Upregulated",27.9897852041861,18.2559800367335,19.519399925311,16.3775950676902,10.0319343990293,19.2984391790999,21.9217217220769,15.2359895486065,0.522006008464333
"ENSG00000003249","DBNDD1",-1.28659643733419,"Downregulated",17.618652122109,15.246397873773,19.0436569974973,17.6072144981387,6.35497138249247,14.1003383236695,17.3029023311264,12.6875080681002,0.444592778242682
"ENSG00000018189","RUFY3",-1.0531557823332,"Downregulated",21.1088414207885,14.3152581977433,19.6378871602053,7.69282232701778,8.72961988930519,8.32431966524858,18.3539955929124,8.24892062719052,1.14427161832845
"ENSG00000018408","WWTR1",-1.10443217157747,"Downregulated",40.8861339040744,7.98085818280434,18.8184636183155,2.80727857020166,11.8127977304291,3.53081384726933,22.5618185683981,6.05029671596671,1.88153572050289
"ENSG00000026025","VIM",-1.95031150058761,"Downregulated",26.2889535869931,23.2183094347301,25.8745309878055,10.1080960790197,13.7041741347759,14.1415993932755,25.1272646698429,12.6512898690237,0.984340595251154
"ENSG00000026950","BTN3A1",-2.60359341919242,"Downregulated",27.1610585823655,13.1306441700136,15.0414263229429,7.19191681807584,13.339271623053,8.95581767956416,18.4443763584407,9.82900204023102,0.901261125786612
"ENSG00000044524","EPHA3",-2.56491641494076,"Downregulated",11.5859448927499,13.563648868387,16.0013933131832,6.52179048810063,7.53699336660669,8.94938917458057,13.71699569144,7.66939100976263,0.83057053134527
"ENSG00000064989","CALCRL",-1.3256153590632,"Downregulated",14.0376198672331,13.2785163936244,24.1198442973448,3.54006175667632,13.6279888076167,2.25133200883865,17.1453268527341,6.47312752437722,1.39155359265985
"ENSG00000067082","KLF6",-1.03072239690016,"Downregulated",10.0327782118106,12.1060169446836,17.0184439444228,10.255889470689,12.1554231215268,12.5309071433437,13.052413033639,11.6474065785198,0.162985215994604
"ENSG00000070731","ST6GALNAC2",-1.61370383917683,"Downregulated",21.1770994810497,32.0192879407613,36.8721482217054,47.0052860718739,42.1187276619452,54.1010041117169,30.0228452145055,47.7416726151787,-0.667409784810756
"ENSG00000077092","RARB",-2.68173843181187,"Downregulated",44.3121459403156,12.9690430269275,16.9985517410305,7.60242495426895,13.1735217620115,6.80080810215162,24.7599135694245,9.19225160614402,1.41972115695651
"ENSG00000089472","HEPH",-2.25320948734782,"Downregulated",11.6300923047644,3.92256094321404,3.18445341820004,3.92554247702461,2.95055312942713,11.2974373261843,6.24570222205949,6.05784431087869,0.0433544309414094
"ENSG00000091137","SLC26A4",-1.4435827174597,"Downregulated",17.9448329231569,17.8590858855418,22.7702754055504,24.0655042780649,26.5564261288354,37.4755665708561,19.5247314047497,29.3658323259188,-0.586370110201399
"ENSG00000092621","PHGDH",-1.24918630749341,"Downregulated",66.312816035363,100.9637104205,88.64969574428,65.9244926064103,46.7338448480024,67.7479289796155,85.308740733381,60.135422144676,0.503771592626628
"ENSG00000102226","USP11",-1.33624709331308,"Downregulated",33.2704571979802,12.1117030823976,9.57454758040649,8.15865546781005,11.3053470955353,4.48740793203379,18.3189026202614,7.9838034984597,1.18808095152053
"ENSG00000104756","KCTD9",-1.17618385359836,"Downregulated",24.2747399203222,24.383366001736,32.8647431506536,26.3443286896826,30.3800440974707,28.4147152729656,27.1742830242373,28.3796960200396,-0.0623924756432067
"ENSG00000106034","CPED1",-2.98018614138298,"Downregulated",54.3251009448174,55.5744192669558,61.3340827759944,48.1079386612465,36.8022314949678,42.8016029251627,57.0778676625892,42.5705910271256,0.422214725128318
"ENSG00000107560","RAB11FIP2",-1.30460361926302,"Downregulated",16.750366975069,11.1256193470864,14.6407764313069,4.00413197875023,6.90587249580695,12.0822369347919,14.1722542511541,7.66408046978303,0.878326245433331
"ENSG00000109220","CHIC2",-1.29890754680754,"Downregulated",62.2911139894952,60.0207669983307,50.6591476266315,32.9298494696617,36.8992522752947,33.5668665194998,57.6570095381525,34.4653227548187,0.740670649388508
"ENSG00000109846","CRYAB",-2.70752790616832,"Downregulated",12.2276826631278,5.55601546413858,7.69927713823556,7.96074301338196,8.35007106091665,5.38523358106613,8.49432508850064,7.23201588512158,0.229174437911888
"ENSG00000110852","CLEC2B",-3.07253009516651,"Downregulated",15.3020060289074,5.14666233262943,8.42343217947266,2.30115884618881,1.29221351444721,1.64445118904114,9.62403351366983,1.74594118322572,2.39719828011692
"ENSG00000111261","MANSC1",-2.08928440686017,"Downregulated",29.7606708291665,16.371278628935,23.4723730630734,11.6919326955878,14.3809015168084,17.1492669141293,23.2014408403916,14.4073670421751,0.683633459555419
"ENSG00000111341","MGP",-1.69964062689797,"Downregulated",29.5476235310237,25.7693262173543,28.1278928633322,13.3329237671393,17.3471812765773,19.6043619169316,27.8149475372367,16.7614889868827,0.727305902827195
"ENSG00000111860","CEP85L",-1.04643055660453,"Downregulated",41.4596436174711,22.6662413039418,27.3186190077479,8.53857182471022,20.9419886256164,10.5923468050957,30.4815013097203,13.3576357518074,1.18423425495501
"ENSG00000114200","BCHE",-3.83880713581027,"Downregulated",9.77912872122682,7.56504620808889,10.2997787175792,4.6158143839775,8.70874138311906,3.11091054308003,9.21465121563164,5.47848877005887,0.739627404473631
"ENSG00000114423","CBLB",-1.04765138024705,"Downregulated",25.5806549569964,15.1798095969347,23.2518321389661,16.4084170070978,21.3001127744976,10.8686448931694,21.3374322309657,16.1923915582549,0.395933718131557
"ENSG00000116128","BCL9",-1.13737626987091,"Downregulated",13.9899527785975,21.0296872672857,17.0792371252408,14.5533368520993,10.498517999053,17.067539556632,17.3662923903747,14.0397981359281,0.304811872655077
"ENSG00000116641","DOCK7",-1.04493452677916,"Downregulated",27.7797558776923,14.4745653644551,18.945184506628,4.25765189806992,14.1469948367639,9.75603952683693,20.3998352495918,9.38689542055692,1.11160436659573
"ENSG00000116675","DNAJC6",-1.37346940544096,"Downregulated",19.1994188784817,10.0153165926846,15.3379222035408,6.85893935629955,12.9745735785236,9.89556966210804,14.850885891569,9.90969419897705,0.578833071802091
"ENSG00000117226","GBP3",-2.32650400292395,"Downregulated",13.0676427041846,9.13481645821454,9.38190199775355,8.19470940958964,2.86275005340576,4.79631384387612,10.5281203867176,5.28459110229051,0.980977776750643
"ENSG00000118523","CCN2",-3.28153506387259,"Downregulated",27.6957630681562,15.5723273885938,18.5002697447733,5.21430356893688,4.15767894025709,5.48278067217154,20.5894534005078,4.95158772712184,2.0340867237613
"ENSG00000118785","SPP1",-3.26116290169136,"Downregulated",15.7562671992514,15.3741567720686,15.861985212525,5.84446521600087,1.98952067010808,6.89340353553945,15.664136394615,4.90912980721613,1.65401423376997
"ENSG00000121691","CAT",-1.14375443903503,"Downregulated",42.9843308985806,39.074908028527,33.2903720935186,44.9950486763664,23.1681960713356,46.4825176215973,38.4498703402087,38.2152541230998,0.00880713344222491
"ENSG00000122335","SERAC1",-1.44785048210458,"Downregulated",9.87320500006899,15.1598608436493,18.8732770372154,4.40099502768781,2.40168960889181,8.97889097883732,14.6354476269779,5.26052520513898,1.45884462385129
"ENSG00000122786","CALD1",-1.39188333271336,"Downregulated",26.4654630019999,13.476560898202,14.2929810167787,7.02494833000705,12.6636927090585,8.40850656665862,18.0783349723269,9.36571586857473,0.941436540664497
"ENSG00000125945","ZNF436",-1.49721235183168,"Downregulated",24.1003369076384,25.8672658043657,28.9572352165956,15.9858535078337,19.1395625618008,25.9285846154893,26.3082793095333,20.3513335617079,0.368795383089946
"ENSG00000126368","NR1D1",-1.55227962805415,"Downregulated",21.3196103641068,30.9625015237596,33.1584560401597,38.2564356389253,29.6262168019317,44.9646651292149,28.480189309342,37.6157725233573,-0.400152504029633
"ENSG00000128512","DOCK4",-1.96740137136342,"Downregulated",8.69368616547905,25.957202464963,30.1680195161275,17.5853769203479,17.9012692011636,24.810941916026,21.6063027155232,20.0991960125125,0.103816138705454
"ENSG00000128656","CHN1",-2.61895644194789,"Downregulated",12.321340410499,11.5336213034097,10.0970385416209,6.68204086491492,4.98835626305366,7.71258292886718,11.3173334185099,6.46099335227859,0.799239576166312
"ENSG00000129151","BBOX1",-2.87397183194767,"Downregulated",16.132941720722,14.1561621284589,12.2203371943383,14.7259153116529,19.4426622046551,14.8425932939236,14.169813681173,16.3370569367439,-0.203985508991889
"ENSG00000130066","SAT1",-1.60255944678186,"Downregulated",17.432530105114,11.6894290555869,12.7690349361476,3.98533490571109,3.64281141616049,10.1104364859593,13.9636646989495,5.91286093594364,1.22584908205026
"ENSG00000133107","TRPC4",-2.95769147522539,"Downregulated",29.0859416586423,23.9857936583262,19.0076794505119,25.5208829856745,13.2667243677454,25.6304426736065,24.0264715891601,21.4726833423422,0.161411303055132
"ENSG00000134986","NREP",-1.29439246819561,"Downregulated",44.1714456126948,25.5763937974708,24.1614389782495,9.41553563213794,22.9784984188744,13.1385909808534,31.3030927961384,15.1775416772886,1.03949423609165
"ENSG00000136869","TLR4",-2.15389723644691,"Downregulated",28.3357817031242,14.036618474457,19.3558914139867,8.1965547876358,16.1754771882997,8.59325699859791,20.5760971971893,10.9884296581778,0.89890882374179
"ENSG00000138193","PLCE1",-1.25960790598309,"Downregulated",27.4663228188952,23.1589546437956,30.1037915856557,15.3894064405986,14.8297247083719,18.4653916984797,26.9096896827822,16.2281742824834,0.726113578165011
"ENSG00000138798","EGF",-1.13363942507445,"Downregulated",17.1830939640922,12.3788800651157,9.26893086683366,5.21462221326781,3.1734377242798,5.62043388235954,12.9436349653472,4.66949793996905,1.45143665760375
"ENSG00000139289","PHLDA1",-1.52068410751639,"Downregulated",7.20132481366396,17.2393941829831,16.5688509402737,9.811289942659,11.5334692194931,11.8294977203689,13.6698566456402,11.058085627507,0.303424012202906
"ENSG00000143079","CTTNBP2NL",-1.03064586596686,"Downregulated",28.4696601967173,19.3672235470552,29.0190353424279,16.312529806296,9.16588868897989,10.2506226586799,25.6186396954001,11.9096803846519,1.0986165810727
"ENSG00000145349","CAMK2D",-1.58675369562854,"Downregulated",28.8878106754438,17.9770970449014,18.9889746030172,10.4814189470142,7.80537175300509,12.5352169894433,21.9512941077874,10.2740025631542,1.08789069336342
"ENSG00000148735","PLEKHS1",-1.6202327617059,"Downregulated",12.8511268577792,14.1948571693348,22.8612154961535,3.23402183793359,10.457564752387,14.9974844074526,16.6357331744225,9.5630236659244,0.792385155427751
"ENSG00000149516","MS4A3",-2.80510344099642,"Downregulated",8.2569877392933,9.35268727772766,10.0106538361814,9.13551138999226,10.3423995381715,12.6375610903492,9.20677628440077,10.7051573395043,-0.215366646801901
"ENSG00000150667","FSIP1",-1.46912889352903,"Downregulated",20.5378043151671,20.4779204338399,18.2071259593085,8.51641921023838,8.04972167629184,10.0449329032243,19.7409502361051,8.87035792991817,1.14524366492841
"ENSG00000151491","EPS8",-1.37525648893854,"Downregulated",9.67807846482505,12.2420387490504,16.1371259000048,15.0984746874844,7.0887129959606,9.22848221181351,12.6857477046268,10.4718899650862,0.274303216952797
"ENSG00000151612","ZNF827",-1.71817300062767,"Downregulated",10.4636697707807,13.4753903290109,15.7983520934556,7.08568303783735,6.04263834229537,8.21293142352785,13.2458040644158,7.11375093455352,0.887564710369702
"ENSG00000152763","DNAI4",-1.1841840045906,"Downregulated",16.2341996407976,22.854214251822,25.7821547360647,17.0322566135662,9.50955631335576,13.8310787275555,21.6235228762281,13.4576305514925,0.68015301947499
"ENSG00000153802","TMPRSS11D",-1.21147381593648,"Downregulated",35.8246551358475,10.8958477577881,14.8569103528042,3.29484147234605,14.4101383071957,13.8415178630087,20.5258044154799,10.5154992141835,0.95827816786306
"ENSG00000154589","LY96",-2.73431175195255,"Downregulated",22.5068216200533,11.4784193347323,14.2890604039033,7.61106665720863,8.29240040368931,8.96796676473341,16.0914337862296,8.29047794187712,0.94840584753061
"ENSG00000155875","SAXO1",-2.39497346984107,"Downregulated",18.4980779258828,21.7493595794096,25.2956435724136,11.2724122811447,9.42119210430731,14.9030992280651,21.8476936925687,11.8655678711724,0.875180479414788
"ENSG00000160307","S100B",-1.85622322958484,"Downregulated",13.1154373650367,22.8160923982071,23.3080081553073,21.416799258035,16.215119412685,29.0468572343268,19.746512639517,22.2262586350156,-0.169855984806161
"ENSG00000162496","DHRS3",-1.9516130600691,"Downregulated",23.0655700781129,44.2519926825317,40.9157776513643,26.2439837572303,13.0782765285112,33.2566677302849,36.0777801373363,24.1929760053421,0.574564649324839
"ENSG00000163565","IFI16",-1.78554926430344,"Downregulated",19.9805532504212,9.53947765593018,17.0023262560368,4.92644794099033,13.2754284850877,8.39106750185939,15.5074523874627,8.8643146426458,0.799969872001296
"ENSG00000163661","PTX3",-1.39997837313081,"Downregulated",29.1462327213514,19.8303777129272,25.4799644875526,14.4374367122139,17.7256488514548,15.2447960395079,24.8188583072771,15.8026272010589,0.647972844446166
"ENSG00000164117","FBXO8",-1.03755904490729,"Downregulated",9.61869916067285,7.42357021609627,11.1659811106221,8.39616138033751,10.013573149704,4.5193259868216,9.40275016246375,7.64302017228769,0.295448699224619
"ENSG00000164185","ZNF474",-1.15484389543913,"Downregulated",10.6979211941361,8.03212152026306,9.66808431601002,9.15821636867041,7.98301318329242,8.76987298920348,9.46604234346974,8.63703418038877,0.130778542847754
"ENSG00000164199","ADGRV1",-1.54072473617677,"Downregulated",15.4899744731609,14.5057625245517,16.2634278736685,8.54824781464779,5.27440665501195,18.2773486323979,15.4197216237937,10.7000010340192,0.523071229716899
"ENSG00000164440","TXLNB",-1.19986495583048,"Downregulated",32.056416467293,8.36697348032222,11.2253457558328,13.9914087464667,4.76762003114779,10.7260186753775,17.2162452344827,9.82834915099732,0.802500380568726
"ENSG00000165071","TMEM71",-4.52252877253319,"Downregulated",39.847365207848,17.9930258142321,20.7433787210191,11.0092512119561,20.9391191408668,11.5224693154955,26.1945899143664,14.4902798894395,0.849758437839372
"ENSG00000165156","ZHX1",-1.01817204708729,"Downregulated",51.6164192965915,27.8279660803634,35.8899902087801,23.1293320601362,16.4481488109394,26.7813982721922,38.4447918619117,22.1196263810892,0.794701379354097
"ENSG00000166352","IFTAP",-1.17519949353232,"Downregulated",27.0714946629396,14.64236165062,19.6040652020033,15.9066556604772,21.3343698643802,17.524462221233,20.4393071718543,18.2551625820301,0.162201624494186
"ENSG00000166394","CYB5R2",-3.93951485568292,"Downregulated",10.7463404840353,11.028801678196,19.3812704220326,4.5544409748755,10.8584217899375,8.59747401475906,13.7188041947546,8.0034455931907,0.770025399090206
"ENSG00000166682","TMPRSS5",-1.32652118631458,"Downregulated",20.1880099003755,20.1286499230057,29.6498836064061,20.9686612036763,26.1587313628588,25.7082198182208,23.3221811432625,24.2785374615853,-0.057736146985339
"ENSG00000168685","IL7R",-2.20550097959643,"Downregulated",36.1104798883385,39.1156849651085,39.7435439060896,20.8927771759194,33.0485967404621,19.8407220718967,38.3232362531788,24.5940319960927,0.637816620912867
"ENSG00000168917","SLC35G2",-1.18926220179109,"Downregulated",23.3826857392605,18.038698277937,22.9230744610441,17.2658288598861,18.7940052121225,21.0982251951049,21.4481528260805,19.0526864223712,0.170017438595362
"ENSG00000169429","CXCL8",-4.41719217334265,"Downregulated",60.2564051703319,29.864251182529,38.9399943599607,15.09557720376,26.7035002878258,24.6892029688616,43.0202169042738,22.1627601534825,0.953731965017523
"ENSG00000170006","TMEM154",-1.74093699133868,"Downregulated",16.844335223714,16.9956872301479,17.7601162059122,9.61503961755454,13.3286188155123,13.4376268966238,17.2000462199247,12.1270951098969,0.500694200446535
"ENSG00000171033","PKIA",-1.14299109821928,"Downregulated",24.5487561939837,19.9958560113554,26.5839632016187,14.1597807327694,16.9322217444287,16.3920584277141,23.7095251356526,15.8280203016374,0.579971882338693
"ENSG00000171877","FRMD5",-2.07909587368013,"Downregulated",62.0501820322509,37.1363357639313,34.2285179894273,34.4373613103277,28.6881295953845,39.7202815234661,44.4716785952032,34.2819241430594,0.374477008934414
"ENSG00000172123","SLFN12",-1.38904594767455,"Downregulated",58.2259099154369,37.8940492783074,38.3155975548588,14.0968196755213,21.4214122974744,19.9772231867819,44.8118522495344,18.4984850532592,1.27191111196957
"ENSG00000172201","ID4",-1.40384854992968,"Downregulated",19.9156498127887,20.8746330918062,22.3872487436641,21.5552507741698,22.4888222862035,27.7377370169669,21.0591772160864,23.92727002578,-0.183389210309587
"ENSG00000174125","TLR1",-2.77150292838631,"Downregulated",14.7902447902239,12.8841011637416,15.6136762702104,4.85200462585841,6.71862398477701,12.83367612097,14.429340741392,8.13476824386847,0.819169290199423
"ENSG00000175130","MARCKSL1",-1.02713767581887,"Downregulated",25.4446409676648,71.3348247590923,66.1330981369102,79.2145759166555,39.7580637253466,73.8332437180867,54.3041879545558,64.2686277866963,-0.24264000144009
"ENSG00000175505","CLCF1",-1.13495506277839,"Downregulated",23.7106653585079,36.2530300938353,35.2635555669728,30.2060669096453,17.9140550473122,41.5198000142207,31.7424170064387,29.8799739903927,0.0869507165041778
"ENSG00000175745","NR2F1",-1.16993586692858,"Downregulated",30.8898537532463,25.2690270466892,24.5359522639841,9.50868430200182,13.1041657957485,14.7761566292714,26.8982776879732,12.4630022423406,1.10368610243418
"ENSG00000176435","CLEC14A",-3.68123325424882,"Downregulated",17.1329415203495,7.67597219434968,6.11755163379076,12.5931638489782,6.01056084036827,10.9960593790203,10.30882178283,9.8665946894556,0.0626342084999574
"ENSG00000178596","GAPDHP29",-3.4202558479385,"Downregulated",29.1876743348098,31.6720852892278,41.2909362839193,17.230709275428,20.6754175771878,16.0529662735122,34.050231969319,17.986364375376,0.916992943987616
"ENSG00000179300","RTL3",-2.70296365281205,"Downregulated",18.1345240158447,15.1089358073758,17.9096079972055,6.67731700795037,9.49537485771709,5.07773314602673,17.0510226068087,7.08347500389806,1.25554077640899
"ENSG00000181722","ZBTB20",-2.45398658614074,"Downregulated",20.239903310192,19.7472905421164,28.5439354117199,15.096725829239,13.0825461264828,20.8892709980334,22.8437097546761,16.356180984585,0.479469112931058
"ENSG00000182165","TP53TG1",-1.49485352651194,"Downregulated",22.0499674337251,24.2809900817289,22.4996686741097,19.5420753498288,19.0188696896657,29.8055430759083,22.9435420631879,22.7888293718009,0.00971881354078143
"ENSG00000183696","UPP1",-1.08397806487537,"Downregulated",18.3586722064901,20.7145122033064,23.5462526725307,15.8419417330995,12.3666414102586,22.3750894483593,20.8731456941091,16.8612241972391,0.306302960864352
"ENSG00000184486","POU3F2",-1.90897079601039,"Downregulated",23.1196291158339,43.6408594495528,36.0453107128752,30.9190262770541,18.2572979965199,37.2019105221269,34.2685997594206,28.7927449319003,0.25038380234137
"ENSG00000185880","TRIM69",-1.22565398860306,"Downregulated",35.835344174644,27.1720985469377,31.7317342946095,27.3583453328609,18.3648991392782,27.6946301293373,31.5797256720637,24.4726248671588,0.366507866821236
"ENSG00000186470","BTN3A2",-2.3457328978024,"Downregulated",9.01899745066961,12.6620678622709,16.7979086399767,6.30189262562936,10.1977852428501,6.26009421664126,12.8263246509724,7.58659069504025,0.749896377939855
"ENSG00000186496","ZNF396",-1.03290318035641,"Downregulated",11.9928282104634,11.2864719327665,8.76479080837706,9.15555935578816,8.55997727008966,8.6477419535319,10.6813636505357,8.78775952646991,0.278647977079598
"ENSG00000187229","ENSG00000187229",-1.33893269525661,"Downregulated",19.8634737739339,10.6535247676253,13.4378732023701,8.61811038599176,8.41374475260576,5.47288267342549,14.6516239146431,7.50157927067434,0.956502697767719
"ENSG00000197329","PELI1",-1.85709427239113,"Downregulated",49.707710873063,36.3980530894527,38.2368724598062,52.8013365432456,16.7932652027318,45.0631332695484,41.4475454741073,38.2192450051753,0.116694112387602
"ENSG00000197959","DNM3",-1.2073034542394,"Downregulated",19.5576804010641,21.9830546277889,32.7556665958585,14.8687744213371,26.9024351592612,14.9355218789374,24.7654672082372,18.9022438198452,0.387973754134434
"ENSG00000198342","ZNF442",-1.36394388440885,"Downregulated",18.1621431571088,32.0220433510603,27.0849806780511,23.6281781257665,18.8332673204395,24.8888108949009,25.7563890620734,22.4500854470356,0.197387911485855
"ENSG00000200156","RNU5B-1",-1.49511475027384,"Downregulated",19.34164093816,11.0241671733221,11.27138673332,9.19696413266332,19.561134761739,6.25671845508946,13.8790649482674,11.6716057831639,0.24795672879852
"ENSG00000201157","SNORA62",-1.20924922918036,"Downregulated",50.1086359891627,22.2682266383698,33.2069923894585,4.77566248799364,15.5686158003478,9.24459729592005,35.194618338997,9.86295852808717,1.82480209736685
"ENSG00000203965","EFCAB7",-1.08265153441444,"Downregulated",20.3357585867246,12.4770356252044,10.9026791069243,9.47647502780825,3.95837284968449,3.91976823194607,14.5718244396178,5.7848720364796,1.31796533106786
"ENSG00000204767","INSYN2B",-2.1552407459978,"Downregulated",42.3211498745775,29.8911794474295,32.1410779766134,11.8041250983087,23.1875898732293,11.8514334019274,34.7844690995401,15.6143827911551,1.15049926872053
"ENSG00000205413","SAMD9",-3.96118727122268,"Downregulated",15.6047254124793,8.76569897004149,11.1195282653758,4.90506242923439,13.591540735276,5.93578577652956,11.8299842159655,8.14412964701332,0.533153036307651
"ENSG00000205765","RIMOC1",-1.31853918054431,"Downregulated",24.8208679170985,23.4972853569742,36.1452428705635,24.5482971795643,24.1992628345532,32.0894855750286,28.1544653815454,26.9456818630487,0.0630806209108686
"ENSG00000207863","MIR125B2",-3.41996869439188,"Downregulated",14.8986943286533,14.4311596936904,16.5695600505798,14.6820291374507,6.20680273662914,10.4409507975649,15.2998046909745,10.4432608905482,0.546590911557257
"ENSG00000211448","DIO2",-1.06641545458204,"Downregulated",18.5449125258128,9.28876954934212,11.93863359376,3.25586436304849,7.81409094701795,7.39109958535747,13.257438556305,6.1536849651413,1.09486493165563
"ENSG00000212370","RNU6-482P",-1.86155566663287,"Downregulated",16.6147781610489,5.09755864088275,8.53791388897669,1.16969886753294,4.13508435658046,3.74262410636042,10.0834168969694,3.01580244349127,1.70854605014622
"ENSG00000212473","RNU1-101P",-3.48185371896312,"Downregulated",14.3907552393419,9.32369741353278,9.32258612011116,8.17316190393891,27.1721824120695,7.64142533295027,11.012346257662,14.3289232163196,-0.376800181086417
"ENSG00000214274","ANG",-1.23515611649548,"Downregulated",19.0175550508855,15.2525218866639,13.5279934966945,8.74694438997437,8.24340039983536,12.1092212998261,15.932690144748,9.69985536321194,0.710184155719153
"ENSG00000224687","RASAL2-AS1",-1.38827408229214,"Downregulated",40.3862536092981,26.632615568309,27.4204286419112,11.7591149482501,19.3229179406008,13.6608208430441,31.4797659398394,14.9142845772983,1.07266474551742
"ENSG00000227496","ENSG00000227496",-1.195065769918,"Downregulated",41.0711382085219,23.0557075949758,35.2764510568122,17.245594148488,16.1477904837687,21.6414866881371,33.13443228677,18.3449571067979,0.849452275782037
"ENSG00000228031","ENSG00000228031",-2.42147318681456,"Downregulated",19.2285926982921,15.447229465577,17.5971627709972,8.95286378396296,17.1179972534041,16.378631175689,17.4243283116221,14.1498307376853,0.298414365607833
"ENSG00000228213","NLGN1-AS1",-1.58071662096584,"Downregulated",17.8923061020672,10.4485804547524,13.3684297204018,6.09079276238169,2.75672183776724,3.68548046729781,13.9031054257405,4.17766502248225,1.71085138794718
"ENSG00000228801","PCMTD1-DT",-1.19675884702767,"Downregulated",23.8114585364237,24.2544829099075,23.7719063131433,25.8302088431942,18.1081627250947,24.8076214828188,23.9459492531582,22.9153310170359,0.0631986878710098
"ENSG00000229989","MIR181A1HG",-2.91915952863541,"Downregulated",49.4714462848271,16.999558043191,20.688152661754,5.08318049652236,9.29163333613958,8.67700113821775,29.053052329924,7.68393832362656,1.905074757749
"ENSG00000234724","HDAC1P1",-1.36657190899332,"Downregulated",12.9635690910476,4.17815510441477,5.06884914693378,2.48143549263477,4.26847202547135,7.12663945712541,7.40352444746537,4.62551565841051,0.667096628843664
"ENSG00000234995","RPS3AP28",-1.20086603532917,"Downregulated",23.6842096386812,6.11286816397154,8.77065180556304,3.99708237685263,12.3718362981623,2.13565088402141,12.8559098694052,6.16818985301211,1.04748955444941
"ENSG00000235387","SPAAR",-1.7777751682542,"Downregulated",24.7004942029715,36.9825949345605,35.475904978396,31.8861290517203,18.2503632541746,32.2940386349047,32.386331371976,27.4768436469332,0.236375491421809
"ENSG00000235448","LURAP1L-AS1",-2.46488073977439,"Downregulated",23.8296190469296,10.716936612686,13.3731710937543,3.32848212590405,7.21612439611379,10.2257466214768,15.9732422511233,6.92345104783156,1.19440898142011
"ENSG00000236098","ENSG00000236098",-2.02574717823706,"Downregulated",27.4732579137968,13.8003253674223,18.5338148006579,5.62582553882118,12.1267936404305,10.895054614421,19.9357993606257,9.54922459789091,1.05409515095926
"ENSG00000236556","ENSG00000236556",-1.44791957053265,"Downregulated",27.5167796962401,8.4167071662714,9.77327494365828,3.24043283239007,10.8165075443293,5.59496066109701,15.2355872687233,6.55063367927212,1.20531970120039
"ENSG00000237162","RPS20P9",-1.53363958730643,"Downregulated",27.5233597614699,9.77251873535139,7.23216854797975,1.84227598394666,2.9117876291275,4.22858665108681,14.842682348267,2.99421675472032,2.27179297985829
"ENSG00000237807","LINC02984",-2.04972005255179,"Downregulated",19.5698402816057,12.5652269675322,23.2073453839842,11.2738236120114,15.5749316698029,13.0093593383447,18.4474708777074,13.2860382067197,0.470493438011528
"ENSG00000242768","ENSG00000242768",-1.48542128658693,"Downregulated",29.6868722362574,13.9482402233407,17.9339471717915,4.46469994847264,10.22888098265,4.82428322306701,20.5230198771299,6.5059547180632,1.64241661988406
"ENSG00000243978","RTL9",-2.92705739503442,"Downregulated",21.0427356054043,8.76167464278864,11.0949678844381,11.807857639754,19.6585924351802,4.13420562191707,13.6331260442103,11.8668852322837,0.198612367431821
"ENSG00000244694","PTCHD4",-1.81875485514876,"Downregulated",26.599486280132,16.5315933708515,21.4371797557203,10.6208235005702,28.3736568493769,18.5805951382251,21.5227531355679,19.1916918293907,0.164570557747294
"ENSG00000245552","LNCRNA-IUR",-2.53544744525542,"Downregulated",14.4639675610008,24.1390345711345,19.2344650871946,10.9173726659446,26.08266311659,17.6741958326334,19.2791557397766,18.2247438717226,0.0807126868797763
"ENSG00000246898","LINC00920",-1.14293433467202,"Downregulated",40.9445917563438,43.8062584034691,46.996154934005,36.6404863347305,37.1136495094332,34.2725843914671,43.915668364606,36.0089067452103,0.285662433790986
"ENSG00000248362","ENSG00000248362",-8.62175179541985,"Downregulated",14.4448150597609,8.80525320191537,8.80113435155563,3.77702418573805,4.13508125041661,2.06350026259551,10.6837342044106,3.32520189958339,1.65459590697947
"ENSG00000249572","TARS1-DT",-1.15369098871118,"Downregulated",18.4031386810138,21.1658542739691,24.8600641773865,15.2298563317292,8.34168592488991,12.8510187674154,21.4763523774565,12.1408536746782,0.817746813668774
"ENSG00000249867","LINC02742",-3.01963469423991,"Downregulated",35.731443862787,24.3504129600945,28.1136036026373,9.12224383099425,19.2511103254777,8.02836674681077,29.3984868085063,12.1339069677609,1.26975573975728
"ENSG00000250045","CBX3P3",-1.99585334888677,"Downregulated",12.7961811070089,6.43429424162482,4.8576046518267,1.72846792839669,5.84692006341873,2.17254705109247,8.02936000015347,3.2493116809693,1.27927714084956
"ENSG00000250993","ENSG00000250993",-1.94837295996501,"Downregulated",24.5775211835685,10.3306004054643,14.177492777758,3.90786025289333,6.1047795696391,4.41565464999941,16.3618714555969,4.80943149084395,1.74550048067061
"ENSG00000253196","ENSG00000253196",-4.63770191013659,"Downregulated",13.327055856406,22.0861504124808,23.4525784032861,53.1122031838681,55.1124317685287,52.4494719150662,19.6219282240576,53.5580356224877,-1.44399362794009
"ENSG00000253227","ENSG00000253227",-1.74550546052751,"Downregulated",47.0437669306993,31.8969993719971,39.7202116173367,17.2074903586332,25.0561472372253,15.2066150907314,39.5536593066777,19.15675089553,1.04208970210202
"ENSG00000253517","XRCC6P4",-2.25212071523697,"Downregulated",29.3063698813949,13.5735254373359,12.7174079479092,9.36375692464355,17.5827483784768,9.30856996657802,18.5324344222133,12.0850250898995,0.612706960346961
"ENSG00000253616","ENSG00000253616",-2.15784520271289,"Downregulated",20.5330447806553,25.2679253130887,30.1905963226939,18.0197729952633,20.7464219613509,12.6804207439546,25.3305221388127,17.1488719001896,0.560059072961268
"ENSG00000253777","ENSG00000253777",-4.82642899152814,"Downregulated",44.845222176205,5.13880286686468,9.35250404477119,5.31905658516968,6.75696341952552,3.21929532686869,19.7788430292803,5.09843844385463,1.93508356984041
"ENSG00000254300","LINC01111",-2.90943849543759,"Downregulated",47.6083568587988,14.8492340616846,27.754289317131,3.00129144810713,5.83083053129284,3.09170142034205,30.0706267458715,3.97460779991401,2.88841156146314
"ENSG00000254919","ENSG00000254919",-4.71155978154294,"Downregulated",21.1203134663935,18.1926172178747,24.2503602885065,16.6160581740173,21.505717958297,15.789382104001,21.1877636575916,17.9703860787718,0.236397068269614
"ENSG00000254951","ENSG00000254951",-2.44867957226756,"Downregulated",7.24295113235712,9.90310531445372,7.82107919798448,3.69552003964782,16.2089930589382,5.7686269068718,8.32237854826511,8.55771333515262,-0.039758312725004
"ENSG00000255043","NAV2-AS5",-1.24504037040701,"Downregulated",25.1421927168256,28.6802233830454,30.636631649878,13.792576907421,19.5267838736375,17.3104687574747,28.153015916583,16.8766098461777,0.734856490860496
"ENSG00000255270","NAV2-IT1",-1.73217767444956,"Downregulated",22.9182978954123,16.8256374092857,19.2958090639376,16.5624700903076,20.3110213081042,18.5034984209036,19.6799147895452,18.4589966064385,0.0919174979266724
"ENSG00000256083","ENSG00000256083",-2.05530276268312,"Downregulated",11.1795952080132,11.6838083567374,19.0499264978048,17.2384548330059,16.2399197270473,21.252536010395,13.9711100208518,18.243636856816,-0.382543557486347
"ENSG00000257497","GLIPR1-AS1",-1.49067258025141,"Downregulated",18.2764842952602,14.7457917232908,21.6221451203839,2.86868766993284,7.54652215242386,6.38058668110106,18.2148070463116,5.59859883448592,1.68433136212036
"ENSG00000257732","ENSG00000257732",-3.62602774055884,"Downregulated",33.6119741296375,10.3733193511234,14.5986706361538,5.65002290587476,13.2928349639882,6.30220002472938,19.5279880389716,8.41501929819744,1.2048305926572
"ENSG00000257754","ENSG00000257754",-1.19957750583868,"Downregulated",6.97118153757062,8.12361816422077,12.0321846815848,2.56121377392513,8.92307813334883,5.69079305030204,9.04232812779205,5.725028319192,0.650296536068517
"ENSG00000258754","LINC01579",-2.57447545195545,"Downregulated",16.0916411909339,16.0791908873291,18.7830224905098,11.7702271878218,12.5040595800646,23.0027267499915,16.9846181895909,15.7590045059593,0.107395792791539
"ENSG00000259070","LINC00639",-2.82420269869948,"Downregulated",12.2455775387703,5.00104129799577,7.55923839201007,5.00492621983512,6.20262853304545,5.8878695630666,8.26861907625873,5.69847477198239,0.52931611588814
"ENSG00000259345","ENSG00000259345",-1.98712979933254,"Downregulated",24.3115188123782,29.6813787048783,25.165690324192,25.8367583746185,28.1268134202713,24.5848747705514,26.3861959471495,26.1828155218137,0.0111208216999937
"ENSG00000261366","MANEA-DT",-2.44523891862268,"Downregulated",10.9455408815008,7.57731692726706,12.7347505105439,11.9164685901907,6.26416124563132,16.6095942330157,10.4192027731039,11.5967413562792,-0.153081289249572
"ENSG00000261824","LINC00662",-1.63963308576434,"Downregulated",21.2688344129681,34.3086687971503,28.9726859336728,24.5535289532896,15.8609999795045,22.1569324500352,28.1833963812637,20.8571537942765,0.43251257827796
"ENSG00000262001","DLGAP1-AS2",-2.11215961116364,"Downregulated",17.5782848548407,15.7882892785176,21.5543019088895,5.99471102930881,11.4863464432758,9.17001609575181,18.3069586807493,8.88369118944548,1.0348710331013
"ENSG00000263293","EFCAB13-DT",-1.52858220763097,"Downregulated",24.3975439364711,18.3127785946569,14.7758515179157,10.6554063214827,24.6331363425535,18.4990239365304,19.1620580163479,17.9291888668555,0.095427361918508
"ENSG00000265817","FSBP",-1.66470633587241,"Downregulated",46.965561054703,20.4092633876132,22.0720408163714,5.63708235202609,14.1475630211696,4.51422733143915,29.8156217528958,8.09962423487829,1.86726934582575
"ENSG00000266313","ENSG00000266313",-1.05590230619941,"Downregulated",42.6722648136544,42.0407830298456,37.8395156386708,40.2228653204387,23.2759250859916,44.9970872893053,40.8508544940569,36.1652925652452,0.175304068234069
"ENSG00000266928","ENSG00000266928",-1.99984200350297,"Downregulated",16.8942179820828,30.5160978210675,35.2725834108032,9.79070753295247,20.778060920695,19.7451911326378,27.5609664046512,16.7713198620951,0.713278719831838
"ENSG00000267078","ENSG00000267078",-1.3353818479553,"Downregulated",56.7072825897729,85.8411533449903,80.2271823519367,80.6143262957739,50.9779906281205,93.5663888658796,74.2585394289,75.0529019299247,-0.0153303802596713
"ENSG00000267366","ENSG00000267366",-1.2665290667093,"Downregulated",25.8689944006148,17.6060608814337,15.5788486649837,8.71116289239846,16.6814263728191,14.5859151269183,19.6846346490108,13.3261681307119,0.559332810220473
"ENSG00000267529","ENSG00000267529",-1.21548472269815,"Downregulated",35.8369110281651,24.8260646550984,37.9970498012407,26.7459105033089,32.3992999415008,36.9011916870712,32.8866751615014,32.0154673772936,0.0386150789420678
"ENSG00000269559","ENSG00000269559",-1.0665555774853,"Downregulated",30.2000676761503,17.865456085961,14.1199338849569,10.9347271675674,8.25868251423041,8.16796356088975,20.7284858823561,9.12045774756251,1.17564768728948
"ENSG00000271204","ENSG00000271204",-1.02164055594688,"Downregulated",22.7484224043883,16.4736127899718,19.2142656399904,6.07091293369348,10.1531050902392,7.22025774563513,19.4787669447835,7.81475858985594,1.30667265588965
"ENSG00000272482","ENSG00000272482",-1.4912010168687,"Downregulated",27.9371731386642,43.7563125014305,45.2423198360663,34.9292136755857,25.09378955741,34.4910234568955,38.978601825387,31.5046755632971,0.306240845717105
"ENSG00000276673","ENSG00000276673",-1.33237234725449,"Downregulated",27.4593740791082,12.5617410396798,16.0907919715191,5.7044790148735,3.44590404805015,4.18582830225167,18.7039690301024,4.44540378839177,2.04855684331756
"ENSG00000276772","ENSG00000276772",-1.35778023620431,"Downregulated",10.2607894933023,20.5460950013233,23.4636816927607,32.8597327699052,27.5336866185178,21.7631681171533,18.0901887291288,27.3855291685254,-0.595511743808804
"ENSG00000276790","ENSG00000276790",-1.13887604775832,"Downregulated",25.4625763216775,28.9176541740267,36.8142289489508,17.5486779898559,18.5630079153925,12.0077966238088,30.3981531482183,16.0398275096858,0.918096720953277
"ENSG00000283010","ENSG00000283010",-1.75548289324366,"Downregulated",24.2081499012965,38.1886505920346,33.7783171592875,31.6943413934238,15.7078833479074,29.1496866581052,32.0583725508729,25.5173037998121,0.328075756229842
"ENSG00000285664","ENSG00000285664",-1.01279911360263,"Downregulated",14.3333817691338,17.2471542971475,20.4165565155703,13.0321996072505,8.49690692610555,19.3515491408686,17.3323641939505,13.6268852247416,0.344763942541581
"ENSG00000285895","ENSG00000285895",-4.5980635029415,"Downregulated",25.4849312612691,5.63912158002776,5.88978979649482,1.50069952518382,11.0112265226516,2.69180998951197,12.3379475459306,5.06791201244912,1.26709502567657
"ENSG00000285921","ENSG00000285921",-1.28308496507455,"Downregulated",12.8263446701752,12.4684347743445,15.0685357901785,6.31328134396497,5.52451634047979,5.70571642859369,13.4544384115661,5.84783803767948,1.18832807277349
"ENSG00000285922","ENSG00000285922",-2.40362117639694,"Downregulated",21.5401827831601,17.3057803209997,18.3939809078972,9.68964201788748,11.4435503444835,13.3740042429021,19.0799813373523,11.5023988684244,0.725178194172031
"ENSG00000285971","ENSG00000285971",-2.05423938990594,"Downregulated",57.4053407001865,44.2105019224927,45.4006746737651,38.0776292120969,39.7085975843507,43.4665802381933,49.0055057654814,40.4176023448803,0.277335985967108
"ENSG00000286062","ENSG00000286062",-3.87419996501233,"Downregulated",8.97891506751378,13.6239362698866,11.2288583199445,5.78279938354884,23.8811516834028,8.3656664116438,11.2772365524483,12.6765391595318,-0.167346919579927
"ENSG00000286655","ENSG00000286655",-1.07822903361025,"Downregulated",34.003943622907,13.9089018477601,13.3890537817193,11.546483303402,16.591616222901,12.2023092831595,20.4339664174621,13.4468029364875,0.60005991691382
"ENSG00000286805","ENSG00000286805",-2.70454008057732,"Downregulated",20.6626135487872,18.485569394267,23.3798792418092,5.32114970082996,5.29124815493334,11.4835226302966,20.8426873949545,7.36530682868665,1.48817312045279
"ENSG00000286854","ENSG00000286854",-5.52686475538246,"Downregulated",16.329135700276,8.0062008105606,12.7123240106034,3.54199637845159,7.92558124661446,6.98782043407361,12.3492201738133,6.15179935304655,0.993711991945952
"ENSG00000287299","ENSG00000287299",-1.32966745838784,"Downregulated",21.2108321719699,10.4590035086961,12.9604406367849,6.16105544640393,15.1680949950218,7.45161115612303,14.8767587724837,9.59358719918292,0.6276228817765
"ENSG00000287477","ENSG00000287477",-3.8756798297897,"Downregulated",13.0832766141128,20.9603641191822,16.3568508099484,25.2560598639671,20.5614028588489,19.1818192067899,16.8001638477478,21.6664273098686,-0.36506739283067
"ENSG00000287762","ENSG00000287762",-1.00025250993603,"Downregulated",37.5700363355714,34.584136385719,32.5742230415344,15.044278690152,19.8811089386374,15.6753140408942,34.9094652542749,16.8669005565612,1.04502198238352
"ENSG00000287811","ENSG00000287811",-1.3517264956015,"Downregulated",27.9115929420699,19.7413389379608,23.9006463332497,12.3668045872136,24.0208167699831,14.5771300292978,23.8511927377601,16.9882504621648,0.487092804210622
"ENSG00000288758","ENSG00000288758",-2.97383734613566,"Downregulated",15.3292838435458,12.3892386795746,15.6106659742781,31.4184595130078,27.7789067256201,28.486128278149,14.4430628324662,29.2278315055923,-1.01193926331019
"ENSG00000288902","ENSG00000288902",-1.83983622077043,"Downregulated",18.1345245420285,8.93411598073112,12.6690570993083,4.95416611929735,7.54215889245691,6.21442478122535,13.245899207356,6.23691659765987,1.07454358033126
"ENSG00000289435","ENSG00000289435",-4.4456967716563,"Downregulated",30.4328292110464,58.2962087230918,56.6932700003396,27.8610918155434,23.2609723340842,35.1477732136846,48.4741026448259,28.7566124544374,0.75128539538439
"ENSG00000289600","ENSG00000289600",-2.02713345221906,"Downregulated",28.4556745425628,17.2779483932596,31.9839055632136,6.23326803874551,6.00711188037345,7.44181798925303,25.905842833012,6.560732636124,1.96508301757046
"ENSG00000290862","NMRAL2P",-1.65195320299328,"Downregulated",31.2574527817543,20.6264588525336,21.6368594456066,8.60478294913362,9.25920121136465,10.4686072539475,24.5069236932982,9.44419713814859,1.36636855858325
"ENSG00000291033","TXLNGY",-1.14554368409888,"Downregulated",28.8813510647526,15.5815345051018,18.9477410133471,23.6964135818844,9.55663827170025,12.9061779124396,21.1368755277338,15.3864099220081,0.455568789848755
