"ENTREZID","SYMBOL","distanceToTSS","annotation","fold_change","p_value","FDR"
"1123","CHN1",8826,"3' UTR",2.57512575676089,1.48770011875181e-14,2.31001906674422e-12
"51430","SUCO",-11418,"5' UTR",1.93427557739357,2.20109955176377e-09,7.26271139600722e-08
"130502","TTC32",-8640,"3' UTR",1.87928178118891,3.92208790740214e-12,3.13727415542602e-10
"138255","CFAP95",76363,"3' UTR",1.81385760693986,3.54814957190187e-11,2.12862094393113e-09
"100847075","MIR5685",10356,"5' UTR",1.73729473250998,3.04223575924975e-16,7.77144031532219e-14
"8895","CPNE3",-3828,"5' UTR",1.68623938945154,1.94487483972039e-08,4.51655831546796e-07
"100113407","TMEM170B",35701,"3' UTR",1.61248815011156,3.3105331097786e-07,5.15051310340603e-06
"83872","HMCN1",15540,"3' UTR",1.60178841710639,2.38067975887653e-08,5.35585312799523e-07
"51762","RAB8B",30710,"3' UTR",1.59943152906503,8.15522650140237e-09,2.16257786941661e-07
"10788","IQGAP2",6804,"3' UTR",1.5273466166416,1.88231165892348e-12,1.6027984975285e-10
"83464","APH1B",-23335,"3' UTR",1.52273194329661,1.41414364247047e-09,5.04441599311877e-08
"26577","PCOLCE2",20092,"Downstream (<=300bp)",1.48721566737018,2.94707158945031e-06,3.1580324650686e-05
"90459","ERI1",37928,"3' UTR",1.47922922653591,5.07930822247093e-07,7.28076674493804e-06
"2108","ETFA",8453,"5' UTR",1.4436539563967,0.000198711210279751,0.0011580210977984
"80003","PCNX2",18600,"3' UTR",1.39786310981118,5.44425620411516e-08,1.09702455166381e-06
"23303","KIF13B",-67122,"3' UTR",1.37294914820704,1.97046898154177e-05,0.000158417704211465
"26031","OSBPL3",-3608,"3' UTR",1.37093173540349,1.10712538889185e-11,7.55803961606426e-10
"127435","PODN",-11693,"3' UTR",1.33550463882916,3.19704499707509e-07,4.99356988793641e-06
"104384744","TET2-AS1",-101912,"Downstream (<=300bp)",1.32611861234898,2.14089700629826e-05,0.000170732763271661
"25827","FBXL2",3280,"3' UTR",1.31738128305913,1.54745744930271e-05,0.000128721801901557
"26053","AUTS2",-34152,"3' UTR",1.29440381103474,2.50825401152302e-10,1.07703187697508e-08
"1353","COX11",4081,"3' UTR",1.28663379922784,2.85448348812544e-09,9.17558897989585e-08
"944","TNFSF8",8368,"3' UTR",1.28606294316434,1.42323397533596e-08,3.4785771144091e-07
"130340","AP1S3",8473,"3' UTR",1.24285668030781,3.6992047083076e-06,3.8192962301288e-05
"54585","LZTFL1",4924,"3' UTR",1.22066253686344,4.98439512299266e-08,1.01208781997382e-06
"6101","RP1",73218,"3' UTR",1.15293173469742,3.82773636125764e-07,5.76577450620251e-06
"6913","TBX15",-16324,"5' UTR",1.15218216072007,5.9007038274193e-09,1.66290653413998e-07
"55852","TEX2",-9183,"5' UTR",1.1365481188472,7.13186808312967e-08,1.3641851050798e-06
"79905","TMC7",20300,"5' UTR",1.11833200466655,1.69084943738408e-06,1.98074507317226e-05
"3778","KCNMA1",40918,"3' UTR",1.09326470899972,5.6132017008239e-08,1.12534036123606e-06
"105375077","RUNX2-AS1",-45888,"3' UTR",1.03207587035643,6.9484311782941e-07,9.35792967702567e-06
"5644","PRSS1",-159737,"5' UTR",1.00884211462213,1.41999551863786e-06,1.73265708969079e-05
"27339","PRPF19",3143,"3' UTR",0.988887919001103,9.15973451504256e-07,1.18329425162515e-05
"158135","TTLL11",-7955,"3' UTR",0.98183598998533,0.000230723751047942,0.00131340494304523
"26227","PHGDH",9789,"5' UTR",0.977471705322532,3.96478872403498e-07,5.94643217909716e-06
"55824","PAG1",-36668,"5' UTR",0.97222400987987,2.4741888589835e-06,2.72504889767599e-05
"10873","ME3",29833,"3' UTR",0.943162434064003,1.21303203673599e-06,1.51993681944815e-05
"9162","DGKI",-22567,"3' UTR",0.94123953243143,3.30378682338042e-06,3.47612139256366e-05
"6506","SLC1A2",8758,"5' UTR",0.914006207357979,7.28561408553745e-06,6.73217945663606e-05
"114327","EFHC1",6345,"3' UTR",0.911992019235156,8.38497387763143e-06,7.5713350213185e-05
"55234","SMU1",-22468,"3' UTR",0.889824450752974,6.17209134977747e-05,0.000425385477797109
"646626","BCL10-AS1",10561,"3' UTR",0.888024757333602,5.34618402379334e-06,5.183105624997e-05
"84970","C1orf94",4772,"5' UTR",0.886171103108043,2.42695485166441e-05,0.000189911615319471
"100861514","ELMO1-AS1",32845,"3' UTR",0.883425474818526,0.000198186153281848,0.00115740128896678
"79788","ZNF665",8578,"5' UTR",0.837824260823722,0.00041017536600648,0.00212160595911516
"3720","JARID2",-90869,"5' UTR",0.82869490680558,4.75838326205116e-05,0.000341628622413265
"8412","BCAR3",-6853,"5' UTR",0.79245776926327,4.83988180788981e-05,0.000346224246040465
"619279","ZNF704",5488,"3' UTR",0.791440704919542,0.000279972286508075,0.00153964432462686
"6887","TAL2",-12782,"3' UTR",0.747215129908329,0.000732722225620303,0.00344766922441306
"9398","CD101",-7863,"3' UTR",0.741242990152707,0.00010614692757717,0.000676249010043126
"4644","MYO5A",3829,"3' UTR",0.718640388698692,0.00510476629784688,0.0172920999601376
"222255","ATXN7L1",-66065,"3' UTR",0.703244901942063,0.00021622461661122,0.001245296537414
"101929690","LINC01583",9540,"3' UTR",0.697033567434011,0.000279570708217954,0.00153920111995635
"7185","TRAF1",-4353,"3' UTR",0.695252850384775,0.000780113436183599,0.00362542153822648
"127495","LRRC39",-9294,"3' UTR",0.692035545514923,0.000840610339559666,0.00386573361148258
"2309","FOXO3",28126,"3' UTR",0.687827086602311,0.000737358767477157,0.00346145896759107
"5644","PRSS1",-167559,"5' UTR",0.68091196772199,0.00229036439285364,0.00890834755746952
"25891","PAMR1",30166,"5' UTR",0.67441203411664,0.000291759821782239,0.00159671460172326
"81839","VANGL1",17468,"3' UTR",0.672252387037229,0.000238691554348537,0.00134917802918348
"114042","LINC00334",-4212,"3' UTR",0.665908111287084,0.0010269842667947,0.00458696469754497
"23164","MPRIP",4074,"3' UTR",0.64320387857555,0.00102965610619696,0.0045963059216312
"5151","PDE8A",-23642,"3' UTR",0.635658674947636,0.00072250687962653,0.00340770219163936
"26065","LSM14A",6956,"3' UTR",0.634267065901907,0.00238892833676849,0.009205802189231
"861","RUNX1",3476,"3' UTR",0.631262400528279,0.000920094557240177,0.00417788348554183
"25884","CHRDL2",23426,"3' UTR",0.616991334954708,0.00153868962093918,0.00639962348120661
"10905","MAN1A2",24192,"3' UTR",0.614835460444088,0.00112031991633676,0.00493651156219166
"7534","YWHAZ",5622,"3' UTR",0.602932662412778,0.00121500726040009,0.00526060278573444
"124540","MSI2",14652,"3' UTR",0.601417025526487,0.00126565244494494,0.00542647629210555
"26099","SZRD1",14250,"3' UTR",0.588490345674019,0.00266486717653361,0.0101165307626892
"3991","LIPE",-4885,"3' UTR",0.565271792877416,0.00631881593972259,0.0206600757335521
"84418","CYSTM1",33846,"3' UTR",0.559899162662929,0.00265358362359727,0.0100978994306904
"6916","TBXAS1",-28208,"3' UTR",0.559830934875089,0.00400111921377024,0.0141576689248644
"340359","KLHL38",-27088,"3' UTR",0.549835876489618,0.0024489244204111,0.0094140934394347
"27147","DENND2A",-5844,"3' UTR",0.539287456580427,0.003617140615479,0.0130616217665199
"57521","RPTOR",10405,"3' UTR",0.536618474752988,0.00644117572851579,0.0209563149523897
"9231","DLG5",-10479,"3' UTR",0.519879205437191,0.00451589716478429,0.0156231496932839
"151516","ASPRV1",10983,"3' UTR",0.502769112415383,0.0163682662174799,0.044512465719857
"64061","TSPYL2",-8537,"5' UTR",0.484341797153368,0.0199264993565492,0.0521721349884647
"92014","SLC25A51",-27154,"3' UTR",0.454692614779438,0.0223036522461328,0.0573636317431393
"30820","KCNIP1",-17016,"3' UTR",0.451155756840144,0.0273792774656453,0.0673971085640177
"85463","ZC3H12C",35431,"3' UTR",0.45018965945979,0.0196593931162335,0.0516531964457375
"105371082","LOC105371082",7409,"3' UTR",0.447218128247014,0.0134634064940777,0.0381182395518775
"6482","ST3GAL1",7656,"5' UTR",0.442993091051488,0.016845548899178,0.0455445209056301
"81552","VOPP1",7583,"5' UTR",0.442456754384331,0.0223373588497281,0.0574316703672068
"100272147","CMC4",7430,"3' UTR",0.439386578246178,0.0990618850977007,0.187135273876119
"163782","KANK4",24516,"3' UTR",0.426985558082966,0.0181612845775801,0.0483913905012977
"105376744","LINC02766",8839,"3' UTR",0.420133713390587,0.0282600685004496,0.0691626092900147
"26254","OPTC",4842,"3' UTR",0.407965881146661,0.0270940891609906,0.0668197110139785
"207147","PRSS59P",-132247,"5' UTR",0.405073705386622,0.027050538085015,0.0667538831708427
"101928988","LOC101928988",7352,"3' UTR",0.403059395058354,0.0240953197251946,0.0608551439980218
"2585","GALK2",-21964,"3' UTR",0.40006209743908,0.107294580740319,0.198567902145321
"90874","ZNF697",7075,"5' UTR",0.398030270476244,0.0299199180938985,0.0721654517189109
"80820","EEPD1",7298,"3' UTR",0.39483263639388,0.0352202797315687,0.0820080550409565
"338382","RAB7B",11401,"3' UTR",0.377470602042129,0.0439664335456419,0.0986317810900675
"143162","FRMPD2",-4402,"3' UTR",0.350985902956938,0.047009308102252,0.103927054958608
"57507","ZNF608",6713,"3' UTR",0.350971275460367,0.0581058751189033,0.123130967371313
"10116","FEM1B",8478,"3' UTR",0.346832001604311,0.0715568201055325,0.145595698462413
"56256","SERTAD4",5905,"3' UTR",0.335165592822703,0.0731001090897845,0.148088964922487
"146861","SLC35G3",3096,"3' UTR",0.331410128443933,0.0685763888032337,0.140980379785256
"4858","NOVA2",5617,"5' UTR",0.330664908965773,0.0700400079242983,0.143208578040929
"54865","GPATCH4",-3563,"3' UTR",0.326663509877144,0.106835709445309,0.197994887066134
"5740","PTGIS",15712,"3' UTR",0.319264712558548,0.0832772180341921,0.164258337439229
"3141","HLCS",-8176,"5' UTR",0.319088060026492,0.195531193459648,0.315294547140491
"140690","CTCFL",6496,"3' UTR",0.304699667276879,0.0950109121353223,0.181299135710751
"9394","HS6ST1",24024,"3' UTR",0.288333857660798,0.248236966348057,0.376876636600894
"8844","KSR1",11180,"5' UTR",0.283006732523467,0.124250532220412,0.222711626223052
"5644","PRSS1",-115439,"5' UTR",0.281203846666446,0.10446969092424,0.194611969519891
"9806","SPOCK2",21686,"5' UTR",0.249699425455287,0.18058934516733,0.296818098588756
"653259","AGAP14P",-4412,"3' UTR",0.249437714243507,0.170452402781475,0.283812568886984
"343990","CRACDL",10126,"3' UTR",0.246912991075885,0.165935634284855,0.278104611196141
"9890","PLPPR4",6705,"3' UTR",0.232303567130204,0.333663601991791,0.467329689454014
"81603","TRIM8",-5340,"3' UTR",0.226886547273391,0.20338628449173,0.324198064993963
"401124","DTHD1",13133,"3' UTR",0.218604124904937,0.366673512371895,0.499946202560785
"207147","PRSS59P",-92516,"5' UTR",0.206736466718601,0.249024474770908,0.377710173474587
"94160","ABCC12",-4810,"3' UTR",0.186659736990322,0.466823970003529,0.596928632077821
"57482","CRACD",7957,"5' UTR",0.186142028756295,0.296263398363372,0.428872401288945
"207147","PRSS59P",-111633,"5' UTR",0.179225692978755,0.313486913385462,0.446493321420768
"6874","TAF4",3387,"3' UTR",0.176915315859221,0.424739590196121,0.556320346470904
"55809","TRERF1",43128,"5' UTR",0.172011651690844,0.335992533451202,0.469180897972151
"7039","TGFA",-49095,"3' UTR",0.160386188685993,0.355427073586656,0.48907506441924
"55852","TEX2",-16993,"3' UTR",0.153375404083926,0.393430194363843,0.525391856520619
"83648","FAM167A",16639,"3' UTR",0.150641164464253,0.422693959071918,0.554282739177102
"55824","PAG1",3149,"3' UTR",0.148472597888333,0.395431902205982,0.5275312051161
"4660","PPP1R12B",15755,"5' UTR",0.130183799276336,0.463175868193242,0.59331764804631
"258","AMBN",6515,"3' UTR",0.127606190641986,0.452165299377748,0.582416559169224
"92014","SLC25A51",-9166,"3' UTR",0.123713929830883,0.506905074461425,0.633151622186124
"152002","XXYLT1",-9428,"3' UTR",0.12311758416261,0.495495165461145,0.623256648815898
"4807","NHLH1",3110,"5' UTR",0.120092002481256,0.508993488643308,0.634862942161535
"23302","WSCD1",21161,"3' UTR",0.119325583044452,0.508418300453366,0.634498271990939
"64106","NPFFR1",-22176,"5' UTR",0.118589718246014,0.513147260114421,0.637974475084016
"113451","AZIN2",20561,"3' UTR",0.107630935445625,0.550063684901372,0.668411209655366
"729220","FLJ45513",-3939,"3' UTR",0.100949578236914,0.576239523492362,0.690563073023004
"8291","DYSF",66965,"3' UTR",0.100819490527112,0.59354950344815,0.704062090743844
"124904925","LOC124904925",3219,"3' UTR",0.0979348673098393,0.581796037949676,0.694594124004746
"85301","COL27A1",6437,"3' UTR",0.0966464711157266,0.598792498173618,0.708688954272438
"105378298","LOC105378298",-11969,"3' UTR",0.0860214882486774,0.632944233419457,0.735011673345735
"27147","DENND2A",7363,"3' UTR",0.0839514907593887,0.64340773474317,0.743448022915781
"256380","SCML4",9795,"5' UTR",0.0836491736282637,0.63575411275223,0.737336968202243
"149076","ZNF362",12294,"3' UTR",0.0787047451262495,0.663280367652998,0.75914398488858
"284756","LINC02910",-12178,"3' UTR",0.0748235213181831,0.671890774858396,0.766451029401273
"8787","RGS9",17886,"3' UTR",0.0721597786974489,0.678931123982972,0.771924705071236
"84969","TOX2",9609,"3' UTR",0.0694006384228709,0.699687431646132,0.78783232919177
"7053","TGM3",5918,"3' UTR",0.0683366346657096,0.698242975101088,0.786541411070486
"124904076","LOC124904076",-14698,"3' UTR",0.0658007029681778,0.724345814883303,0.806700978489579
"207147","PRSS59P",-195730,"5' UTR",0.0583970112514303,0.735666288176308,0.815701671250096
"147841","SPC24",5773,"3' UTR",0.05682491262055,0.755642620473651,0.831332857950937
"80853","KDM7A",5089,"3' UTR",0.0546352883353496,0.761037113737648,0.836106118713712
"83541","FAM110A",9208,"3' UTR",0.0498865370871009,0.781735327204565,0.852258449572305
"80207","OPA3",20050,"5' UTR",0.047959093158085,0.792531522468673,0.858910240376272
"4222","MEOX1",6520,"3' UTR",0.0471673547667776,0.795616207943158,0.861781527930771
"23608","MKRN1",-24659,"3' UTR",0.0452566284020214,0.802049548870373,0.866734494746791
"129685","TAF8",7210,"3' UTR",0.0407030986607399,0.826285668518782,0.884761262927048
"29099","COMMD9",3847,"3' UTR",0.0403898937700808,0.822807731343088,0.882192863050043
"107986473","LOC107986473",4042,"3' UTR",0.0357020098541921,0.842519155687845,0.896520988160715
"102465838","MIR7850",-47567,"5' UTR",0.0336626316492821,0.853890740206495,0.903763802685811
"207147","PRSS59P",-4687,"5' UTR",0.0325410841141171,0.850733363615823,0.901524874844946
"6928","HNF1B",27565,"3' UTR",0.0322740135440666,0.854287842790846,0.903958957857062
"51363","CHST15",4036,"3' UTR",0.0297593186778591,0.870343320515252,0.915305279569758
"207147","PRSS59P",-44009,"5' UTR",0.0283525836835648,0.874177479603515,0.917996480702856
"27091","CACNG5",11655,"3' UTR",0.0247873911464917,0.891895173563421,0.930310574216114
"51621","KLF13",62105,"3' UTR",0.024360968704546,0.893220543436902,0.930957289217798
"83637","ZMIZ2",-31112,"3' UTR",0.0183611640868513,0.92003154810546,0.948539230496959
"221178","SPATA13",35776,"5' UTR",0.0145106945268875,0.949428627012631,0.967955844725455
"5464","PPA1",-16136,"3' UTR",0.00864287366712235,0.961345646875844,0.976513106414804
"4862","NPAS2",-9175,"5' UTR",0.00796033571298486,0.964425123018278,0.97826086194207
"200008","CDCP2",7742,"5' UTR",0.00533043360042004,0.97648550462129,0.986450913521622
"729515","TMEM242",34331,"3' UTR",0.00482799394603868,0.979152313606525,0.988347015180763
"5774","PTPN3",4863,"3' UTR",0.00287622422431251,0.986549935699516,0.993026335140074
"221188","ADGRG5",4798,"5' UTR",0.00269940337854479,0.987974422597252,0.993746913825434
"400451","FAM174B",8798,"5' UTR",0.00123332097623182,0.994566897376948,0.99733762952109
"51617","NSG2",79585,"3' UTR",0.000388052036686562,0.998288523563066,0.998919234027788
"3638","INSIG1",8781,"Downstream (<=300bp)",-0.00646607535009778,0.971883066610292,0.983213903709717
"83394","PITPNM3",-5390,"3' UTR",-0.00958081969763911,0.958098436033435,0.974714994212329
"53347","UBASH3A",5206,"3' UTR",-0.0133642416306642,0.94299925810658,0.963562725799485
"474354","LRRC18",14595,"5' UTR",-0.0216991905124785,0.904696758497998,0.93847178812492
"55223","TRIM62",17736,"3' UTR",-0.0233796692184386,0.896202231306209,0.932837206849878
"400238","LINC00642",28835,"3' UTR",-0.0283254625492786,0.87675295228114,0.919725344961498
"23213","SULF1",22232,"Downstream (<=300bp)",-0.0286024581210027,0.888567888152542,0.928176317292241
"100616278","MIR4540",-6348,"3' UTR",-0.0290924497120465,0.874402260352115,0.918110779598038
"22806","IKZF3",-12795,"5' UTR",-0.0320019134326968,0.857627661873948,0.906144556955277
"84632","AFAP1L2",9928,"5' UTR",-0.0343326593850521,0.854934911234767,0.90431897183645
"140690","CTCFL",19074,"3' UTR",-0.0380920698634597,0.825313221901033,0.88391336275822
"101930094","RSPH1-DT",-13165,"3' UTR",-0.039292978954191,0.823284963615136,0.882457177432087
"57705","WDFY4",50958,"3' UTR",-0.0468915137234671,0.786955687557161,0.854625852021122
"91584","PLXNA4",187349,"3' UTR",-0.0470502695005629,0.783945523982473,0.853643812786416
"100287616","LOXL1-AS1",7609,"3' UTR",-0.0473973661231111,0.798227216308081,0.86378263541182
"2355","FOSL2",-21032,"3' UTR",-0.0542963400456878,0.777509574290504,0.84878664444534
"7441","VPREB1",-27684,"5' UTR",-0.054779432132882,0.752789574537386,0.82911552722692
"10128","LRPPRC",7999,"3' UTR",-0.0619615370464488,0.717072771113495,0.800803733528101
"253738","EBF3",-33863,"3' UTR",-0.0675109380507561,0.712772971983742,0.797689254542008
"786","CACNG1",4459,"3' UTR",-0.0761579405983147,0.687842605261515,0.778288570501871
"282966","C10orf53",-7712,"3' UTR",-0.0778638972548611,0.676179418521471,0.76990148314472
"390928","ACP7",4295,"3' UTR",-0.0792088372343302,0.658920686552801,0.755355083499078
"9638","FEZ1",15627,"3' UTR",-0.0813871989255789,0.666886118084802,0.762389370450923
"2048","EPHB2",34594,"3' UTR",-0.0832054109508641,0.642866630274603,0.743082885001398
"124739","USP43",6108,"3' UTR",-0.0836641832807011,0.635260133935161,0.737195926235718
"118461","C10orf71",23085,"5' UTR",-0.0975168951322719,0.60086699017819,0.710320931797465
"390598","SKOR1",-3675,"3' UTR",-0.100005346941813,0.597427586310401,0.707602311694895
"128866","CHMP4B",24455,"3' UTR",-0.104945626857383,0.557552925131125,0.675219699359746
"51409","HEMK1",13471,"3' UTR",-0.107435336683771,0.574496339840307,0.689204138038993
"10268","RAMP3",11382,"3' UTR",-0.110972541928454,0.541050698170733,0.661446436204413
"5697","PYY",-11635,"5' UTR",-0.112619011364278,0.512040738624028,0.63735470122032
"9781","RNF144A",5157,"3' UTR",-0.112997089345929,0.546332807360143,0.665499077293489
"7156","TOP3A",3584,"3' UTR",-0.113809148904914,0.525561259097067,0.647870425091792
"154064","RAET1L",6189,"3' UTR",-0.117130259110734,0.565041371810553,0.680852979578653
"57623","ZFAT",12767,"3' UTR",-0.117394637767508,0.523294225482391,0.646081535951832
"339669","CIMIP4",10505,"3' UTR",-0.119272256911004,0.51260476014416,0.63783622280577
"51460","SFMBT1",-17199,"3' UTR",-0.119731147872072,0.513122562415384,0.637974475084016
"6229","RPS24",16856,"3' UTR",-0.120692979904819,0.488510385807333,0.616594476443779
"23394","ADNP",27704,"3' UTR",-0.1214115764816,0.513183155232375,0.637974475084016
"105371811","LOC105371811",16342,"3' UTR",-0.123295970312978,0.50005301212973,0.627264343902317
"57580","PREX1",-8546,"3' UTR",-0.124678479877677,0.492867780887789,0.620610583057783
"283358","B4GALNT3",3169,"5' UTR",-0.128979952538391,0.481840160862174,0.611195296150497
"140809","SRXN1",4162,"3' UTR",-0.135947310246915,0.439767372615145,0.570011433531501
"176","ACAN",14338,"5' UTR",-0.136409484661738,0.446316521839695,0.576947524722256
"128611","ZNF831",38183,"3' UTR",-0.139472689813313,0.436925409484306,0.5670292228296
"4092","SMAD7",60045,"3' UTR",-0.139651161621596,0.444324291325428,0.574935304412756
"9356","SLC22A6",5647,"3' UTR",-0.141611812528125,0.422472532191592,0.55408413090845
"282966","C10orf53",13732,"3' UTR",-0.145660862363273,0.424721648177048,0.556320346470904
"6117","RPA1",8728,"Downstream (<=300bp)",-0.148946075070127,0.403767312116744,0.535493777366018
"117","ADCYAP1R1",3384,"3' UTR",-0.151368206407274,0.400431414564791,0.532407047001105
"105372502","LOC105372502",-9206,"3' UTR",-0.153924939879857,0.400770800567018,0.532768838289444
"64121","RRAGC",7670,"3' UTR",-0.158171424293887,0.376562096297906,0.509273872069887
"100533181","FXYD6-FXYD2",-3885,"5' UTR",-0.160969107123666,0.363582132536319,0.496910971544761
"6453","ITSN1",-6402,"3' UTR",-0.164477408934658,0.357921190408294,0.491738012984609
"55527","FEM1A",3228,"3' UTR",-0.16488239328814,0.352117635908202,0.48575325674204
"63948","DMRTB1",106751,"5' UTR",-0.169579054079945,0.359520560072066,0.493421718407398
"92291","CAPN13",6096,"3' UTR",-0.172716735710624,0.381452702098203,0.513998750875052
"346689","KLRG2",9853,"3' UTR",-0.173238635374092,0.314081861642399,0.44709945395401
"256158","HMCN2",-17012,"3' UTR",-0.175461666346957,0.328415506267852,0.461612068536586
"10538","BATF",22965,"3' UTR",-0.17596213179171,0.363853440303455,0.496956777123673
"5443","POMC",20060,"3' UTR",-0.176558584996907,0.387647364012807,0.52021343426833
"124872","B4GALNT2",18572,"3' UTR",-0.178463067887534,0.295915195430171,0.428557504135245
"84255","SLC37A3",26241,"3' UTR",-0.180212775911203,0.323285564123328,0.456144046696587
"2675","GFRA2",76510,"3' UTR",-0.180353120412653,0.330909108311097,0.464457502430977
"9690","UBE3C",6146,"3' UTR",-0.180581095532181,0.332946667223033,0.466738300183962
"57705","WDFY4",3826,"5' UTR",-0.182489770432943,0.31171107576527,0.444523682511287
"285382","C3orf70",64431,"3' UTR",-0.184967609348997,0.291616194825241,0.423774842146447
"55289","ACOXL",43299,"3' UTR",-0.185029089924768,0.303177151163906,0.435966595012928
"162387","MFSD6L",-17671,"3' UTR",-0.186501518134295,0.312900186432527,0.445978505464216
"55776","SAYSD1",18624,"3' UTR",-0.18762817767112,0.296422262466035,0.428978051255213
"23302","WSCD1",33930,"3' UTR",-0.18873205873616,0.316590849459087,0.449616318427419
"151011","SEPTIN10",27440,"3' UTR",-0.19020784653122,0.309472893945192,0.442523965971934
"100506108","SIX3-AS1",-3995,"3' UTR",-0.195591697554647,0.289694884140159,0.421398564934959
"11078","TRIOBP",16344,"3' UTR",-0.195911325420058,0.286240141861288,0.417884359151563
"79844","ZDHHC11",20010,"3' UTR",-0.198710960097365,0.279609604478384,0.410726851764853
"83988","NCALD",22828,"3' UTR",-0.199059865157383,0.300147889311205,0.432709108948741
"54852","PAQR5",12338,"5' UTR",-0.200076272954535,0.249572352444442,0.378323786180616
"582","BBS1",5711,"3' UTR",-0.201128344669993,0.2988680544019,0.431492456300574
"100500858","MIR3622A",-22752,"3' UTR",-0.203394719274017,0.256812558954073,0.386414336757991
"8623","ASMTL",-8696,"5' UTR",-0.21178147270808,0.23730346203576,0.363623474431343
"374977","MROH7",9711,"5' UTR",-0.212627386632164,0.232519588283001,0.35816429091871
"2022","ENG",3699,"5' UTR",-0.214801489459637,0.269024335394072,0.399884395781475
"728661","SLC35E2B",3217,"3' UTR",-0.218114345900673,0.376974967126815,0.509337891970355
"6585","SLIT1",41380,"3' UTR",-0.219047513796292,0.372844776130827,0.505748164128129
"4648","MYO7B",-20261,"5' UTR",-0.222874383993405,0.227590957475436,0.352699176565162
"89885","FATE1",3787,"3' UTR",-0.228359342397279,0.240129168240533,0.367313672647631
"29881","NPC1L1",15703,"3' UTR",-0.229364595618546,0.207914082062484,0.329031098291929
"152273","FGD5",-33618,"3' UTR",-0.229850676110189,0.325095595046572,0.458328648241731
"389197","C4orf50",5888,"3' UTR",-0.244666857211635,0.182669890285264,0.299061993212529
"23040","MYT1L",-7634,"5' UTR",-0.249594132214977,0.167152975588248,0.279631890220558
"401409","RAB19",3279,"3' UTR",-0.255375441721493,0.139762181212793,0.243622432979113
"23030","KDM4B",-3507,"5' UTR",-0.2571306105731,0.181785716593419,0.297860767577755
"9501","RPH3AL",-10310,"3' UTR",-0.258581118480474,0.147992017961435,0.254660754071404
"494470","ARK2C",13408,"3' UTR",-0.259121857167978,0.260906704380741,0.391458922317372
"256369","CCDC197",9675,"3' UTR",-0.261540184295801,0.173471833100743,0.287690774099432
"727957","MROH1",10869,"3' UTR",-0.264335837163412,0.152545557018728,0.260965276740398
"94137","RP1L1",37894,"3' UTR",-0.267767343112041,0.141691212850999,0.24601024217651
"84458","LCOR",41083,"3' UTR",-0.268806094071431,0.157401589472632,0.267538782363979
"146802","SLC47A2",4194,"3' UTR",-0.269389307347287,0.151389870727387,0.259436569203675
"641977","SEPTIN7P2",4796,"3' UTR",-0.270281372734614,0.14421346674947,0.24940520707339
"201501","ZBTB7C",81007,"5' UTR",-0.275228717271648,0.138187300999298,0.241593790911531
"55351","STK32B",6379,"3' UTR",-0.278772321732485,0.125256468485455,0.224159542132502
"57156","TMEM63C",9349,"5' UTR",-0.28039810092123,0.125753176162665,0.224946781574914
"153478","PLEKHG4B",-4458,"3' UTR",-0.28625230377592,0.116326925334905,0.211009348435844
"10775","POP4",-21260,"3' UTR",-0.286547808354928,0.105121366433638,0.195544251532491
"80725","SRCIN1",8969,"3' UTR",-0.286872633398156,0.112841863271056,0.206515996127453
"100861555","SWINGN",-12468,"3' UTR",-0.293140294459691,0.114427658581943,0.208694755483741
"3275","PRMT2",4943,"3' UTR",-0.302077191250804,0.143505610177736,0.248398016830052
"4616","GADD45B",33454,"5' UTR",-0.304808295259059,0.100884363663469,0.189853440078663
"7405","UVRAG",20634,"3' UTR",-0.304902668829702,0.103697257090956,0.193579265585231
"23261","CAMTA1",-9932,"3' UTR",-0.309084446750366,0.0996874068350779,0.187913490770527
"80325","ABTB1",10313,"3' UTR",-0.309508029983592,0.0931233446549337,0.17881759610146
"9355","LHX2",16918,"3' UTR",-0.32040484872339,0.0861940256915757,0.168607551643198
"85301","COL27A1",-7822,"3' UTR",-0.321765201139075,0.0816350655244919,0.161697869907066
"10913","EDAR",41378,"5' UTR",-0.323206304227888,0.0913326900995212,0.176319739858144
"57585","CRAMP1",-8822,"3' UTR",-0.323727982331229,0.202463059563812,0.323181811869749
"54020","SLC37A1",11713,"3' UTR",-0.326852636956909,0.0783813218204051,0.156584684030219
"100423062","IGLL5",4592,"5' UTR",-0.338062524299804,0.0886932505020567,0.17227418462737
"3594","IL12RB1",3257,"3' UTR",-0.338730035226469,0.0610532479364783,0.128244209657552
"57126","CD177",4948,"3' UTR",-0.33929565158113,0.0902519225973918,0.174531129438033
"63876","PKNOX2",10480,"3' UTR",-0.343497116305548,0.058175608605727,0.123245758306247
"107986926","LOC107986926",-6577,"3' UTR",-0.345751752286977,0.0549559034456822,0.11771593167064
"9759","HDAC4",17993,"3' UTR",-0.347593225295282,0.15699830712847,0.267173186699278
"100847045","MIR548AU",77914,"3' UTR",-0.350135004982584,0.161484313356288,0.272832330005937
"345222","MSANTD1",11342,"3' UTR",-0.355796405882016,0.0614896026523446,0.128955551748919
"57134","MAN1C1",-4583,"5' UTR",-0.356563301307741,0.0550191043725362,0.117819439568987
"9228","DLGAP2",15153,"3' UTR",-0.360060728723077,0.0472408864660454,0.104351626199334
"105374374","LINC02517",-7314,"3' UTR",-0.363043968748829,0.0648956794069934,0.134566348579204
"29989","OBP2B",-7749,"3' UTR",-0.367675563993378,0.0442331911722675,0.0990618328317834
"2675","GFRA2",25662,"3' UTR",-0.373041244453221,0.0473538265673853,0.104538872229238
"27338","UBE2S",-6007,"3' UTR",-0.3771345147613,0.0350083530558019,0.0816645743353923
"8907","AP1M1",9304,"3' UTR",-0.393424480712014,0.0316799982994257,0.0755189363435136
"28","ABO",4789,"3' UTR",-0.395441412710041,0.0344442928600181,0.0806338143217714
"29914","UBIAD1",5728,"3' UTR",-0.396139643032731,0.0412939348197346,0.0937787983474272
"5076","PAX2",48520,"3' UTR",-0.396822168462346,0.0339576427645719,0.0797920430577868
"144233","BCDIN3D",-18371,"3' UTR",-0.400709093256307,0.0258366266917402,0.0644613253849687
"406945","MIR153-2",11569,"3' UTR",-0.403008821696572,0.105619336405256,0.196245782494891
"140732","SUN5",9424,"3' UTR",-0.407742485992354,0.0277632703406814,0.0681305664170609
"10141","LINC01587",34933,"3' UTR",-0.411137573263369,0.0268964131241045,0.0665602173530573
"128611","ZNF831",4913,"5' UTR",-0.411818934746248,0.0253365343789892,0.0634498182248638
"8857","FCGBP",8014,"3' UTR",-0.41222452483973,0.0202492895776763,0.0528872441179482
"152789","JAKMIP1",-14621,"5' UTR",-0.412312602751659,0.0350458573261012,0.0816980112350295
"140883","ZNF280B",77826,"5' UTR",-0.414718013133961,0.0415427815153085,0.0942088450228317
"29984","RHOD",7423,"3' UTR",-0.417863432199827,0.0269283086945715,0.0666062543140394
"107984345","SMIM38",-15728,"3' UTR",-0.418392127786527,0.030450190038594,0.0731377175964894
"754","PTTG1IP",4053,"3' UTR",-0.419852901449984,0.0288055277307326,0.0701232628649465
"7466","WFS1",15556,"3' UTR",-0.420005682466214,0.0286799321068524,0.0699508527557663
"105376955","LINC02022",4815,"3' UTR",-0.424232391205474,0.0233577760629903,0.0594656192685045
"286046","XKR6",70745,"5' UTR",-0.433835908791402,0.026208288333091,0.0652037182876994
"283383","ADGRD1",6633,"3' UTR",-0.435124187068266,0.0232036683296588,0.0591786954919704
"321","APBA2",26284,"3' UTR",-0.43867894532409,0.0275979982619654,0.0678933048265002
"22941","SHANK2",-30490,"5' UTR",-0.44224916716379,0.0152107105106917,0.0419406742806989
"8379","MAD1L1",-11493,"5' UTR",-0.442802694000194,0.0276442985123614,0.067943885760208
"54082","TSPEAR-AS1",-3958,"3' UTR",-0.4462402043506,0.0756794310930447,0.152024707525831
"23779","ARHGAP8",-5281,"3' UTR",-0.451136764300782,0.0178780339043976,0.0478136273181102
"116154","PHACTR3",10389,"5' UTR",-0.451603572270656,0.0212827078210745,0.0552655276666333
"83862","TMEM120A",-4985,"3' UTR",-0.455329605338788,0.0198367198674822,0.0520189107387031
"79364","ZXDC",-3885,"3' UTR",-0.457170952005503,0.0152751239606689,0.0421036222222544
"100128310","LOC100128310",-7834,"5' UTR",-0.458194308940057,0.0163366859806724,0.0444627325601034
"152789","JAKMIP1",8485,"5' UTR",-0.458948853633306,0.017691499061526,0.0473551955055444
"389197","C4orf50",-24593,"5' UTR",-0.460423377678901,0.012969861423538,0.0369853556402585
"51338","MS4A4A",6399,"3' UTR",-0.461932539083371,0.0494612316241986,0.108319550119477
"54039","PCBP3",11006,"3' UTR",-0.472219069525731,0.0172046206043107,0.046357057014473
"56953","NT5M",-6502,"3' UTR",-0.487279110532149,0.0104233730337168,0.0309032912968938
"26286","ARFGAP3",17876,"3' UTR",-0.489485439977707,0.0137050426219718,0.0386366082318956
"100423062","IGLL5",19012,"3' UTR",-0.490351997157827,0.0113057725758938,0.0330370527780454
"8379","MAD1L1",-7004,"3' UTR",-0.505088951071742,0.00749462631007303,0.0236265707601387
"168002","DACT2",3361,"5' UTR",-0.506875373318681,0.00797262687917925,0.0247395110721867
"55237","VRTN",6057,"5' UTR",-0.509823357227268,0.00403676792643928,0.0142646877329195
"100302168","MIR1257",10709,"3' UTR",-0.515821860974952,0.00970147267090703,0.0291781094116646
"375775","PNPLA7",12012,"3' UTR",-0.520363651095426,0.00472661563990028,0.0162668706007694
"4883","NPR3",51603,"3' UTR",-0.527247400495106,0.00506782946270142,0.0172093231196966
"23779","ARHGAP8",25085,"5' UTR",-0.530563758156719,0.00664268359377522,0.021462020146514
"23779","ARHGAP8",17026,"3' UTR",-0.53206332882457,0.00920649503072286,0.0279013525251796
"641","BLM",3109,"3' UTR",-0.535110687583419,0.0040443760486988,0.0142851980060864
"22941","SHANK2",14763,"5' UTR",-0.560246491238889,0.00360307542318367,0.0130227084784078
"91522","COL23A1",-35861,"5' UTR",-0.560716574481702,0.0048659039663798,0.0166518720798446
"124900270","LOC124900270",13190,"3' UTR",-0.570736808755084,0.0032689088741794,0.0119789400160234
"55251","PCMTD2",-20246,"5' UTR",-0.576060072621184,0.00334743607839836,0.0122158277902473
"4843","NOS2",30269,"3' UTR",-0.584658156653033,0.0011274070452745,0.00495445970673074
"54584","GNB1L",25891,"5' UTR",-0.592304112729521,0.00354593702310811,0.0128455056203079
"774","CACNA1B",19629,"3' UTR",-0.592337362694995,0.0031534360117233,0.0116528510391212
"401296","LNCRI",-8660,"5' UTR",-0.597372864487919,0.00324819734899037,0.0119361832049442
"2889","RAPGEF1",-90609,"3' UTR",-0.599039594863071,0.00212918601382414,0.00838439783365159
"102465871","MIR8071-1",-14403,"3' UTR",-0.605978783956375,0.00200013994479223,0.0079713680034271
"9254","CACNA2D2",8829,"5' UTR",-0.621479026552328,0.00139878260859385,0.00591086418220634
"6117","RPA1",32463,"3' UTR",-0.633951912554072,0.00172264257791439,0.00704628438765706
"55421","NCBP3",-8699,"3' UTR",-0.653396901759946,0.000542959815764931,0.00267894005049376
"84983","FAM222A-AS1",-6149,"3' UTR",-0.666066607365117,0.0004729290660093,0.00238695046126682
"146712","B3GNTL1",-3919,"5' UTR",-0.682667071801603,0.000843506744424786,0.00387455331154285
"23144","ZC3H3",21055,"3' UTR",-0.706034580404026,0.00039398268458966,0.00205530229200627
"285489","DOK7",5742,"5' UTR",-0.726504559430582,0.000246865233245953,0.00138374001778304
"79746","ECHDC3",7410,"3' UTR",-0.76995985602988,4.69486026193347e-05,0.000337987258311374
"100616417","MIR4786",28761,"3' UTR",-0.786998121539028,0.000143800740307616,0.000878671344518524
"57491","AHRR",21869,"5' UTR",-0.839195422033411,1.72213539293985e-05,0.000141438749384245
"90557","CCDC74A",3605,"3' UTR",-0.851925026014556,0.000164785243112861,0.000987838259054309
"112885","PHF21B",20869,"5' UTR",-0.864797960192805,3.24579204176806e-05,0.000245027904468649
"51305","KCNK9",-22322,"3' UTR",-0.87196124853454,1.46093742807718e-05,0.000122554698018466
"100616374","MIR4539",89680,"3' UTR",-0.873087812858883,0.000296308373505186,0.00161936922690654
"102466889","MIR8071-2",97549,"3' UTR",-0.943393118200928,0.000150284826031102,0.000913358048611128
"84435","ADGRA1",11062,"3' UTR",-0.97141514996473,3.27497336713629e-06,3.46718102865672e-05
"3768","KCNJ12",8789,"5' UTR",-0.9860489586469,4.84490197268107e-07,7.03829304478882e-06
"8784","TNFRSF18",3768,"3' UTR",-1.00878877376653,2.61264173641799e-06,2.84196564707336e-05
"152877","FAM53A",-9756,"3' UTR",-1.01714631056457,1.71463063024146e-06,2.00563662642277e-05
"102466889","MIR8071-2",65412,"3' UTR",-1.01740691260625,8.20811168629163e-06,7.43707510797979e-05
"129807","NEU4",-3725,"3' UTR",-1.07337343028812,1.4113005865232e-07,2.413842191075e-06
"727897","MUC5B",-10855,"3' UTR",-1.08978835674503,5.42168291313538e-07,7.69432024894606e-06
"84504","NKX6-2",-6633,"3' UTR",-1.35101331440682,2.01144932223642e-09,6.74943524694502e-08
